{"features":[{"geometry":{"coordinates":[[4.565978,52.171014],[4.562436,52.168374]],"type":"LineString"},"id":"0038aec7-b60e-5f57-a89c-303eb57d7997","properties":{"ASSET_KIND":"official_transmission_line","EVIDENCE":"official","GEOMETRY_CONFIDENCE":"official-top10nl-1:10000-rounded-6dp-no-simplification","HEIGHT_LEVEL":0,"LOCAL_ID":"131182986","MUTATION_TYPE":"werkelijke verandering","NAME":null,"NAMESPACE":"NL.TOP10NL","NUMBER":null,"OBJECT_BEGIN_DATE":"2020-06-01","ORIGINAL_ID":"0038aec7-b60e-5f57-a89c-303eb57d7997","REGION_KEY":"netherlands","REGISTRATION_DATE":"2020-06-01","SOURCE_ACCURACY_M":0.1,"SOURCE_DATE":"2026-06-01","SOURCE_FEATURE_DATE":"2019-01-01","SOURCE_ID":"nl-kadaster-top10nl-high-voltage-2026-06","SOURCE_LICENSE":"CC BY 4.0","SOURCE_METHOD":"luchtfoto","SOURCE_URL":"https://api.pdok.nl/kadaster/brt-top10nl/ogc/v1","TOP10NL_CODE":481,"TOP10NL_TYPE":"hoogspanningsleiding","VISUALISATION_CODE":15210,"VOLTAGE_KV":null},"type":"Feature"},{"geometry":{"coordinates":[[6.190757,52.529987],[6.192091,52.529996],[6.197832,52.531665],[6.204543,52.532907],[6.210834,52.534029],[6.217317,52.535222],[6.223837,52.536388],[6.230331,52.537553],[6.23682,52.538742],[6.243364,52.539933],[6.250061,52.541156],[6.256627,52.542362],[6.263324,52.543571],[6.26999,52.544793],[6.276655,52.545994],[6.283363,52.547169],[6.289882,52.548358],[6.296547,52.549975],[6.303091,52.551544],[6.309537,52.553103],[6.315945,52.554622],[6.322046,52.556064],[6.322463,52.556163],[6.32447,52.556642],[6.326432,52.55711],[6.326467,52.557118],[6.326489,52.557123],[6.326561,52.55714],[6.327023,52.557251],[6.32879,52.557672],[6.333439,52.558795],[6.33389,52.558904],[6.335162,52.559211],[6.336415,52.559508],[6.339185,52.560166],[6.341012,52.5606],[6.34102,52.560602],[6.341054,52.56061],[6.341114,52.560624],[6.341156,52.560634],[6.341221,52.56065],[6.341256,52.560658],[6.341567,52.560732],[6.344511,52.561442],[6.345741,52.561738],[6.347825,52.562241],[6.349802,52.562717],[6.349999,52.562765],[6.354111,52.563755],[6.36036,52.565256],[6.366723,52.566754]],"type":"LineString"},"id":"00fca509-e4a7-520d-9fc9-7ab8b6195c96","properties":{"ASSET_KIND":"official_transmission_line","EVIDENCE":"official","GEOMETRY_CONFIDENCE":"official-top10nl-1:10000-rounded-6dp-no-simplification","HEIGHT_LEVEL":0,"LOCAL_ID":"130655722","MUTATION_TYPE":null,"NAME":null,"NAMESPACE":"NL.TOP10NL","NUMBER":null,"OBJECT_BEGIN_DATE":"2018-11-01","ORIGINAL_ID":"00fca509-e4a7-520d-9fc9-7ab8b6195c96","REGION_KEY":"netherlands","REGISTRATION_DATE":"2019-02-01","SOURCE_ACCURACY_M":0.1,"SOURCE_DATE":"2026-06-01","SOURCE_FEATURE_DATE":"2018-01-01","SOURCE_ID":"nl-kadaster-top10nl-high-voltage-2026-06","SOURCE_LICENSE":"CC BY 4.0","SOURCE_METHOD":"luchtfoto","SOURCE_URL":"https://api.pdok.nl/kadaster/brt-top10nl/ogc/v1","TOP10NL_CODE":481,"TOP10NL_TYPE":"hoogspanningsleiding","VISUALISATION_CODE":15210,"VOLTAGE_KV":null},"type":"Feature"},{"geometry":{"coordinates":[[5.533412,51.447356],[5.534054,51.448144],[5.53349,51.449068],[5.53027,51.451474],[5.526529,51.454242],[5.525016,51.457428],[5.523563,51.460484],[5.522194,51.463365],[5.520653,51.466642],[5.519772,51.468496],[5.51832,51.471518],[5.516781,51.474735],[5.5154,51.477663],[5.513919,51.480766],[5.512683,51.483341],[5.511056,51.486743],[5.509426,51.490181],[5.507801,51.493602],[5.506176,51.497013],[5.501482,51.498363],[5.496502,51.499801],[5.490794,51.499393],[5.485837,51.499043],[5.481372,51.498721],[5.476463,51.500576],[5.472181,51.502192],[5.467326,51.504033],[5.464469,51.505111],[5.460242,51.506728],[5.455328,51.508592],[5.4504,51.510444],[5.447827,51.513356],[5.445063,51.516511],[5.442431,51.519524],[5.439648,51.52265],[5.434892,51.523261],[5.429818,51.523923],[5.424729,51.524588],[5.419654,51.525249],[5.414865,51.525869],[5.409508,51.526569],[5.404414,51.527241],[5.400068,51.527801],[5.395454,51.528405],[5.390159,51.527686],[5.386861,51.527225],[5.381252,51.526675],[5.3757,51.526115],[5.371306,51.525672],[5.36562,51.525097],[5.35994,51.524525],[5.35425,51.523959],[5.350281,51.523447],[5.346169,51.522919],[5.340542,51.5222],[5.334896,51.521482],[5.331068,51.522508],[5.326158,51.523814],[5.320871,51.525232],[5.315893,51.526558],[5.310935,51.527884],[5.306286,51.529129],[5.301641,51.530357],[5.297011,51.531566],[5.292275,51.532841],[5.286522,51.532711],[5.280774,51.53256],[5.275022,51.532418],[5.269269,51.532273],[5.263535,51.532133],[5.257859,51.53199],[5.252702,51.531839],[5.249304,51.531775],[5.243737,51.531608],[5.238132,51.531476],[5.232513,51.531338],[5.227266,51.5312],[5.221723,51.531077],[5.216252,51.530944],[5.210681,51.530802],[5.205295,51.530669],[5.199824,51.530532],[5.194215,51.53038],[5.188739,51.530243],[5.182997,51.530088],[5.177373,51.529953],[5.171764,51.529812],[5.168417,51.531084],[5.164726,51.532516],[5.15983,51.534414],[5.154966,51.536313],[5.150672,51.537972],[5.145752,51.539876],[5.140879,51.541745],[5.136957,51.543262],[5.135649,51.546125],[5.134442,51.548714],[5.133154,51.551417],[5.13241,51.553217],[5.131133,51.556312],[5.129842,51.559418],[5.12858,51.562445],[5.127381,51.56535],[5.126089,51.56851],[5.124754,51.571664],[5.123492,51.574717],[5.122446,51.577346],[5.12172,51.578988],[5.118573,51.581187],[5.115031,51.58369],[5.111979,51.585842],[5.108734,51.588138],[5.104995,51.590757],[5.101549,51.593168],[5.098106,51.595606],[5.094505,51.596686],[5.08967,51.598163],[5.085499,51.599439],[5.08052,51.60091],[5.075334,51.602501],[5.070278,51.604019],[5.065139,51.605586],[5.060221,51.607062],[5.055417,51.60852],[5.050435,51.610016],[5.045276,51.611571],[5.040945,51.612866],[5.035563,51.61417],[5.031052,51.615238],[5.02567,51.616539],[5.021144,51.617598],[5.015756,51.618901],[5.011272,51.619978],[5.006267,51.621165],[5.001323,51.622353],[4.999894,51.625836],[4.998646,51.628909],[4.997201,51.632365],[4.996036,51.635165],[4.994572,51.638656],[4.993424,51.641431],[4.991978,51.644915],[4.990835,51.647708],[4.989377,51.651185],[4.984862,51.653257],[4.98097,51.655034],[4.976448,51.657123],[4.972561,51.658886],[4.968103,51.660907],[4.96418,51.662705],[4.959628,51.664793],[4.953971,51.665529],[4.949404,51.666129],[4.943832,51.666864],[4.938473,51.667554],[4.933188,51.668243],[4.928926,51.66879],[4.923285,51.669532],[4.918752,51.670095],[4.913237,51.670815],[4.908566,51.671413],[4.90301,51.672136],[4.897811,51.672817],[4.892277,51.673546],[4.886738,51.674265],[4.885667,51.674404],[4.884835,51.674511],[4.881297,51.674969],[4.880604,51.67506],[4.880508,51.675073],[4.880439,51.675082],[4.880423,51.675084],[4.880334,51.675096],[4.880229,51.67511],[4.880138,51.675122],[4.880039,51.675135],[4.879935,51.675148],[4.879846,51.67516],[4.879812,51.675164],[4.878711,51.675309],[4.878691,51.675312],[4.878557,51.675329],[4.878533,51.675332],[4.878507,51.675336],[4.878456,51.675342],[4.878431,51.675346],[4.8784,51.67535],[4.878371,51.675354],[4.878278,51.675366],[4.878212,51.675374],[4.87751,51.675467],[4.875688,51.675702],[4.872085,51.676167],[4.866425,51.676905],[4.864102,51.678821],[4.860795,51.681436],[4.859537,51.682522],[4.856477,51.685044],[4.853035,51.687865],[4.849917,51.690398],[4.846159,51.693138],[4.84474,51.694162],[4.84299,51.697476],[4.841682,51.699806],[4.840317,51.702279],[4.839412,51.702585],[4.835159,51.701653],[4.833379,51.701382]],"type":"LineString"},"id":"0104c150-04c0-5608-a285-104e3e83d8b4","properties":{"ASSET_KIND":"official_transmission_line","EVIDENCE":"official","GEOMETRY_CONFIDENCE":"official-top10nl-1:10000-rounded-6dp-no-simplification","HEIGHT_LEVEL":0,"LOCAL_ID":"132357038","MUTATION_TYPE":"kwaliteitsverbetering","NAME":null,"NAMESPACE":"NL.TOP10NL","NUMBER":null,"OBJECT_BEGIN_DATE":"2025-02-01","ORIGINAL_ID":"0104c150-04c0-5608-a285-104e3e83d8b4","REGION_KEY":"netherlands","REGISTRATION_DATE":"2025-02-01","SOURCE_ACCURACY_M":0.1,"SOURCE_DATE":"2026-06-01","SOURCE_FEATURE_DATE":"2023-01-01","SOURCE_ID":"nl-kadaster-top10nl-high-voltage-2026-06","SOURCE_LICENSE":"CC BY 4.0","SOURCE_METHOD":"luchtfoto","SOURCE_URL":"https://api.pdok.nl/kadaster/brt-top10nl/ogc/v1","TOP10NL_CODE":481,"TOP10NL_TYPE":"hoogspanningsleiding","VISUALISATION_CODE":15210,"VOLTAGE_KV":null},"type":"Feature"},{"geometry":{"coordinates":[[5.99167,51.54134],[5.992195,51.541257],[5.992327,51.541236],[5.99248,51.541211],[5.992591,51.541188],[5.992754,51.541154],[5.994161,51.540856],[5.994195,51.540849],[5.994314,51.540824],[5.994348,51.540817],[5.995085,51.540661],[5.997144,51.540245],[5.997546,51.540164],[5.998212,51.538128],[5.998645,51.536359],[5.998973,51.534182],[6.000928,51.532353],[6.002627,51.530739],[6.00471,51.528785],[6.006605,51.527023],[6.00898,51.524759],[6.011429,51.522391],[6.01376,51.52026],[6.016074,51.518096],[6.018396,51.515918],[6.020537,51.513874],[6.022903,51.511634],[6.025157,51.509503],[6.027583,51.507253],[6.029798,51.505118],[6.032051,51.503025],[6.034296,51.500895],[6.036782,51.498563],[6.039357,51.496137],[6.041324,51.494288],[6.043264,51.4927],[6.045527,51.490887],[6.048234,51.488678],[6.050805,51.486607],[6.053429,51.484455],[6.055879,51.48247],[6.058254,51.480538],[6.061065,51.478232],[6.063259,51.476467],[6.065671,51.474511],[6.068384,51.472291],[6.070615,51.470493],[6.072439,51.468373],[6.074284,51.466201],[6.076197,51.463963],[6.077982,51.461848],[6.079871,51.4596],[6.081888,51.457247],[6.083665,51.455151],[6.084979,51.453595]],"type":"LineString"},"id":"01c9eb21-ff2f-58db-8842-d6ee2b35b751","properties":{"ASSET_KIND":"official_transmission_line","EVIDENCE":"official","GEOMETRY_CONFIDENCE":"official-top10nl-1:10000-rounded-6dp-no-simplification","HEIGHT_LEVEL":0,"LOCAL_ID":"127430605","MUTATION_TYPE":null,"NAME":null,"NAMESPACE":"NL.TOP10NL","NUMBER":null,"OBJECT_BEGIN_DATE":"2014-05-29","ORIGINAL_ID":"01c9eb21-ff2f-58db-8842-d6ee2b35b751","REGION_KEY":"netherlands","REGISTRATION_DATE":"2019-02-01","SOURCE_ACCURACY_M":0.1,"SOURCE_DATE":"2026-06-01","SOURCE_FEATURE_DATE":"2018-01-01","SOURCE_ID":"nl-kadaster-top10nl-high-voltage-2026-06","SOURCE_LICENSE":"CC BY 4.0","SOURCE_METHOD":"luchtfoto","SOURCE_URL":"https://api.pdok.nl/kadaster/brt-top10nl/ogc/v1","TOP10NL_CODE":481,"TOP10NL_TYPE":"hoogspanningsleiding","VISUALISATION_CODE":15210,"VOLTAGE_KV":null},"type":"Feature"},{"geometry":{"coordinates":[[5.665252,52.05392],[5.664321,52.054181],[5.662521,52.055536],[5.660526,52.057036],[5.658246,52.057534],[5.655699,52.057339],[5.652998,52.057138],[5.650297,52.056933],[5.64771,52.056735],[5.644946,52.056523],[5.642571,52.056334],[5.640178,52.056153],[5.637289,52.055934],[5.634599,52.056675],[5.63192,52.057416],[5.62923,52.058157],[5.626545,52.058908],[5.623855,52.059649],[5.622568,52.061263],[5.621286,52.062874],[5.619999,52.064491],[5.618705,52.066099],[5.617435,52.067713],[5.616164,52.069316],[5.614871,52.070937],[5.613571,52.072565],[5.612289,52.074207],[5.610972,52.075818],[5.609679,52.077453],[5.60839,52.079067],[5.607113,52.080681],[5.605825,52.082294]],"type":"LineString"},"id":"0220fb65-475c-5968-b17e-8315e1ec03ae","properties":{"ASSET_KIND":"official_transmission_line","EVIDENCE":"official","GEOMETRY_CONFIDENCE":"official-top10nl-1:10000-rounded-6dp-no-simplification","HEIGHT_LEVEL":0,"LOCAL_ID":"132501262","MUTATION_TYPE":"kwaliteitsverbetering","NAME":null,"NAMESPACE":"NL.TOP10NL","NUMBER":null,"OBJECT_BEGIN_DATE":"2025-09-01","ORIGINAL_ID":"0220fb65-475c-5968-b17e-8315e1ec03ae","REGION_KEY":"netherlands","REGISTRATION_DATE":"2025-09-01","SOURCE_ACCURACY_M":0.1,"SOURCE_DATE":"2026-06-01","SOURCE_FEATURE_DATE":"2024-01-01","SOURCE_ID":"nl-kadaster-top10nl-high-voltage-2026-06","SOURCE_LICENSE":"CC BY 4.0","SOURCE_METHOD":"luchtfoto","SOURCE_URL":"https://api.pdok.nl/kadaster/brt-top10nl/ogc/v1","TOP10NL_CODE":481,"TOP10NL_TYPE":"hoogspanningsleiding","VISUALISATION_CODE":15210,"VOLTAGE_KV":null},"type":"Feature"},{"geometry":{"coordinates":[[5.534819,52.574217],[5.536077,52.57345],[5.539729,52.571365],[5.541135,52.568053],[5.542469,52.564977],[5.543844,52.561864],[5.545147,52.558726],[5.545725,52.557409],[5.545808,52.557222],[5.546522,52.555594],[5.547896,52.552474],[5.548962,52.549937],[5.549217,52.54933],[5.549256,52.548622],[5.54926,52.548549],[5.549261,52.548523],[5.549263,52.548499],[5.549269,52.548394],[5.549273,52.548312],[5.549386,52.546272],[5.549579,52.542706],[5.549755,52.539103],[5.549947,52.53551],[5.550157,52.531918],[5.550533,52.528875],[5.550949,52.525287],[5.55139,52.521705],[5.551789,52.518206],[5.552222,52.514624],[5.552672,52.511042],[5.552987,52.50813],[5.553429,52.504605],[5.554901,52.501278],[5.556399,52.497982],[5.557879,52.49468],[5.559333,52.491379],[5.560822,52.488061],[5.562358,52.484735],[5.565215,52.48163],[5.568161,52.478519],[5.571079,52.475391],[5.574036,52.472276],[5.576925,52.469165],[5.579853,52.466036],[5.582775,52.462932],[5.585691,52.4598],[5.588612,52.456691],[5.591561,52.453576],[5.59447,52.450428],[5.59771,52.447878],[5.601082,52.445221],[5.604414,52.442544],[5.607796,52.439843],[5.611172,52.437219],[5.614497,52.434515],[5.618025,52.431747]],"type":"LineString"},"id":"0279205a-a3d1-535a-9177-fc1b6df15d29","properties":{"ASSET_KIND":"official_transmission_line","EVIDENCE":"official","GEOMETRY_CONFIDENCE":"official-top10nl-1:10000-rounded-6dp-no-simplification","HEIGHT_LEVEL":0,"LOCAL_ID":"122083074","MUTATION_TYPE":null,"NAME":null,"NAMESPACE":"NL.TOP10NL","NUMBER":null,"OBJECT_BEGIN_DATE":"2011-08-25","ORIGINAL_ID":"0279205a-a3d1-535a-9177-fc1b6df15d29","REGION_KEY":"netherlands","REGISTRATION_DATE":"2019-02-01","SOURCE_ACCURACY_M":0.1,"SOURCE_DATE":"2026-06-01","SOURCE_FEATURE_DATE":"2018-01-01","SOURCE_ID":"nl-kadaster-top10nl-high-voltage-2026-06","SOURCE_LICENSE":"CC BY 4.0","SOURCE_METHOD":"luchtfoto","SOURCE_URL":"https://api.pdok.nl/kadaster/brt-top10nl/ogc/v1","TOP10NL_CODE":481,"TOP10NL_TYPE":"hoogspanningsleiding","VISUALISATION_CODE":15210,"VOLTAGE_KV":null},"type":"Feature"},{"geometry":{"coordinates":[[4.416004,51.867413],[4.415811,51.867332],[4.412028,51.865258],[4.409649,51.863924],[4.40583,51.861853],[4.402257,51.859922],[4.399865,51.85861],[4.396911,51.856978],[4.394112,51.85546],[4.39239,51.854085],[4.389636,51.851891],[4.386966,51.849814],[4.384028,51.847468],[4.380398,51.843576],[4.376522,51.839329],[4.373082,51.835671],[4.370916,51.833313],[4.368402,51.830579],[4.364008,51.830278],[4.35962,51.829988],[4.355328,51.829707],[4.35108,51.829399],[4.346239,51.82907],[4.341706,51.82873],[4.337584,51.82849],[4.332755,51.828135],[4.328404,51.827848],[4.323431,51.827473],[4.318467,51.827183],[4.313935,51.826875],[4.309275,51.826551],[4.305538,51.827955],[4.301592,51.829455],[4.300139,51.831905],[4.298609,51.834516],[4.29706,51.837161],[4.295529,51.839772],[4.293911,51.842483],[4.292279,51.845266],[4.29064,51.848086],[4.289078,51.850716],[4.28744,51.853472],[4.285762,51.85636],[4.284054,51.859247],[4.283501,51.861258],[4.282922,51.863379],[4.282832,51.863512]],"type":"LineString"},"id":"02bacb77-e4b1-573e-b567-d8c94a3277d1","properties":{"ASSET_KIND":"official_transmission_line","EVIDENCE":"official","GEOMETRY_CONFIDENCE":"official-top10nl-1:10000-rounded-6dp-no-simplification","HEIGHT_LEVEL":0,"LOCAL_ID":"122083162","MUTATION_TYPE":null,"NAME":null,"NAMESPACE":"NL.TOP10NL","NUMBER":null,"OBJECT_BEGIN_DATE":"2011-08-25","ORIGINAL_ID":"02bacb77-e4b1-573e-b567-d8c94a3277d1","REGION_KEY":"netherlands","REGISTRATION_DATE":"2019-02-01","SOURCE_ACCURACY_M":0.1,"SOURCE_DATE":"2026-06-01","SOURCE_FEATURE_DATE":"2018-01-01","SOURCE_ID":"nl-kadaster-top10nl-high-voltage-2026-06","SOURCE_LICENSE":"CC BY 4.0","SOURCE_METHOD":"luchtfoto","SOURCE_URL":"https://api.pdok.nl/kadaster/brt-top10nl/ogc/v1","TOP10NL_CODE":481,"TOP10NL_TYPE":"hoogspanningsleiding","VISUALISATION_CODE":15210,"VOLTAGE_KV":null},"type":"Feature"},{"geometry":{"coordinates":[[6.084853,51.452027],[6.086346,51.452048]],"type":"LineString"},"id":"031cc1f5-3276-5b85-b7c1-60b476b2fac4","properties":{"ASSET_KIND":"official_transmission_line","EVIDENCE":"official","GEOMETRY_CONFIDENCE":"official-top10nl-1:10000-rounded-6dp-no-simplification","HEIGHT_LEVEL":0,"LOCAL_ID":"122083284","MUTATION_TYPE":null,"NAME":null,"NAMESPACE":"NL.TOP10NL","NUMBER":null,"OBJECT_BEGIN_DATE":"2011-08-25","ORIGINAL_ID":"031cc1f5-3276-5b85-b7c1-60b476b2fac4","REGION_KEY":"netherlands","REGISTRATION_DATE":"2019-02-01","SOURCE_ACCURACY_M":0.1,"SOURCE_DATE":"2026-06-01","SOURCE_FEATURE_DATE":"2018-01-01","SOURCE_ID":"nl-kadaster-top10nl-high-voltage-2026-06","SOURCE_LICENSE":"CC BY 4.0","SOURCE_METHOD":"luchtfoto","SOURCE_URL":"https://api.pdok.nl/kadaster/brt-top10nl/ogc/v1","TOP10NL_CODE":481,"TOP10NL_TYPE":"hoogspanningsleiding","VISUALISATION_CODE":15210,"VOLTAGE_KV":null},"type":"Feature"},{"geometry":{"coordinates":[[4.265711,51.838975],[4.26638,51.838774],[4.268522,51.83808],[4.273568,51.836406],[4.27864,51.834741],[4.283706,51.833057],[4.288624,51.831426],[4.293219,51.829899],[4.297771,51.828392],[4.302672,51.826786],[4.307778,51.825101],[4.312747,51.82345],[4.317922,51.82174],[4.323696,51.821487],[4.329964,51.821208],[4.336011,51.820951],[4.340155,51.818417],[4.344671,51.815647],[4.348947,51.813026],[4.353519,51.812553],[4.35838,51.812043],[4.363236,51.811537],[4.368496,51.810981],[4.373478,51.810465],[4.378491,51.809943],[4.384267,51.809313],[4.389037,51.808844],[4.393848,51.808212],[4.398769,51.807571],[4.403658,51.806949],[4.408852,51.806278],[4.414939,51.805483],[4.419313,51.804909],[4.424432,51.804245],[4.430335,51.803478],[4.435239,51.802836],[4.440495,51.80217],[4.445258,51.801519],[4.450387,51.800858],[4.455033,51.800245],[4.459527,51.802452],[4.463201,51.804261],[4.467727,51.806468],[4.47178,51.808456],[4.475907,51.810464],[4.481385,51.810763],[4.486203,51.811008],[4.491865,51.811298],[4.496887,51.811557],[4.502192,51.811844],[4.507514,51.812118],[4.51276,51.810861],[4.517868,51.809659],[4.522773,51.808456],[4.527158,51.807437],[4.531733,51.806353],[4.536793,51.805136],[4.542001,51.803899],[4.546516,51.801576],[4.550815,51.799383],[4.555139,51.797194],[4.560024,51.794726],[4.563908,51.792768],[4.568296,51.790529],[4.568534,51.787352],[4.568752,51.784348],[4.569002,51.780983],[4.569251,51.777629],[4.569509,51.774234],[4.569731,51.770996],[4.569983,51.767458],[4.570281,51.764022],[4.572486,51.761817],[4.577733,51.761429],[4.582619,51.761068],[4.587847,51.76068],[4.592704,51.760336],[4.597695,51.759933],[4.602771,51.759555],[4.603982,51.759779],[4.607408,51.760411],[4.608233,51.760553],[4.608557,51.760609],[4.610458,51.760938],[4.611426,51.761104],[4.611515,51.76112],[4.611567,51.761129],[4.61167,51.761146],[4.611706,51.761153],[4.611783,51.761166],[4.611895,51.761185],[4.612093,51.76122],[4.614483,51.761646],[4.616579,51.762021],[4.622693,51.763133],[4.624155,51.76339],[4.628026,51.764071],[4.628122,51.764089],[4.628333,51.764126],[4.628422,51.764141],[4.628584,51.76417],[4.628721,51.764194],[4.629262,51.764289],[4.62971,51.76437],[4.631617,51.764714],[4.635595,51.765432],[4.64083,51.76636],[4.64633,51.767344],[4.652692,51.768468],[4.658057,51.768454],[4.663222,51.768445],[4.668074,51.768422],[4.672973,51.768428],[4.677731,51.768404],[4.682811,51.768393],[4.688089,51.768413],[4.692721,51.769171],[4.697815,51.770061],[4.703176,51.77097],[4.708232,51.771883],[4.713423,51.772773],[4.718537,51.773657],[4.723718,51.774552],[4.728777,51.775405],[4.734346,51.776397],[4.73696,51.779516],[4.73906,51.782108],[4.741226,51.784723],[4.743392,51.787327],[4.745297,51.789612],[4.748155,51.793085],[4.748417,51.794707],[4.744722,51.797349],[4.741074,51.799968],[4.738069,51.802119],[4.738986,51.803792],[4.739726,51.805156],[4.741875,51.809027],[4.743718,51.812401],[4.746343,51.812975],[4.746965,51.81334]],"type":"LineString"},"id":"0531f21c-3ba2-54e7-87df-146fc4fdb794","properties":{"ASSET_KIND":"official_transmission_line","EVIDENCE":"official","GEOMETRY_CONFIDENCE":"official-top10nl-1:10000-rounded-6dp-no-simplification","HEIGHT_LEVEL":0,"LOCAL_ID":"126687002","MUTATION_TYPE":null,"NAME":null,"NAMESPACE":"NL.TOP10NL","NUMBER":null,"OBJECT_BEGIN_DATE":"2013-10-26","ORIGINAL_ID":"0531f21c-3ba2-54e7-87df-146fc4fdb794","REGION_KEY":"netherlands","REGISTRATION_DATE":"2019-02-01","SOURCE_ACCURACY_M":0.1,"SOURCE_DATE":"2026-06-01","SOURCE_FEATURE_DATE":"2018-01-01","SOURCE_ID":"nl-kadaster-top10nl-high-voltage-2026-06","SOURCE_LICENSE":"CC BY 4.0","SOURCE_METHOD":"luchtfoto","SOURCE_URL":"https://api.pdok.nl/kadaster/brt-top10nl/ogc/v1","TOP10NL_CODE":481,"TOP10NL_TYPE":"hoogspanningsleiding","VISUALISATION_CODE":15210,"VOLTAGE_KV":null},"type":"Feature"},{"geometry":{"coordinates":[[5.967392,50.901262],[5.97001,50.902394]],"type":"LineString"},"id":"05e65b22-1241-50e3-b848-99943cd42ee3","properties":{"ASSET_KIND":"official_transmission_line","EVIDENCE":"official","GEOMETRY_CONFIDENCE":"official-top10nl-1:10000-rounded-6dp-no-simplification","HEIGHT_LEVEL":0,"LOCAL_ID":"122083032","MUTATION_TYPE":null,"NAME":null,"NAMESPACE":"NL.TOP10NL","NUMBER":null,"OBJECT_BEGIN_DATE":"2011-08-25","ORIGINAL_ID":"05e65b22-1241-50e3-b848-99943cd42ee3","REGION_KEY":"netherlands","REGISTRATION_DATE":"2019-02-01","SOURCE_ACCURACY_M":0.1,"SOURCE_DATE":"2026-06-01","SOURCE_FEATURE_DATE":"2018-01-01","SOURCE_ID":"nl-kadaster-top10nl-high-voltage-2026-06","SOURCE_LICENSE":"CC BY 4.0","SOURCE_METHOD":"luchtfoto","SOURCE_URL":"https://api.pdok.nl/kadaster/brt-top10nl/ogc/v1","TOP10NL_CODE":481,"TOP10NL_TYPE":"hoogspanningsleiding","VISUALISATION_CODE":15210,"VOLTAGE_KV":null},"type":"Feature"},{"geometry":{"coordinates":[[5.861619,52.608472],[5.861692,52.605962],[5.861764,52.603442],[5.861847,52.600318],[5.861942,52.597186],[5.862029,52.59408],[5.862128,52.590973],[5.862227,52.587801],[5.862617,52.584668],[5.862731,52.581012],[5.863039,52.578747]],"type":"LineString"},"id":"05e80c73-de11-55da-bf5e-60a3ebe377bd","properties":{"ASSET_KIND":"official_transmission_line","EVIDENCE":"official","GEOMETRY_CONFIDENCE":"official-top10nl-1:10000-rounded-6dp-no-simplification","HEIGHT_LEVEL":0,"LOCAL_ID":"122083261","MUTATION_TYPE":null,"NAME":null,"NAMESPACE":"NL.TOP10NL","NUMBER":null,"OBJECT_BEGIN_DATE":"2011-08-25","ORIGINAL_ID":"05e80c73-de11-55da-bf5e-60a3ebe377bd","REGION_KEY":"netherlands","REGISTRATION_DATE":"2019-02-01","SOURCE_ACCURACY_M":0.1,"SOURCE_DATE":"2026-06-01","SOURCE_FEATURE_DATE":"2018-01-01","SOURCE_ID":"nl-kadaster-top10nl-high-voltage-2026-06","SOURCE_LICENSE":"CC BY 4.0","SOURCE_METHOD":"luchtfoto","SOURCE_URL":"https://api.pdok.nl/kadaster/brt-top10nl/ogc/v1","TOP10NL_CODE":481,"TOP10NL_TYPE":"hoogspanningsleiding","VISUALISATION_CODE":15210,"VOLTAGE_KV":null},"type":"Feature"},{"geometry":{"coordinates":[[5.795132,51.002886],[5.795291,51.002251]],"type":"LineString"},"id":"0803aeac-41f6-53c5-9518-56d204d7e6d5","properties":{"ASSET_KIND":"official_transmission_line","EVIDENCE":"official","GEOMETRY_CONFIDENCE":"official-top10nl-1:10000-rounded-6dp-no-simplification","HEIGHT_LEVEL":0,"LOCAL_ID":"122083253","MUTATION_TYPE":null,"NAME":null,"NAMESPACE":"NL.TOP10NL","NUMBER":null,"OBJECT_BEGIN_DATE":"2011-08-25","ORIGINAL_ID":"0803aeac-41f6-53c5-9518-56d204d7e6d5","REGION_KEY":"netherlands","REGISTRATION_DATE":"2019-02-01","SOURCE_ACCURACY_M":0.1,"SOURCE_DATE":"2026-06-01","SOURCE_FEATURE_DATE":"2018-01-01","SOURCE_ID":"nl-kadaster-top10nl-high-voltage-2026-06","SOURCE_LICENSE":"CC BY 4.0","SOURCE_METHOD":"luchtfoto","SOURCE_URL":"https://api.pdok.nl/kadaster/brt-top10nl/ogc/v1","TOP10NL_CODE":481,"TOP10NL_TYPE":"hoogspanningsleiding","VISUALISATION_CODE":15210,"VOLTAGE_KV":null},"type":"Feature"},{"geometry":{"coordinates":[[3.877067,51.503153],[3.876783,51.502971],[3.874342,51.501322],[3.871657,51.499505],[3.869128,51.497783],[3.86667,51.496134],[3.86443,51.494613],[3.862113,51.493056],[3.860904,51.492215]],"type":"LineString"},"id":"09e87086-f75a-5df5-85cf-eab706ed4281","properties":{"ASSET_KIND":"official_transmission_line","EVIDENCE":"official","GEOMETRY_CONFIDENCE":"official-top10nl-1:10000-rounded-6dp-no-simplification","HEIGHT_LEVEL":0,"LOCAL_ID":"122083222","MUTATION_TYPE":null,"NAME":null,"NAMESPACE":"NL.TOP10NL","NUMBER":null,"OBJECT_BEGIN_DATE":"2011-08-25","ORIGINAL_ID":"09e87086-f75a-5df5-85cf-eab706ed4281","REGION_KEY":"netherlands","REGISTRATION_DATE":"2019-02-01","SOURCE_ACCURACY_M":0.1,"SOURCE_DATE":"2026-06-01","SOURCE_FEATURE_DATE":"2018-01-01","SOURCE_ID":"nl-kadaster-top10nl-high-voltage-2026-06","SOURCE_LICENSE":"CC BY 4.0","SOURCE_METHOD":"luchtfoto","SOURCE_URL":"https://api.pdok.nl/kadaster/brt-top10nl/ogc/v1","TOP10NL_CODE":481,"TOP10NL_TYPE":"hoogspanningsleiding","VISUALISATION_CODE":15210,"VOLTAGE_KV":null},"type":"Feature"},{"geometry":{"coordinates":[[5.670535,51.929046],[5.670094,51.929161],[5.665412,51.928533],[5.660758,51.927911],[5.659427,51.927731],[5.657985,51.927536],[5.657847,51.927518],[5.656975,51.9274],[5.656634,51.927354],[5.656233,51.927299],[5.656161,51.92729],[5.655893,51.927254],[5.655061,51.927144],[5.654863,51.927118],[5.654714,51.927098],[5.654603,51.927083],[5.654482,51.927067],[5.65351,51.926938],[5.65347,51.926933],[5.651176,51.926629],[5.647299,51.926115],[5.643395,51.925576],[5.640196,51.925146],[5.635124,51.925421],[5.630241,51.925681],[5.625601,51.925948],[5.62055,51.926211],[5.615606,51.926486],[5.611245,51.926721],[5.606119,51.927008],[5.601087,51.927274],[5.596757,51.927511],[5.596652,51.927517],[5.595459,51.927583],[5.594523,51.927636],[5.594063,51.927662],[5.593154,51.927712],[5.593124,51.927714],[5.593094,51.927716],[5.592272,51.927762],[5.591619,51.927798],[5.590285,51.927554],[5.590257,51.927549],[5.590229,51.927544],[5.586495,51.926862],[5.58262,51.926154],[5.577745,51.925251],[5.573386,51.924455],[5.569201,51.92369],[5.56524,51.922947],[5.561043,51.922181],[5.559899,51.921907],[5.556942,51.921198],[5.556341,51.921054],[5.556194,51.921019],[5.556136,51.921005],[5.556066,51.920988],[5.555923,51.920954],[5.553576,51.920391],[5.552187,51.920058],[5.551753,51.91995],[5.55145,51.919876],[5.55142,51.919868],[5.551381,51.919859],[5.551322,51.919844],[5.55118,51.919809],[5.550904,51.919741],[5.550444,51.919627],[5.550039,51.919527],[5.549732,51.919451],[5.549532,51.919402],[5.549494,51.919393],[5.549267,51.919336],[5.548984,51.919267],[5.548653,51.919185],[5.548222,51.919078],[5.548187,51.91907],[5.548085,51.919045],[5.547747,51.918961],[5.54617,51.918593],[5.545011,51.918323],[5.542244,51.917659],[5.537662,51.916535],[5.534074,51.915664],[5.530481,51.914804],[5.526178,51.913741],[5.521833,51.912697],[5.518184,51.91181],[5.513857,51.910608],[5.509195,51.909357],[5.504825,51.908159],[5.500039,51.906815],[5.495756,51.905636],[5.493494,51.905142],[5.49117,51.904618],[5.486243,51.90352],[5.481819,51.902555],[5.477177,51.901545],[5.472809,51.900568],[5.468429,51.899603],[5.463801,51.898596],[5.459216,51.897458],[5.45498,51.896435],[5.452495,51.89581],[5.448851,51.896941],[5.445474,51.897992],[5.445296,51.898037]],"type":"LineString"},"id":"09ecc05e-162d-599f-8928-869f9c3f35d9","properties":{"ASSET_KIND":"official_transmission_line","EVIDENCE":"official","GEOMETRY_CONFIDENCE":"official-top10nl-1:10000-rounded-6dp-no-simplification","HEIGHT_LEVEL":0,"LOCAL_ID":"130690122","MUTATION_TYPE":null,"NAME":null,"NAMESPACE":"NL.TOP10NL","NUMBER":null,"OBJECT_BEGIN_DATE":"2018-11-01","ORIGINAL_ID":"09ecc05e-162d-599f-8928-869f9c3f35d9","REGION_KEY":"netherlands","REGISTRATION_DATE":"2019-02-01","SOURCE_ACCURACY_M":0.1,"SOURCE_DATE":"2026-06-01","SOURCE_FEATURE_DATE":"2018-01-01","SOURCE_ID":"nl-kadaster-top10nl-high-voltage-2026-06","SOURCE_LICENSE":"CC BY 4.0","SOURCE_METHOD":"luchtfoto","SOURCE_URL":"https://api.pdok.nl/kadaster/brt-top10nl/ogc/v1","TOP10NL_CODE":481,"TOP10NL_TYPE":"hoogspanningsleiding","VISUALISATION_CODE":15210,"VOLTAGE_KV":null},"type":"Feature"},{"geometry":{"coordinates":[[4.841846,51.696907],[4.84219,51.696344]],"type":"LineString"},"id":"0a5e8481-00f8-59a4-a871-e5e6cee360ef","properties":{"ASSET_KIND":"official_transmission_line","EVIDENCE":"official","GEOMETRY_CONFIDENCE":"official-top10nl-1:10000-rounded-6dp-no-simplification","HEIGHT_LEVEL":0,"LOCAL_ID":"122083242","MUTATION_TYPE":null,"NAME":null,"NAMESPACE":"NL.TOP10NL","NUMBER":null,"OBJECT_BEGIN_DATE":"2011-08-25","ORIGINAL_ID":"0a5e8481-00f8-59a4-a871-e5e6cee360ef","REGION_KEY":"netherlands","REGISTRATION_DATE":"2019-02-01","SOURCE_ACCURACY_M":0.1,"SOURCE_DATE":"2026-06-01","SOURCE_FEATURE_DATE":"2018-01-01","SOURCE_ID":"nl-kadaster-top10nl-high-voltage-2026-06","SOURCE_LICENSE":"CC BY 4.0","SOURCE_METHOD":"luchtfoto","SOURCE_URL":"https://api.pdok.nl/kadaster/brt-top10nl/ogc/v1","TOP10NL_CODE":481,"TOP10NL_TYPE":"hoogspanningsleiding","VISUALISATION_CODE":15210,"VOLTAGE_KV":null},"type":"Feature"},{"geometry":{"coordinates":[[3.72916,51.435279],[3.729707,51.435328],[3.733585,51.436396],[3.738134,51.437195],[3.742477,51.437952],[3.744151,51.439882],[3.745831,51.44184],[3.747482,51.443788],[3.749139,51.44576],[3.747035,51.448102],[3.744832,51.450526],[3.742658,51.452938],[3.740453,51.455358],[3.738323,51.457689],[3.736179,51.460075],[3.73327,51.461402],[3.730085,51.462867]],"type":"LineString"},"id":"0adb9186-0c09-5540-9499-fc32c781728a","properties":{"ASSET_KIND":"official_transmission_line","EVIDENCE":"official","GEOMETRY_CONFIDENCE":"official-top10nl-1:10000-rounded-6dp-no-simplification","HEIGHT_LEVEL":0,"LOCAL_ID":"122083142","MUTATION_TYPE":null,"NAME":null,"NAMESPACE":"NL.TOP10NL","NUMBER":null,"OBJECT_BEGIN_DATE":"2011-08-25","ORIGINAL_ID":"0adb9186-0c09-5540-9499-fc32c781728a","REGION_KEY":"netherlands","REGISTRATION_DATE":"2019-02-01","SOURCE_ACCURACY_M":0.1,"SOURCE_DATE":"2026-06-01","SOURCE_FEATURE_DATE":"2018-01-01","SOURCE_ID":"nl-kadaster-top10nl-high-voltage-2026-06","SOURCE_LICENSE":"CC BY 4.0","SOURCE_METHOD":"luchtfoto","SOURCE_URL":"https://api.pdok.nl/kadaster/brt-top10nl/ogc/v1","TOP10NL_CODE":481,"TOP10NL_TYPE":"hoogspanningsleiding","VISUALISATION_CODE":15210,"VOLTAGE_KV":null},"type":"Feature"},{"geometry":{"coordinates":[[5.53401,52.574882],[5.530815,52.576301]],"type":"LineString"},"id":"0b153696-008d-53ee-85c5-cd35b223bc85","properties":{"ASSET_KIND":"official_transmission_line","EVIDENCE":"official","GEOMETRY_CONFIDENCE":"official-top10nl-1:10000-rounded-6dp-no-simplification","HEIGHT_LEVEL":0,"LOCAL_ID":"125385240","MUTATION_TYPE":null,"NAME":null,"NAMESPACE":"NL.TOP10NL","NUMBER":null,"OBJECT_BEGIN_DATE":"2012-11-05","ORIGINAL_ID":"0b153696-008d-53ee-85c5-cd35b223bc85","REGION_KEY":"netherlands","REGISTRATION_DATE":"2019-02-01","SOURCE_ACCURACY_M":0.1,"SOURCE_DATE":"2026-06-01","SOURCE_FEATURE_DATE":"2018-01-01","SOURCE_ID":"nl-kadaster-top10nl-high-voltage-2026-06","SOURCE_LICENSE":"CC BY 4.0","SOURCE_METHOD":"luchtfoto","SOURCE_URL":"https://api.pdok.nl/kadaster/brt-top10nl/ogc/v1","TOP10NL_CODE":481,"TOP10NL_TYPE":"hoogspanningsleiding","VISUALISATION_CODE":15210,"VOLTAGE_KV":null},"type":"Feature"},{"geometry":{"coordinates":[[4.625777,51.914558],[4.628522,51.916604],[4.631936,51.919147],[4.635253,51.92168],[4.638764,51.924348],[4.642173,51.926881],[4.645505,51.929378],[4.649023,51.93203],[4.652581,51.934701],[4.656184,51.937405],[4.65971,51.940059],[4.66323,51.942718],[4.666725,51.945361],[4.669213,51.948278],[4.671624,51.951083],[4.674022,51.953912],[4.676511,51.956826],[4.679038,51.959764],[4.681553,51.962718],[4.684087,51.965692],[4.686666,51.968735],[4.690117,51.971453],[4.692738,51.973542],[4.696061,51.976154],[4.699256,51.978681],[4.702805,51.981503],[4.706265,51.984233],[4.709686,51.986962],[4.713153,51.989699],[4.716665,51.992457],[4.72012,51.995202],[4.723466,51.997834],[4.726799,52.000483],[4.72687,52.000538],[4.72699,52.000632],[4.727342,52.000908],[4.727501,52.001032],[4.727604,52.001113],[4.727664,52.00116],[4.727694,52.001184],[4.727734,52.001215],[4.727777,52.001248],[4.7278,52.001266],[4.727822,52.001283],[4.727869,52.001321],[4.727893,52.001339],[4.727925,52.001364],[4.727992,52.001417],[4.728213,52.001589],[4.728443,52.00177],[4.728511,52.001823],[4.728611,52.001901],[4.728724,52.002023],[4.72905,52.002378],[4.729421,52.00278],[4.729521,52.002888],[4.729546,52.002915],[4.7298,52.003191],[4.72999,52.003397],[4.731141,52.004645],[4.732913,52.006551]],"type":"LineString"},"id":"0b7b6a94-c1bc-52a7-80e2-a971937694ae","properties":{"ASSET_KIND":"official_transmission_line","EVIDENCE":"official","GEOMETRY_CONFIDENCE":"official-top10nl-1:10000-rounded-6dp-no-simplification","HEIGHT_LEVEL":0,"LOCAL_ID":"126908125","MUTATION_TYPE":null,"NAME":null,"NAMESPACE":"NL.TOP10NL","NUMBER":null,"OBJECT_BEGIN_DATE":"2014-01-24","ORIGINAL_ID":"0b7b6a94-c1bc-52a7-80e2-a971937694ae","REGION_KEY":"netherlands","REGISTRATION_DATE":"2019-02-01","SOURCE_ACCURACY_M":0.1,"SOURCE_DATE":"2026-06-01","SOURCE_FEATURE_DATE":"2018-01-01","SOURCE_ID":"nl-kadaster-top10nl-high-voltage-2026-06","SOURCE_LICENSE":"CC BY 4.0","SOURCE_METHOD":"luchtfoto","SOURCE_URL":"https://api.pdok.nl/kadaster/brt-top10nl/ogc/v1","TOP10NL_CODE":481,"TOP10NL_TYPE":"hoogspanningsleiding","VISUALISATION_CODE":15210,"VOLTAGE_KV":null},"type":"Feature"},{"geometry":{"coordinates":[[5.935589,52.680884],[5.935519,52.678097],[5.935487,52.675945],[5.935421,52.672558],[5.935285,52.672217]],"type":"LineString"},"id":"0c5424a3-a6af-5e2b-960f-f83f09a53bbc","properties":{"ASSET_KIND":"official_transmission_line","EVIDENCE":"official","GEOMETRY_CONFIDENCE":"official-top10nl-1:10000-rounded-6dp-no-simplification","HEIGHT_LEVEL":0,"LOCAL_ID":"122083190","MUTATION_TYPE":null,"NAME":null,"NAMESPACE":"NL.TOP10NL","NUMBER":null,"OBJECT_BEGIN_DATE":"2011-08-25","ORIGINAL_ID":"0c5424a3-a6af-5e2b-960f-f83f09a53bbc","REGION_KEY":"netherlands","REGISTRATION_DATE":"2019-02-01","SOURCE_ACCURACY_M":0.1,"SOURCE_DATE":"2026-06-01","SOURCE_FEATURE_DATE":"2018-01-01","SOURCE_ID":"nl-kadaster-top10nl-high-voltage-2026-06","SOURCE_LICENSE":"CC BY 4.0","SOURCE_METHOD":"luchtfoto","SOURCE_URL":"https://api.pdok.nl/kadaster/brt-top10nl/ogc/v1","TOP10NL_CODE":481,"TOP10NL_TYPE":"hoogspanningsleiding","VISUALISATION_CODE":15210,"VOLTAGE_KV":null},"type":"Feature"},{"geometry":{"coordinates":[[6.591102,52.250895],[6.592197,52.250683],[6.595748,52.250477],[6.600739,52.2502],[6.603699,52.247642],[6.606693,52.245083],[6.60964,52.242555],[6.612661,52.239978],[6.615643,52.237391],[6.618591,52.234835],[6.621355,52.232501],[6.623241,52.23084],[6.626213,52.228286],[6.629199,52.225718],[6.632184,52.223154],[6.635177,52.220606],[6.637134,52.217697],[6.639105,52.214788],[6.641068,52.211879],[6.643005,52.208995],[6.644994,52.206085],[6.646957,52.203172],[6.649266,52.200374],[6.651557,52.197561],[6.65387,52.194753],[6.656163,52.191949],[6.658469,52.189137],[6.660755,52.186349],[6.664058,52.183934],[6.667381,52.181539],[6.670495,52.179264],[6.673455,52.177111],[6.67677,52.174716],[6.680071,52.172316],[6.683384,52.169913],[6.686704,52.167505],[6.690426,52.165376],[6.694186,52.163238],[6.697907,52.1611],[6.701653,52.158958],[6.705419,52.156815],[6.709145,52.154681],[6.71289,52.152526],[6.715228,52.150771],[6.715807,52.150502]],"type":"LineString"},"id":"0cf38137-a586-5b2e-ba8c-dab7ea1b690a","properties":{"ASSET_KIND":"official_transmission_line","EVIDENCE":"official","GEOMETRY_CONFIDENCE":"official-top10nl-1:10000-rounded-6dp-no-simplification","HEIGHT_LEVEL":0,"LOCAL_ID":"130330945","MUTATION_TYPE":null,"NAME":null,"NAMESPACE":"NL.TOP10NL","NUMBER":null,"OBJECT_BEGIN_DATE":"2018-02-01","ORIGINAL_ID":"0cf38137-a586-5b2e-ba8c-dab7ea1b690a","REGION_KEY":"netherlands","REGISTRATION_DATE":"2019-02-01","SOURCE_ACCURACY_M":0.1,"SOURCE_DATE":"2026-06-01","SOURCE_FEATURE_DATE":"2018-01-01","SOURCE_ID":"nl-kadaster-top10nl-high-voltage-2026-06","SOURCE_LICENSE":"CC BY 4.0","SOURCE_METHOD":"luchtfoto","SOURCE_URL":"https://api.pdok.nl/kadaster/brt-top10nl/ogc/v1","TOP10NL_CODE":481,"TOP10NL_TYPE":"hoogspanningsleiding","VISUALISATION_CODE":15210,"VOLTAGE_KV":null},"type":"Feature"},{"geometry":{"coordinates":[[4.625283,51.914158],[4.625095,51.914042],[4.62173,51.912112],[4.617578,51.909758],[4.61556,51.908599],[4.614211,51.907824],[4.614052,51.907733],[4.613975,51.907688],[4.613838,51.90761],[4.613739,51.907553],[4.613595,51.907471],[4.613479,51.907404],[4.61328,51.907292],[4.613132,51.907209],[4.610453,51.905703],[4.609282,51.905045],[4.605119,51.902662],[4.601536,51.900625],[4.597737,51.896808],[4.593382,51.892258],[4.589171,51.887983],[4.586507,51.885763],[4.58279,51.884026],[4.578717,51.882149],[4.574388,51.880158],[4.569967,51.878095],[4.567772,51.877067],[4.56449,51.87554],[4.560664,51.873774],[4.556688,51.871933],[4.552761,51.870096],[4.547338,51.869134],[4.543045,51.868377],[4.538742,51.86761],[4.533696,51.866711],[4.530325,51.866111],[4.525306,51.865228],[4.518705,51.864035],[4.514021,51.863232],[4.510537,51.86259],[4.509891,51.862481]],"type":"LineString"},"id":"0e22ac6b-1e44-5a6b-8ddc-b0037f0db2e3","properties":{"ASSET_KIND":"official_transmission_line","EVIDENCE":"official","GEOMETRY_CONFIDENCE":"official-top10nl-1:10000-rounded-6dp-no-simplification","HEIGHT_LEVEL":0,"LOCAL_ID":"130359108","MUTATION_TYPE":null,"NAME":null,"NAMESPACE":"NL.TOP10NL","NUMBER":null,"OBJECT_BEGIN_DATE":"2018-02-01","ORIGINAL_ID":"0e22ac6b-1e44-5a6b-8ddc-b0037f0db2e3","REGION_KEY":"netherlands","REGISTRATION_DATE":"2019-02-01","SOURCE_ACCURACY_M":0.1,"SOURCE_DATE":"2026-06-01","SOURCE_FEATURE_DATE":"2018-01-01","SOURCE_ID":"nl-kadaster-top10nl-high-voltage-2026-06","SOURCE_LICENSE":"CC BY 4.0","SOURCE_METHOD":"luchtfoto","SOURCE_URL":"https://api.pdok.nl/kadaster/brt-top10nl/ogc/v1","TOP10NL_CODE":481,"TOP10NL_TYPE":"hoogspanningsleiding","VISUALISATION_CODE":15210,"VOLTAGE_KV":null},"type":"Feature"},{"geometry":{"coordinates":[[6.601649,52.380578],[6.605411,52.382364],[6.609659,52.384366],[6.613611,52.386089],[6.617781,52.387926],[6.621977,52.389754],[6.626216,52.391543],[6.630449,52.393323],[6.634689,52.395116],[6.639799,52.394976],[6.644951,52.394847],[6.650089,52.394718],[6.655227,52.394594],[6.659329,52.394485],[6.664445,52.394356],[6.669612,52.394222],[6.674749,52.394092],[6.679873,52.393967],[6.684649,52.393836],[6.689794,52.393702],[6.694931,52.393554],[6.700061,52.39341],[6.705191,52.393262],[6.710329,52.393126],[6.715402,52.392978],[6.720134,52.392842],[6.722519,52.392781],[6.72423,52.392729],[6.725183,52.3927],[6.725704,52.392684],[6.730827,52.392543],[6.731508,52.392525],[6.731841,52.392516],[6.732039,52.39251],[6.732133,52.392508],[6.73237,52.392501],[6.732501,52.392497],[6.73346,52.392471],[6.733608,52.392467],[6.735965,52.392402],[6.736194,52.392373],[6.740937,52.391763],[6.745931,52.391124],[6.750904,52.390489],[6.7558,52.390837],[6.760675,52.391171],[6.763661,52.393113],[6.763394,52.393759]],"type":"LineString"},"id":"0e3e7e2e-e35d-5e6a-b0d6-9b4a39df9952","properties":{"ASSET_KIND":"official_transmission_line","EVIDENCE":"official","GEOMETRY_CONFIDENCE":"official-top10nl-1:10000-rounded-6dp-no-simplification","HEIGHT_LEVEL":0,"LOCAL_ID":"130330944","MUTATION_TYPE":null,"NAME":null,"NAMESPACE":"NL.TOP10NL","NUMBER":null,"OBJECT_BEGIN_DATE":"2018-02-01","ORIGINAL_ID":"0e3e7e2e-e35d-5e6a-b0d6-9b4a39df9952","REGION_KEY":"netherlands","REGISTRATION_DATE":"2019-02-01","SOURCE_ACCURACY_M":0.1,"SOURCE_DATE":"2026-06-01","SOURCE_FEATURE_DATE":"2018-01-01","SOURCE_ID":"nl-kadaster-top10nl-high-voltage-2026-06","SOURCE_LICENSE":"CC BY 4.0","SOURCE_METHOD":"luchtfoto","SOURCE_URL":"https://api.pdok.nl/kadaster/brt-top10nl/ogc/v1","TOP10NL_CODE":481,"TOP10NL_TYPE":"hoogspanningsleiding","VISUALISATION_CODE":15210,"VOLTAGE_KV":null},"type":"Feature"},{"geometry":{"coordinates":[[6.232978,51.953573],[6.229136,51.951916],[6.224921,51.950103],[6.220759,51.948322],[6.216928,51.946674],[6.212575,51.944812],[6.211341,51.944281],[6.211,51.944134],[6.210859,51.944073],[6.21074,51.944022],[6.210606,51.943964],[6.21029,51.943828],[6.210227,51.943801],[6.210186,51.943783],[6.210155,51.94377],[6.209017,51.94328],[6.20857,51.943087],[6.204387,51.942311],[6.203859,51.942212],[6.202679,51.941992],[6.202461,51.941951],[6.201147,51.941706],[6.197884,51.941105],[6.193012,51.940197],[6.188136,51.939304],[6.18327,51.938393],[6.178675,51.938082],[6.173555,51.937724],[6.168567,51.937362],[6.163585,51.937013],[6.158869,51.936674],[6.153807,51.936322],[6.149594,51.934756],[6.145226,51.933138],[6.140887,51.931548],[6.136496,51.929912],[6.132123,51.928318],[6.127843,51.926745],[6.123628,51.925963],[6.11939,51.925202],[6.117216,51.924812]],"type":"LineString"},"id":"0f446137-88f9-5f31-88eb-6b02619e2826","properties":{"ASSET_KIND":"official_transmission_line","EVIDENCE":"official","GEOMETRY_CONFIDENCE":"official-top10nl-1:10000-rounded-6dp-no-simplification","HEIGHT_LEVEL":0,"LOCAL_ID":"122083280","MUTATION_TYPE":null,"NAME":null,"NAMESPACE":"NL.TOP10NL","NUMBER":null,"OBJECT_BEGIN_DATE":"2011-08-25","ORIGINAL_ID":"0f446137-88f9-5f31-88eb-6b02619e2826","REGION_KEY":"netherlands","REGISTRATION_DATE":"2019-02-01","SOURCE_ACCURACY_M":0.1,"SOURCE_DATE":"2026-06-01","SOURCE_FEATURE_DATE":"2018-01-01","SOURCE_ID":"nl-kadaster-top10nl-high-voltage-2026-06","SOURCE_LICENSE":"CC BY 4.0","SOURCE_METHOD":"luchtfoto","SOURCE_URL":"https://api.pdok.nl/kadaster/brt-top10nl/ogc/v1","TOP10NL_CODE":481,"TOP10NL_TYPE":"hoogspanningsleiding","VISUALISATION_CODE":15210,"VOLTAGE_KV":null},"type":"Feature"},{"geometry":{"coordinates":[[4.364812,51.988593],[4.3649,51.988434],[4.365626,51.98707],[4.367083,51.984359],[4.368539,51.981637],[4.370003,51.978938],[4.371428,51.976264],[4.372862,51.973575],[4.374313,51.970889],[4.374785,51.970009],[4.375743,51.96822],[4.37577,51.96817],[4.375803,51.968108],[4.376018,51.967708],[4.376159,51.967446],[4.376297,51.96719],[4.377253,51.965409],[4.378704,51.9627],[4.378898,51.962337],[4.378929,51.962279],[4.378954,51.962234],[4.380154,51.959991],[4.381609,51.957263],[4.383063,51.954567],[4.385884,51.954162],[4.387389,51.951386],[4.388778,51.948805],[4.390201,51.946146],[4.391697,51.94337],[4.392951,51.941035],[4.394005,51.939065],[4.39522,51.936785],[4.39645,51.934523],[4.397669,51.932246],[4.398891,51.929979],[4.40007,51.927794],[4.400828,51.92639]],"type":"LineString"},"id":"0f51a37c-517c-512c-902b-66db724c6687","properties":{"ASSET_KIND":"official_transmission_line","EVIDENCE":"official","GEOMETRY_CONFIDENCE":"official-top10nl-1:10000-rounded-6dp-no-simplification","HEIGHT_LEVEL":0,"LOCAL_ID":"122083339","MUTATION_TYPE":null,"NAME":null,"NAMESPACE":"NL.TOP10NL","NUMBER":null,"OBJECT_BEGIN_DATE":"2011-08-25","ORIGINAL_ID":"0f51a37c-517c-512c-902b-66db724c6687","REGION_KEY":"netherlands","REGISTRATION_DATE":"2019-02-01","SOURCE_ACCURACY_M":0.1,"SOURCE_DATE":"2026-06-01","SOURCE_FEATURE_DATE":"2018-01-01","SOURCE_ID":"nl-kadaster-top10nl-high-voltage-2026-06","SOURCE_LICENSE":"CC BY 4.0","SOURCE_METHOD":"luchtfoto","SOURCE_URL":"https://api.pdok.nl/kadaster/brt-top10nl/ogc/v1","TOP10NL_CODE":481,"TOP10NL_TYPE":"hoogspanningsleiding","VISUALISATION_CODE":15210,"VOLTAGE_KV":null},"type":"Feature"},{"geometry":{"coordinates":[[6.220075,52.148564],[6.219995,52.14838],[6.219031,52.146426],[6.217882,52.14404],[6.219065,52.140982],[6.220292,52.137949],[6.221513,52.134874],[6.220623,52.132317],[6.219929,52.130303],[6.221409,52.127425],[6.222796,52.124682],[6.224302,52.121756],[6.225779,52.118774],[6.22732,52.115786],[6.228823,52.112771],[6.230328,52.109822],[6.23185,52.10684],[6.233363,52.103897],[6.234738,52.100838],[6.236107,52.097907],[6.237272,52.095301],[6.238604,52.092382],[6.240015,52.089356],[6.241399,52.086324],[6.242792,52.083292],[6.244079,52.080451],[6.245385,52.077655],[6.246723,52.074674],[6.248107,52.07167],[6.249463,52.068672],[6.250855,52.065657],[6.251032,52.063087],[6.251251,52.060376],[6.251461,52.057655],[6.251672,52.054939],[6.251877,52.051972],[6.251736,52.048878],[6.251596,52.045875],[6.251465,52.042849],[6.251338,52.040018],[6.251187,52.036869],[6.251053,52.034133],[6.251003,52.033045],[6.251,52.032979],[6.250976,52.032461],[6.250974,52.032419],[6.25097,52.032329],[6.250964,52.032212],[6.250918,52.031199],[6.250917,52.031185],[6.250915,52.031138],[6.250912,52.031074],[6.250908,52.030991],[6.250852,52.029679],[6.25085,52.029629],[6.250849,52.029605],[6.250846,52.029547],[6.250812,52.028748],[6.250781,52.028031],[6.250772,52.027838],[6.250697,52.0263],[6.250631,52.024943],[6.250464,52.0219],[6.250343,52.01893],[6.250205,52.015999],[6.249267,52.012895],[6.248339,52.009824],[6.247375,52.006726],[6.246391,52.003572],[6.245427,52.000446],[6.244489,51.997325],[6.243516,51.99421],[6.242742,51.991579],[6.241781,51.988626],[6.244654,51.986522],[6.247446,51.984513],[6.250462,51.982324],[6.250778,51.982153]],"type":"LineString"},"id":"100ffbb7-4672-55d6-93af-19390f33b567","properties":{"ASSET_KIND":"official_transmission_line","EVIDENCE":"official","GEOMETRY_CONFIDENCE":"official-top10nl-1:10000-rounded-6dp-no-simplification","HEIGHT_LEVEL":0,"LOCAL_ID":"122083035","MUTATION_TYPE":"kwaliteitsverbetering","NAME":null,"NAMESPACE":"NL.TOP10NL","NUMBER":null,"OBJECT_BEGIN_DATE":"2011-08-25","ORIGINAL_ID":"100ffbb7-4672-55d6-93af-19390f33b567","REGION_KEY":"netherlands","REGISTRATION_DATE":"2024-04-01","SOURCE_ACCURACY_M":0.1,"SOURCE_DATE":"2026-06-01","SOURCE_FEATURE_DATE":"2022-01-01","SOURCE_ID":"nl-kadaster-top10nl-high-voltage-2026-06","SOURCE_LICENSE":"CC BY 4.0","SOURCE_METHOD":"luchtfoto","SOURCE_URL":"https://api.pdok.nl/kadaster/brt-top10nl/ogc/v1","TOP10NL_CODE":481,"TOP10NL_TYPE":"hoogspanningsleiding","VISUALISATION_CODE":15210,"VOLTAGE_KV":null},"type":"Feature"},{"geometry":{"coordinates":[[5.918443,51.147662],[5.919084,51.147497],[5.920361,51.146737]],"type":"LineString"},"id":"101c3f84-27b0-538b-aaa3-67559e21e698","properties":{"ASSET_KIND":"official_transmission_line","EVIDENCE":"official","GEOMETRY_CONFIDENCE":"official-top10nl-1:10000-rounded-6dp-no-simplification","HEIGHT_LEVEL":0,"LOCAL_ID":"122083064","MUTATION_TYPE":null,"NAME":null,"NAMESPACE":"NL.TOP10NL","NUMBER":null,"OBJECT_BEGIN_DATE":"2011-08-25","ORIGINAL_ID":"101c3f84-27b0-538b-aaa3-67559e21e698","REGION_KEY":"netherlands","REGISTRATION_DATE":"2019-02-01","SOURCE_ACCURACY_M":0.1,"SOURCE_DATE":"2026-06-01","SOURCE_FEATURE_DATE":"2018-01-01","SOURCE_ID":"nl-kadaster-top10nl-high-voltage-2026-06","SOURCE_LICENSE":"CC BY 4.0","SOURCE_METHOD":"luchtfoto","SOURCE_URL":"https://api.pdok.nl/kadaster/brt-top10nl/ogc/v1","TOP10NL_CODE":481,"TOP10NL_TYPE":"hoogspanningsleiding","VISUALISATION_CODE":15210,"VOLTAGE_KV":null},"type":"Feature"},{"geometry":{"coordinates":[[6.11286,51.389632],[6.114076,51.388724],[6.116797,51.388243],[6.119562,51.387728],[6.122656,51.386218],[6.125821,51.384683],[6.129734,51.382759],[6.13243,51.38145],[6.132567,51.381382],[6.132628,51.381353],[6.134933,51.380229],[6.135139,51.380128],[6.135667,51.379871],[6.13576,51.379825],[6.13591,51.379853],[6.136022,51.379874],[6.136131,51.379894],[6.136276,51.379921],[6.136376,51.379939],[6.136675,51.379995],[6.136763,51.380011],[6.136868,51.380031],[6.136875,51.380032],[6.137311,51.380113],[6.137375,51.380125],[6.13744,51.380136],[6.137522,51.380152],[6.137663,51.380178],[6.137754,51.380195],[6.138029,51.380246],[6.138237,51.380284],[6.138246,51.380286],[6.13833,51.380301],[6.138406,51.380315],[6.138414,51.380317],[6.138462,51.380326],[6.13855,51.380342],[6.13874,51.380377],[6.139246,51.380471],[6.139324,51.380485],[6.142112,51.380998],[6.144933,51.381526],[6.149169,51.381066],[6.152458,51.379236],[6.155483,51.377579],[6.157417,51.376519],[6.158204,51.37607]],"type":"LineString"},"id":"10916934-18fb-5c8f-9a72-e78098e0b4a1","properties":{"ASSET_KIND":"official_transmission_line","EVIDENCE":"official","GEOMETRY_CONFIDENCE":"official-top10nl-1:10000-rounded-6dp-no-simplification","HEIGHT_LEVEL":0,"LOCAL_ID":"122083056","MUTATION_TYPE":null,"NAME":null,"NAMESPACE":"NL.TOP10NL","NUMBER":null,"OBJECT_BEGIN_DATE":"2011-08-25","ORIGINAL_ID":"10916934-18fb-5c8f-9a72-e78098e0b4a1","REGION_KEY":"netherlands","REGISTRATION_DATE":"2019-02-01","SOURCE_ACCURACY_M":0.1,"SOURCE_DATE":"2026-06-01","SOURCE_FEATURE_DATE":"2018-01-01","SOURCE_ID":"nl-kadaster-top10nl-high-voltage-2026-06","SOURCE_LICENSE":"CC BY 4.0","SOURCE_METHOD":"luchtfoto","SOURCE_URL":"https://api.pdok.nl/kadaster/brt-top10nl/ogc/v1","TOP10NL_CODE":481,"TOP10NL_TYPE":"hoogspanningsleiding","VISUALISATION_CODE":15210,"VOLTAGE_KV":null},"type":"Feature"},{"geometry":{"coordinates":[[5.669524,51.927398],[5.665784,51.926677],[5.665175,51.926745]],"type":"LineString"},"id":"10abb911-38c5-516d-ae3e-53d2945786a6","properties":{"ASSET_KIND":"official_transmission_line","EVIDENCE":"official","GEOMETRY_CONFIDENCE":"official-top10nl-1:10000-rounded-6dp-no-simplification","HEIGHT_LEVEL":0,"LOCAL_ID":"122082945","MUTATION_TYPE":null,"NAME":null,"NAMESPACE":"NL.TOP10NL","NUMBER":null,"OBJECT_BEGIN_DATE":"2011-08-25","ORIGINAL_ID":"10abb911-38c5-516d-ae3e-53d2945786a6","REGION_KEY":"netherlands","REGISTRATION_DATE":"2019-02-01","SOURCE_ACCURACY_M":0.1,"SOURCE_DATE":"2026-06-01","SOURCE_FEATURE_DATE":"2018-01-01","SOURCE_ID":"nl-kadaster-top10nl-high-voltage-2026-06","SOURCE_LICENSE":"CC BY 4.0","SOURCE_METHOD":"luchtfoto","SOURCE_URL":"https://api.pdok.nl/kadaster/brt-top10nl/ogc/v1","TOP10NL_CODE":481,"TOP10NL_TYPE":"hoogspanningsleiding","VISUALISATION_CODE":15210,"VOLTAGE_KV":null},"type":"Feature"},{"geometry":{"coordinates":[[6.3876,52.165355],[6.387621,52.165075],[6.384631,52.163963],[6.380097,52.163519],[6.375664,52.163006],[6.371145,52.162553],[6.366052,52.162923],[6.361476,52.163256],[6.359565,52.163413]],"type":"LineString"},"id":"10f5cf30-b44a-52d8-b4d2-fc846f132e14","properties":{"ASSET_KIND":"official_transmission_line","EVIDENCE":"official","GEOMETRY_CONFIDENCE":"official-top10nl-1:10000-rounded-6dp-no-simplification","HEIGHT_LEVEL":0,"LOCAL_ID":"122083312","MUTATION_TYPE":null,"NAME":null,"NAMESPACE":"NL.TOP10NL","NUMBER":null,"OBJECT_BEGIN_DATE":"2011-08-25","ORIGINAL_ID":"10f5cf30-b44a-52d8-b4d2-fc846f132e14","REGION_KEY":"netherlands","REGISTRATION_DATE":"2019-02-01","SOURCE_ACCURACY_M":0.1,"SOURCE_DATE":"2026-06-01","SOURCE_FEATURE_DATE":"2018-01-01","SOURCE_ID":"nl-kadaster-top10nl-high-voltage-2026-06","SOURCE_LICENSE":"CC BY 4.0","SOURCE_METHOD":"luchtfoto","SOURCE_URL":"https://api.pdok.nl/kadaster/brt-top10nl/ogc/v1","TOP10NL_CODE":481,"TOP10NL_TYPE":"hoogspanningsleiding","VISUALISATION_CODE":15210,"VOLTAGE_KV":null},"type":"Feature"},{"geometry":{"coordinates":[[4.570374,52.173288],[4.565978,52.171014]],"type":"LineString"},"id":"11149924-2d07-5295-ac14-b09c06f39d46","properties":{"ASSET_KIND":"official_transmission_line","EVIDENCE":"official","GEOMETRY_CONFIDENCE":"official-top10nl-1:10000-rounded-6dp-no-simplification","HEIGHT_LEVEL":0,"LOCAL_ID":"131183008","MUTATION_TYPE":"werkelijke verandering","NAME":null,"NAMESPACE":"NL.TOP10NL","NUMBER":null,"OBJECT_BEGIN_DATE":"2020-06-01","ORIGINAL_ID":"11149924-2d07-5295-ac14-b09c06f39d46","REGION_KEY":"netherlands","REGISTRATION_DATE":"2020-06-01","SOURCE_ACCURACY_M":0.1,"SOURCE_DATE":"2026-06-01","SOURCE_FEATURE_DATE":"2019-01-01","SOURCE_ID":"nl-kadaster-top10nl-high-voltage-2026-06","SOURCE_LICENSE":"CC BY 4.0","SOURCE_METHOD":"luchtfoto","SOURCE_URL":"https://api.pdok.nl/kadaster/brt-top10nl/ogc/v1","TOP10NL_CODE":481,"TOP10NL_TYPE":"hoogspanningsleiding","VISUALISATION_CODE":15210,"VOLTAGE_KV":null},"type":"Feature"},{"geometry":{"coordinates":[[5.795132,51.002886],[5.794438,51.002406]],"type":"LineString"},"id":"11d699b4-7ca8-5dfb-aaf1-014601e3c330","properties":{"ASSET_KIND":"official_transmission_line","EVIDENCE":"official","GEOMETRY_CONFIDENCE":"official-top10nl-1:10000-rounded-6dp-no-simplification","HEIGHT_LEVEL":0,"LOCAL_ID":"103180818","MUTATION_TYPE":null,"NAME":null,"NAMESPACE":"NL.TOP10NL","NUMBER":null,"OBJECT_BEGIN_DATE":"2008-11-24","ORIGINAL_ID":"11d699b4-7ca8-5dfb-aaf1-014601e3c330","REGION_KEY":"netherlands","REGISTRATION_DATE":"2019-02-01","SOURCE_ACCURACY_M":0.1,"SOURCE_DATE":"2026-06-01","SOURCE_FEATURE_DATE":"2018-01-01","SOURCE_ID":"nl-kadaster-top10nl-high-voltage-2026-06","SOURCE_LICENSE":"CC BY 4.0","SOURCE_METHOD":"luchtfoto","SOURCE_URL":"https://api.pdok.nl/kadaster/brt-top10nl/ogc/v1","TOP10NL_CODE":481,"TOP10NL_TYPE":"hoogspanningsleiding","VISUALISATION_CODE":15210,"VOLTAGE_KV":null},"type":"Feature"},{"geometry":{"coordinates":[[4.201775,51.423643],[4.198072,51.42334],[4.193475,51.422977],[4.18874,51.42258],[4.184196,51.422228],[4.179782,51.421878],[4.175498,51.420587],[4.171119,51.419279],[4.166956,51.418027],[4.16256,51.416701],[4.15826,51.415415],[4.154014,51.415621],[4.14983,51.415843],[4.147162,51.415978],[4.142673,51.416191],[4.138218,51.416427],[4.133511,51.41667],[4.128768,51.416913],[4.124056,51.41715],[4.119893,51.417362],[4.11617,51.417555],[4.113667,51.418809],[4.113534,51.418876],[4.113422,51.418932],[4.113213,51.419037],[4.113068,51.419109],[4.112977,51.419155],[4.112512,51.419388],[4.112241,51.419524],[4.111959,51.419665],[4.111081,51.420103],[4.11103,51.420128],[4.110993,51.420146],[4.11094,51.420173],[4.110805,51.42024],[4.110545,51.42037],[4.11013,51.420577],[4.109268,51.421007],[4.10916,51.421061],[4.109135,51.421073],[4.109091,51.421095],[4.109036,51.421123],[4.108952,51.421164],[4.108851,51.421215],[4.107848,51.421718],[4.107718,51.421782],[4.107086,51.422099],[4.105265,51.42301],[4.10168,51.424794],[4.097909,51.426674],[4.09547,51.427895],[4.095424,51.427919],[4.09536,51.427951],[4.095169,51.428046],[4.094208,51.428527],[4.090383,51.430445],[4.087194,51.432031],[4.084058,51.433586],[4.080788,51.435215],[4.077422,51.436897],[4.073472,51.438873],[4.069716,51.440735],[4.066455,51.442359],[4.063555,51.443812],[4.060384,51.445386],[4.057288,51.446925],[4.054551,51.44828],[4.051298,51.449915],[4.048155,51.451484],[4.045159,51.452972],[4.042235,51.454416],[4.0392,51.455978],[4.036277,51.457384],[4.032779,51.459151]],"type":"LineString"},"id":"11e4945a-288f-570d-85c0-27548d6ab132","properties":{"ASSET_KIND":"official_transmission_line","EVIDENCE":"official","GEOMETRY_CONFIDENCE":"official-top10nl-1:10000-rounded-6dp-no-simplification","HEIGHT_LEVEL":0,"LOCAL_ID":"131032413","MUTATION_TYPE":"werkelijke verandering","NAME":null,"NAMESPACE":"NL.TOP10NL","NUMBER":null,"OBJECT_BEGIN_DATE":"2020-02-01","ORIGINAL_ID":"11e4945a-288f-570d-85c0-27548d6ab132","REGION_KEY":"netherlands","REGISTRATION_DATE":"2020-02-01","SOURCE_ACCURACY_M":0.1,"SOURCE_DATE":"2026-06-01","SOURCE_FEATURE_DATE":"2019-01-01","SOURCE_ID":"nl-kadaster-top10nl-high-voltage-2026-06","SOURCE_LICENSE":"CC BY 4.0","SOURCE_METHOD":"luchtfoto","SOURCE_URL":"https://api.pdok.nl/kadaster/brt-top10nl/ogc/v1","TOP10NL_CODE":481,"TOP10NL_TYPE":"hoogspanningsleiding","VISUALISATION_CODE":15210,"VOLTAGE_KV":null},"type":"Feature"},{"geometry":{"coordinates":[[5.96816,51.224595],[5.965659,51.223446],[5.96439,51.22283],[5.963117,51.222221],[5.959152,51.222038],[5.954909,51.221878],[5.950574,51.221727],[5.946549,51.221552],[5.94377,51.220219],[5.940358,51.218594],[5.93728,51.217112],[5.934134,51.21563],[5.930987,51.214097],[5.928463,51.212921],[5.925697,51.211588],[5.922621,51.210141],[5.91914,51.208465],[5.916824,51.207353],[5.914232,51.206077],[5.911236,51.204636],[5.909215,51.205243],[5.907365,51.205769],[5.904852,51.206464],[5.90106,51.207568],[5.896548,51.20884],[5.89239,51.210039],[5.888552,51.211121],[5.884453,51.21247],[5.880524,51.213768],[5.877167,51.214869],[5.872724,51.216349],[5.868259,51.217821],[5.863827,51.219286],[5.85935,51.22078],[5.856094,51.221873],[5.851812,51.223267],[5.847556,51.224682],[5.843234,51.226111],[5.838952,51.227533],[5.834625,51.228962],[5.833043,51.229489],[5.828938,51.230845],[5.82442,51.232327],[5.819972,51.233808],[5.816483,51.234962],[5.812269,51.23635],[5.809004,51.238371],[5.805365,51.240633],[5.80288,51.242175],[5.79964,51.244196],[5.796114,51.246365],[5.792816,51.248426],[5.789689,51.250366],[5.786429,51.25239],[5.783168,51.254403],[5.778431,51.256044],[5.776536,51.256694],[5.772096,51.258198],[5.768166,51.259572],[5.763949,51.261026],[5.760985,51.262048],[5.756526,51.263571],[5.752193,51.265054],[5.748084,51.266491],[5.747893,51.266557],[5.747682,51.266629],[5.747575,51.266665],[5.744011,51.267881],[5.74284,51.268281],[5.742799,51.268295],[5.742755,51.26831],[5.741918,51.268596],[5.741558,51.26872],[5.741261,51.268823],[5.741145,51.268864],[5.740998,51.268915],[5.74075,51.269001],[5.740704,51.269017],[5.74058,51.26906],[5.740377,51.26913],[5.739589,51.269403],[5.739066,51.269581],[5.738975,51.269612],[5.738935,51.269625],[5.738896,51.269639],[5.738471,51.269783],[5.738361,51.269821],[5.738321,51.269834],[5.738283,51.269847],[5.738238,51.269863],[5.738196,51.269877],[5.738081,51.269916],[5.737586,51.270087],[5.736115,51.270596]],"type":"LineString"},"id":"130f2c0d-8b23-508f-b845-a5b01b75e5f3","properties":{"ASSET_KIND":"official_transmission_line","EVIDENCE":"official","GEOMETRY_CONFIDENCE":"official-top10nl-1:10000-rounded-6dp-no-simplification","HEIGHT_LEVEL":0,"LOCAL_ID":"122083224","MUTATION_TYPE":null,"NAME":null,"NAMESPACE":"NL.TOP10NL","NUMBER":null,"OBJECT_BEGIN_DATE":"2011-08-25","ORIGINAL_ID":"130f2c0d-8b23-508f-b845-a5b01b75e5f3","REGION_KEY":"netherlands","REGISTRATION_DATE":"2019-02-01","SOURCE_ACCURACY_M":0.1,"SOURCE_DATE":"2026-06-01","SOURCE_FEATURE_DATE":"2018-01-01","SOURCE_ID":"nl-kadaster-top10nl-high-voltage-2026-06","SOURCE_LICENSE":"CC BY 4.0","SOURCE_METHOD":"luchtfoto","SOURCE_URL":"https://api.pdok.nl/kadaster/brt-top10nl/ogc/v1","TOP10NL_CODE":481,"TOP10NL_TYPE":"hoogspanningsleiding","VISUALISATION_CODE":15210,"VOLTAGE_KV":null},"type":"Feature"},{"geometry":{"coordinates":[[5.97001,50.902394],[5.973737,50.903239],[5.977316,50.90404],[5.980101,50.904656],[5.982697,50.905257],[5.986914,50.906202],[5.990599,50.904952],[5.995002,50.903459],[5.99841,50.902297],[5.999979,50.899965],[6.0013,50.897959],[6.002824,50.895675],[6.004707,50.892857],[6.00608,50.890753],[6.007753,50.888256],[6.009531,50.88555],[6.009771,50.883462],[6.010116,50.880691],[6.010406,50.878312],[6.010685,50.875764],[6.012989,50.873534],[6.015473,50.871119],[6.017127,50.869522]],"type":"LineString"},"id":"14240d00-8a53-5470-9ed5-3cc284c7af08","properties":{"ASSET_KIND":"official_transmission_line","EVIDENCE":"official","GEOMETRY_CONFIDENCE":"official-top10nl-1:10000-rounded-6dp-no-simplification","HEIGHT_LEVEL":0,"LOCAL_ID":"122083254","MUTATION_TYPE":null,"NAME":null,"NAMESPACE":"NL.TOP10NL","NUMBER":null,"OBJECT_BEGIN_DATE":"2011-08-25","ORIGINAL_ID":"14240d00-8a53-5470-9ed5-3cc284c7af08","REGION_KEY":"netherlands","REGISTRATION_DATE":"2019-02-01","SOURCE_ACCURACY_M":0.1,"SOURCE_DATE":"2026-06-01","SOURCE_FEATURE_DATE":"2018-01-01","SOURCE_ID":"nl-kadaster-top10nl-high-voltage-2026-06","SOURCE_LICENSE":"CC BY 4.0","SOURCE_METHOD":"luchtfoto","SOURCE_URL":"https://api.pdok.nl/kadaster/brt-top10nl/ogc/v1","TOP10NL_CODE":481,"TOP10NL_TYPE":"hoogspanningsleiding","VISUALISATION_CODE":15210,"VOLTAGE_KV":null},"type":"Feature"},{"geometry":{"coordinates":[[6.948852,52.197008],[6.953869,52.196104],[6.958424,52.195285],[6.962596,52.19453],[6.966535,52.193733]],"type":"LineString"},"id":"14281bea-1db5-5443-9c13-5cf12c36ec66","properties":{"ASSET_KIND":"official_transmission_line","EVIDENCE":"official","GEOMETRY_CONFIDENCE":"official-top10nl-1:10000-rounded-6dp-no-simplification","HEIGHT_LEVEL":0,"LOCAL_ID":"122083310","MUTATION_TYPE":null,"NAME":null,"NAMESPACE":"NL.TOP10NL","NUMBER":null,"OBJECT_BEGIN_DATE":"2011-08-25","ORIGINAL_ID":"14281bea-1db5-5443-9c13-5cf12c36ec66","REGION_KEY":"netherlands","REGISTRATION_DATE":"2019-02-01","SOURCE_ACCURACY_M":0.1,"SOURCE_DATE":"2026-06-01","SOURCE_FEATURE_DATE":"2018-01-01","SOURCE_ID":"nl-kadaster-top10nl-high-voltage-2026-06","SOURCE_LICENSE":"CC BY 4.0","SOURCE_METHOD":"luchtfoto","SOURCE_URL":"https://api.pdok.nl/kadaster/brt-top10nl/ogc/v1","TOP10NL_CODE":481,"TOP10NL_TYPE":"hoogspanningsleiding","VISUALISATION_CODE":15210,"VOLTAGE_KV":null},"type":"Feature"},{"geometry":{"coordinates":[[6.473213,53.21141],[6.472251,53.212904],[6.469902,53.213644],[6.466812,53.21462],[6.463557,53.215616],[6.460362,53.216611],[6.457413,53.217531],[6.452387,53.217501],[6.44735,53.217471],[6.442361,53.217433],[6.43733,53.217403],[6.432298,53.217369],[6.427686,53.21586],[6.423111,53.214351],[6.418528,53.212824],[6.414427,53.211479],[6.409897,53.209991],[6.40533,53.208472],[6.400764,53.206984],[6.39614,53.205465],[6.391654,53.203989],[6.387117,53.202469],[6.382769,53.201581],[6.378209,53.20063],[6.373832,53.199729],[6.369236,53.198773],[6.364648,53.197795],[6.360233,53.19682],[6.355841,53.195853],[6.351346,53.194844],[6.346983,53.19386],[6.342554,53.19288],[6.33814,53.191861],[6.333755,53.190867],[6.328605,53.190569],[6.323412,53.190289],[6.318263,53.189995],[6.313106,53.189705],[6.307935,53.189415],[6.302786,53.189103],[6.297564,53.1888],[6.292542,53.189081],[6.287564,53.189331],[6.28257,53.189581],[6.27736,53.18985],[6.272381,53.19009],[6.267323,53.190349],[6.262307,53.190603],[6.257256,53.190852],[6.252204,53.191097],[6.247167,53.191363],[6.24218,53.191598],[6.237108,53.191873],[6.232027,53.192147],[6.227186,53.192437],[6.222279,53.192706],[6.217097,53.192989],[6.212039,53.193271],[6.20698,53.193549],[6.201943,53.193835],[6.196949,53.194107],[6.19176,53.194389],[6.186586,53.194671],[6.181397,53.194953],[6.177543,53.196783],[6.17374,53.198596],[6.169915,53.200421],[6.166068,53.202242],[6.162264,53.204067],[6.158438,53.205892],[6.154533,53.20777],[6.150563,53.209626],[6.146417,53.211427],[6.142444,53.213196],[6.138406,53.214965],[6.134346,53.216726],[6.130307,53.218504],[6.126067,53.220361],[6.123032,53.221668],[6.118784,53.223516],[6.113777,53.22326],[6.110804,53.223122],[6.106267,53.222893],[6.101739,53.22269],[6.097166,53.222466],[6.092334,53.22223],[6.087667,53.221975],[6.082982,53.221941],[6.079996,53.221885],[6.075102,53.221861],[6.069933,53.221808],[6.064728,53.221753],[6.060325,53.221135],[6.055928,53.220484],[6.051519,53.21987],[6.047158,53.219251],[6.042727,53.218612],[6.037941,53.217921],[6.032974,53.217193],[6.029978,53.216762],[6.028062,53.215521],[6.026764,53.21466],[6.027627,53.212845],[6.028764,53.212481]],"type":"LineString"},"id":"15feee2e-b1ae-508b-a529-6c4c1fb67452","properties":{"ASSET_KIND":"official_transmission_line","EVIDENCE":"official","GEOMETRY_CONFIDENCE":"official-top10nl-1:10000-rounded-6dp-no-simplification","HEIGHT_LEVEL":0,"LOCAL_ID":"131428145","MUTATION_TYPE":"werkelijke verandering","NAME":null,"NAMESPACE":"NL.TOP10NL","NUMBER":null,"OBJECT_BEGIN_DATE":"2021-06-01","ORIGINAL_ID":"15feee2e-b1ae-508b-a529-6c4c1fb67452","REGION_KEY":"netherlands","REGISTRATION_DATE":"2021-06-01","SOURCE_ACCURACY_M":0.1,"SOURCE_DATE":"2026-06-01","SOURCE_FEATURE_DATE":"2020-01-01","SOURCE_ID":"nl-kadaster-top10nl-high-voltage-2026-06","SOURCE_LICENSE":"CC BY 4.0","SOURCE_METHOD":"luchtfoto","SOURCE_URL":"https://api.pdok.nl/kadaster/brt-top10nl/ogc/v1","TOP10NL_CODE":481,"TOP10NL_TYPE":"hoogspanningsleiding","VISUALISATION_CODE":15210,"VOLTAGE_KV":null},"type":"Feature"},{"geometry":{"coordinates":[[6.537893,52.120807],[6.538048,52.120634],[6.540463,52.11935],[6.542928,52.118059],[6.545217,52.116856],[6.54739,52.115705],[6.548751,52.113772],[6.550057,52.111899],[6.551487,52.109852],[6.552977,52.107729],[6.554417,52.105679],[6.557486,52.104698],[6.560654,52.103681],[6.563822,52.102671],[6.567007,52.101664],[6.56997,52.100721],[6.573116,52.099714],[6.575325,52.098092],[6.577523,52.09648],[6.579743,52.094865],[6.581935,52.093239],[6.584155,52.091623],[6.586401,52.08998],[6.588631,52.088337],[6.590889,52.086693],[6.592976,52.085154],[6.595075,52.083602],[6.597255,52.082007],[6.599413,52.080422],[6.599067,52.078352],[6.598764,52.076622],[6.598445,52.074709],[6.600046,52.072931],[6.601744,52.071046],[6.603541,52.069088],[6.605303,52.067126],[6.606872,52.065397],[6.608284,52.063858],[6.610016,52.061956],[6.611718,52.06005],[6.614521,52.058669],[6.61731,52.057297],[6.620106,52.055933],[6.622955,52.054562],[6.623304,52.054082]],"type":"LineString"},"id":"1611f873-cd90-5dcd-adb0-9ec09aae6a2e","properties":{"ASSET_KIND":"official_transmission_line","EVIDENCE":"official","GEOMETRY_CONFIDENCE":"official-top10nl-1:10000-rounded-6dp-no-simplification","HEIGHT_LEVEL":0,"LOCAL_ID":"122082898","MUTATION_TYPE":null,"NAME":null,"NAMESPACE":"NL.TOP10NL","NUMBER":null,"OBJECT_BEGIN_DATE":"2011-08-25","ORIGINAL_ID":"1611f873-cd90-5dcd-adb0-9ec09aae6a2e","REGION_KEY":"netherlands","REGISTRATION_DATE":"2019-02-01","SOURCE_ACCURACY_M":0.1,"SOURCE_DATE":"2026-06-01","SOURCE_FEATURE_DATE":"2018-01-01","SOURCE_ID":"nl-kadaster-top10nl-high-voltage-2026-06","SOURCE_LICENSE":"CC BY 4.0","SOURCE_METHOD":"luchtfoto","SOURCE_URL":"https://api.pdok.nl/kadaster/brt-top10nl/ogc/v1","TOP10NL_CODE":481,"TOP10NL_TYPE":"hoogspanningsleiding","VISUALISATION_CODE":15210,"VOLTAGE_KV":null},"type":"Feature"},{"geometry":{"coordinates":[[5.533955,51.446409],[5.535497,51.445968],[5.540015,51.446666],[5.544505,51.447319],[5.549095,51.447995],[5.553648,51.448664],[5.558175,51.449345],[5.562828,51.449969],[5.567301,51.450516],[5.568264,51.452213],[5.571342,51.452632],[5.574429,51.453041],[5.576489,51.451591],[5.581239,51.452164],[5.58582,51.452687],[5.590118,51.453199],[5.591747,51.455764]],"type":"LineString"},"id":"167d140c-bcdf-5410-a8c5-9543aaf344a0","properties":{"ASSET_KIND":"official_transmission_line","EVIDENCE":"official","GEOMETRY_CONFIDENCE":"official-top10nl-1:10000-rounded-6dp-no-simplification","HEIGHT_LEVEL":0,"LOCAL_ID":"127451643","MUTATION_TYPE":null,"NAME":null,"NAMESPACE":"NL.TOP10NL","NUMBER":null,"OBJECT_BEGIN_DATE":"2014-05-29","ORIGINAL_ID":"167d140c-bcdf-5410-a8c5-9543aaf344a0","REGION_KEY":"netherlands","REGISTRATION_DATE":"2019-02-01","SOURCE_ACCURACY_M":0.1,"SOURCE_DATE":"2026-06-01","SOURCE_FEATURE_DATE":"2018-01-01","SOURCE_ID":"nl-kadaster-top10nl-high-voltage-2026-06","SOURCE_LICENSE":"CC BY 4.0","SOURCE_METHOD":"luchtfoto","SOURCE_URL":"https://api.pdok.nl/kadaster/brt-top10nl/ogc/v1","TOP10NL_CODE":481,"TOP10NL_TYPE":"hoogspanningsleiding","VISUALISATION_CODE":15210,"VOLTAGE_KV":null},"type":"Feature"},{"geometry":{"coordinates":[[5.919916,51.153868],[5.919573,51.154652],[5.918856,51.156278],[5.917853,51.158662],[5.91696,51.161014],[5.916151,51.163514],[5.914977,51.166304],[5.912709,51.171506],[5.911403,51.17446],[5.91345,51.17622],[5.915946,51.178451],[5.918502,51.180672],[5.921126,51.183003],[5.923496,51.185072],[5.925925,51.187204],[5.928329,51.189309],[5.930844,51.191519],[5.933534,51.193012],[5.936664,51.194761],[5.939726,51.196463],[5.942873,51.198212],[5.945808,51.199865],[5.946164,51.200065],[5.949344,51.201808],[5.94981,51.202056],[5.949921,51.202115],[5.950013,51.202163],[5.950085,51.202202],[5.950133,51.202227],[5.950174,51.202249],[5.950207,51.202266],[5.950238,51.202283],[5.950271,51.2023],[5.950277,51.202303],[5.951538,51.202973],[5.952626,51.203551],[5.955622,51.205253],[5.958627,51.206923],[5.961682,51.208635],[5.964907,51.210435],[5.964916,51.213136],[5.964857,51.21579],[5.9649,51.218512],[5.964882,51.220407],[5.966409,51.2231],[5.968163,51.223862]],"type":"LineString"},"id":"16afaa68-1868-52c4-b4cd-2cde2e4783e1","properties":{"ASSET_KIND":"official_transmission_line","EVIDENCE":"official","GEOMETRY_CONFIDENCE":"official-top10nl-1:10000-rounded-6dp-no-simplification","HEIGHT_LEVEL":0,"LOCAL_ID":"122083205","MUTATION_TYPE":"kwaliteitsverbetering","NAME":null,"NAMESPACE":"NL.TOP10NL","NUMBER":null,"OBJECT_BEGIN_DATE":"2011-08-25","ORIGINAL_ID":"16afaa68-1868-52c4-b4cd-2cde2e4783e1","REGION_KEY":"netherlands","REGISTRATION_DATE":"2025-11-01","SOURCE_ACCURACY_M":0.1,"SOURCE_DATE":"2026-06-01","SOURCE_FEATURE_DATE":"2024-01-01","SOURCE_ID":"nl-kadaster-top10nl-high-voltage-2026-06","SOURCE_LICENSE":"CC BY 4.0","SOURCE_METHOD":"luchtfoto","SOURCE_URL":"https://api.pdok.nl/kadaster/brt-top10nl/ogc/v1","TOP10NL_CODE":481,"TOP10NL_TYPE":"hoogspanningsleiding","VISUALISATION_CODE":15210,"VOLTAGE_KV":null},"type":"Feature"},{"geometry":{"coordinates":[[5.909599,51.63765],[5.90904,51.634118],[5.908439,51.630587],[5.907881,51.627134],[5.907334,51.623715],[5.906766,51.620295],[5.906156,51.616843],[5.905652,51.613495],[5.905073,51.609937],[5.904461,51.606353],[5.903881,51.602795],[5.90327,51.599251],[5.90269,51.595647],[5.9021,51.592083],[5.90151,51.588485],[5.900942,51.584967],[5.900374,51.581442],[5.899785,51.57795],[5.899249,51.574444],[5.898638,51.570827],[5.898038,51.56723],[5.897449,51.563653],[5.896892,51.56016],[5.896383,51.557168],[5.895784,51.553604],[5.895227,51.550118],[5.894649,51.546541],[5.897017,51.544056],[5.899406,51.541564],[5.900333,51.540575],[5.901721,51.539093],[5.902122,51.538669],[5.902179,51.538608],[5.902217,51.538568],[5.902905,51.537839],[5.90295,51.537791],[5.902952,51.537789],[5.904067,51.536608],[5.904477,51.536176],[5.906924,51.533594],[5.909385,51.531003],[5.912179,51.528062],[5.91352,51.524575],[5.914873,51.521087],[5.916193,51.517646],[5.917545,51.514139],[5.918886,51.510671],[5.920174,51.50721],[5.921577,51.503623],[5.922816,51.500472],[5.924073,51.497116],[5.925392,51.493655],[5.926691,51.49026],[5.928052,51.486772],[5.928652,51.483235],[5.929275,51.479751],[5.929875,51.476181],[5.930507,51.472598],[5.931066,51.469114],[5.931687,51.465537],[5.932278,51.462099],[5.93291,51.458555],[5.9335,51.455084],[5.934152,51.451442],[5.93472,51.447872],[5.935372,51.444295],[5.935982,51.440726],[5.936542,51.437366],[5.937119,51.43377],[5.937687,51.430201],[5.938244,51.426631],[5.938812,51.423114],[5.939401,51.41957],[5.939999,51.415994],[5.940545,51.412424],[5.941123,51.408894],[5.94169,51.405331],[5.942268,51.401748],[5.942856,51.398205],[5.943402,51.394688],[5.944011,51.391144],[5.941971,51.387784],[5.940007,51.384536],[5.938022,51.381261],[5.936068,51.37796],[5.934266,51.375013],[5.932238,51.371647],[5.930201,51.368339],[5.928217,51.365051],[5.926212,51.361724],[5.924239,51.358469],[5.92607,51.355025],[5.927932,51.351607],[5.92973,51.34817],[5.93154,51.344825],[5.933287,51.341519],[5.935116,51.338102],[5.936267,51.335937],[5.937953,51.332843],[5.939689,51.329577],[5.941507,51.326153],[5.943324,51.322748],[5.945121,51.319324],[5.947001,51.315939],[5.948694,51.312653],[5.950375,51.309348],[5.952046,51.306062],[5.953759,51.302763],[5.955492,51.299497],[5.957122,51.29631],[5.9587,51.293255],[5.96036,51.290029],[5.962,51.286868],[5.96367,51.283635],[5.965371,51.280343],[5.96704,51.277116],[5.96872,51.273863],[5.970437,51.270541],[5.970761,51.266943],[5.971114,51.263354],[5.971404,51.259792],[5.97171,51.256612],[5.972001,51.253122],[5.972257,51.250159],[5.972536,51.247387],[5.972737,51.245043],[5.973032,51.241876],[5.970103,51.239094],[5.966856,51.236037],[5.963761,51.233041],[5.960563,51.22998],[5.95773,51.227223],[5.955395,51.225029],[5.952843,51.222594],[5.947683,51.222432],[5.94227,51.222184],[5.938269,51.220245],[5.93428,51.218306],[5.930108,51.216303],[5.925866,51.214221],[5.921625,51.212211],[5.917154,51.210072],[5.913742,51.208389],[5.909572,51.206386],[5.909478,51.20319],[5.909394,51.199808],[5.909249,51.196195],[5.909208,51.192596],[5.909076,51.188984],[5.908989,51.185407],[5.908903,51.181844],[5.908827,51.178149],[5.908716,51.174729],[5.910301,51.171095],[5.912595,51.165904],[5.914086,51.16237],[5.915244,51.159637],[5.916688,51.156351],[5.918172,51.152932],[5.919276,51.150663],[5.919218,51.149827]],"type":"LineString"},"id":"16bd7e5b-c0bf-534c-adf2-127328292ca5","properties":{"ASSET_KIND":"official_transmission_line","EVIDENCE":"official","GEOMETRY_CONFIDENCE":"official-top10nl-1:10000-rounded-6dp-no-simplification","HEIGHT_LEVEL":0,"LOCAL_ID":"130371223","MUTATION_TYPE":null,"NAME":null,"NAMESPACE":"NL.TOP10NL","NUMBER":null,"OBJECT_BEGIN_DATE":"2018-02-01","ORIGINAL_ID":"16bd7e5b-c0bf-534c-adf2-127328292ca5","REGION_KEY":"netherlands","REGISTRATION_DATE":"2019-02-01","SOURCE_ACCURACY_M":0.1,"SOURCE_DATE":"2026-06-01","SOURCE_FEATURE_DATE":"2018-01-01","SOURCE_ID":"nl-kadaster-top10nl-high-voltage-2026-06","SOURCE_LICENSE":"CC BY 4.0","SOURCE_METHOD":"luchtfoto","SOURCE_URL":"https://api.pdok.nl/kadaster/brt-top10nl/ogc/v1","TOP10NL_CODE":481,"TOP10NL_TYPE":"hoogspanningsleiding","VISUALISATION_CODE":15210,"VOLTAGE_KV":null},"type":"Feature"},{"geometry":{"coordinates":[[4.607706,51.573496],[4.607261,51.576306],[4.606794,51.579119],[4.607602,51.58209],[4.608375,51.585042],[4.609155,51.588004],[4.609941,51.590988],[4.610707,51.593936],[4.611494,51.596906]],"type":"LineString"},"id":"16e6de96-ab23-56dc-9bcd-04b9762d5e2e","properties":{"ASSET_KIND":"official_transmission_line","EVIDENCE":"official","GEOMETRY_CONFIDENCE":"official-top10nl-1:10000-rounded-6dp-no-simplification","HEIGHT_LEVEL":0,"LOCAL_ID":"122083019","MUTATION_TYPE":null,"NAME":null,"NAMESPACE":"NL.TOP10NL","NUMBER":null,"OBJECT_BEGIN_DATE":"2011-08-25","ORIGINAL_ID":"16e6de96-ab23-56dc-9bcd-04b9762d5e2e","REGION_KEY":"netherlands","REGISTRATION_DATE":"2019-02-01","SOURCE_ACCURACY_M":0.1,"SOURCE_DATE":"2026-06-01","SOURCE_FEATURE_DATE":"2018-01-01","SOURCE_ID":"nl-kadaster-top10nl-high-voltage-2026-06","SOURCE_LICENSE":"CC BY 4.0","SOURCE_METHOD":"luchtfoto","SOURCE_URL":"https://api.pdok.nl/kadaster/brt-top10nl/ogc/v1","TOP10NL_CODE":481,"TOP10NL_TYPE":"hoogspanningsleiding","VISUALISATION_CODE":15210,"VOLTAGE_KV":null},"type":"Feature"},{"geometry":{"coordinates":[[6.167562,52.67627],[6.163491,52.674625],[6.15918,52.672872],[6.154857,52.671138],[6.150474,52.669371],[6.146341,52.667482],[6.142214,52.665593],[6.138159,52.663733],[6.133985,52.661811],[6.129883,52.659925],[6.125757,52.658032],[6.121566,52.65614],[6.11738,52.654203],[6.113166,52.652288],[6.109011,52.650395],[6.104822,52.648501],[6.100693,52.646644],[6.09654,52.644761],[6.093244,52.642273],[6.089954,52.639799],[6.086967,52.637531],[6.086283,52.637017]],"type":"LineString"},"id":"1725543d-1f08-5e80-988b-087f00a2ad47","properties":{"ASSET_KIND":"official_transmission_line","EVIDENCE":"official","GEOMETRY_CONFIDENCE":"official-top10nl-1:10000-rounded-6dp-no-simplification","HEIGHT_LEVEL":0,"LOCAL_ID":"122082894","MUTATION_TYPE":"werkelijke verandering","NAME":null,"NAMESPACE":"NL.TOP10NL","NUMBER":null,"OBJECT_BEGIN_DATE":"2011-08-25","ORIGINAL_ID":"1725543d-1f08-5e80-988b-087f00a2ad47","REGION_KEY":"netherlands","REGISTRATION_DATE":"2019-04-01","SOURCE_ACCURACY_M":0.1,"SOURCE_DATE":"2026-06-01","SOURCE_FEATURE_DATE":"2018-01-01","SOURCE_ID":"nl-kadaster-top10nl-high-voltage-2026-06","SOURCE_LICENSE":"CC BY 4.0","SOURCE_METHOD":"luchtfoto","SOURCE_URL":"https://api.pdok.nl/kadaster/brt-top10nl/ogc/v1","TOP10NL_CODE":481,"TOP10NL_TYPE":"hoogspanningsleiding","VISUALISATION_CODE":15210,"VOLTAGE_KV":null},"type":"Feature"},{"geometry":{"coordinates":[[6.182103,52.53297],[6.186199,52.531072],[6.186624,52.530988]],"type":"LineString"},"id":"176e7fb6-0c14-5c60-a322-fee3a3221e59","properties":{"ASSET_KIND":"official_transmission_line","EVIDENCE":"official","GEOMETRY_CONFIDENCE":"official-top10nl-1:10000-rounded-6dp-no-simplification","HEIGHT_LEVEL":0,"LOCAL_ID":"122082968","MUTATION_TYPE":null,"NAME":null,"NAMESPACE":"NL.TOP10NL","NUMBER":null,"OBJECT_BEGIN_DATE":"2011-08-25","ORIGINAL_ID":"176e7fb6-0c14-5c60-a322-fee3a3221e59","REGION_KEY":"netherlands","REGISTRATION_DATE":"2019-02-01","SOURCE_ACCURACY_M":0.1,"SOURCE_DATE":"2026-06-01","SOURCE_FEATURE_DATE":"2018-01-01","SOURCE_ID":"nl-kadaster-top10nl-high-voltage-2026-06","SOURCE_LICENSE":"CC BY 4.0","SOURCE_METHOD":"luchtfoto","SOURCE_URL":"https://api.pdok.nl/kadaster/brt-top10nl/ogc/v1","TOP10NL_CODE":481,"TOP10NL_TYPE":"hoogspanningsleiding","VISUALISATION_CODE":15210,"VOLTAGE_KV":null},"type":"Feature"},{"geometry":{"coordinates":[[5.699649,50.752564],[5.698343,50.75261],[5.69305,50.752605],[5.690364,50.752602]],"type":"LineString"},"id":"17ae28de-df44-527e-8b09-c53297adca7f","properties":{"ASSET_KIND":"official_transmission_line","EVIDENCE":"official","GEOMETRY_CONFIDENCE":"official-top10nl-1:10000-rounded-6dp-no-simplification","HEIGHT_LEVEL":0,"LOCAL_ID":"132316460","MUTATION_TYPE":"werkelijke verandering","NAME":null,"NAMESPACE":"NL.TOP10NL","NUMBER":null,"OBJECT_BEGIN_DATE":"2024-11-01","ORIGINAL_ID":"17ae28de-df44-527e-8b09-c53297adca7f","REGION_KEY":"netherlands","REGISTRATION_DATE":"2024-11-01","SOURCE_ACCURACY_M":0.1,"SOURCE_DATE":"2026-06-01","SOURCE_FEATURE_DATE":"2023-01-01","SOURCE_ID":"nl-kadaster-top10nl-high-voltage-2026-06","SOURCE_LICENSE":"CC BY 4.0","SOURCE_METHOD":"luchtfoto","SOURCE_URL":"https://api.pdok.nl/kadaster/brt-top10nl/ogc/v1","TOP10NL_CODE":481,"TOP10NL_TYPE":"hoogspanningsleiding","VISUALISATION_CODE":15210,"VOLTAGE_KV":null},"type":"Feature"},{"geometry":{"coordinates":[[5.7162,50.871162],[5.716999,50.871985],[5.718608,50.873669],[5.722079,50.873647],[5.726373,50.873592],[5.730811,50.873549],[5.734462,50.873504],[5.734958,50.873498],[5.735076,50.873497],[5.735485,50.873492],[5.735553,50.873491],[5.735588,50.87349],[5.735689,50.873489],[5.73608,50.873484],[5.736833,50.873477],[5.736975,50.873475],[5.736998,50.873475],[5.737016,50.873475],[5.737199,50.873473],[5.737315,50.873472]],"type":"LineString"},"id":"185847bb-cd7c-588c-82e5-2ef565a41791","properties":{"ASSET_KIND":"official_transmission_line","EVIDENCE":"official","GEOMETRY_CONFIDENCE":"official-top10nl-1:10000-rounded-6dp-no-simplification","HEIGHT_LEVEL":0,"LOCAL_ID":"129034474","MUTATION_TYPE":null,"NAME":null,"NAMESPACE":"NL.TOP10NL","NUMBER":null,"OBJECT_BEGIN_DATE":"2016-02-01","ORIGINAL_ID":"185847bb-cd7c-588c-82e5-2ef565a41791","REGION_KEY":"netherlands","REGISTRATION_DATE":"2019-02-01","SOURCE_ACCURACY_M":0.1,"SOURCE_DATE":"2026-06-01","SOURCE_FEATURE_DATE":"2018-01-01","SOURCE_ID":"nl-kadaster-top10nl-high-voltage-2026-06","SOURCE_LICENSE":"CC BY 4.0","SOURCE_METHOD":"luchtfoto","SOURCE_URL":"https://api.pdok.nl/kadaster/brt-top10nl/ogc/v1","TOP10NL_CODE":481,"TOP10NL_TYPE":"hoogspanningsleiding","VISUALISATION_CODE":15210,"VOLTAGE_KV":null},"type":"Feature"},{"geometry":{"coordinates":[[5.809203,52.616116],[5.810032,52.61584],[5.810541,52.615671],[5.81107,52.615668],[5.811385,52.615666],[5.811452,52.615666],[5.811553,52.615665],[5.815848,52.61564],[5.816869,52.615634],[5.822388,52.615619],[5.828915,52.615571],[5.83468,52.615573],[5.840293,52.615564],[5.840443,52.615564],[5.840509,52.615564],[5.841207,52.615563],[5.841428,52.615619],[5.841496,52.615636],[5.841558,52.615652],[5.842318,52.615845],[5.843766,52.616212],[5.846159,52.61682],[5.852274,52.618372],[5.858317,52.61988],[5.861009,52.62058],[5.864131,52.619219],[5.870737,52.61622],[5.877004,52.613502],[5.881413,52.611541],[5.885335,52.610094],[5.890529,52.608143],[5.894347,52.606711],[5.899367,52.604848],[5.903809,52.603243],[5.908117,52.601634],[5.912637,52.599952],[5.917063,52.598298],[5.921749,52.596552],[5.925612,52.595099],[5.929784,52.593562],[5.934192,52.591928],[5.938411,52.590376],[5.942068,52.589025],[5.945867,52.587596],[5.949666,52.586196],[5.954646,52.587134],[5.959745,52.588071],[5.966324,52.589286],[5.972498,52.590455],[5.977294,52.588884],[5.980062,52.585221],[5.982814,52.581602],[5.985573,52.577939],[5.98837,52.574213],[5.990926,52.570826],[5.993736,52.569787],[5.998242,52.568102],[6.002551,52.566513],[6.006961,52.564862],[6.011356,52.56321],[6.015553,52.561626],[6.01986,52.559999],[6.024175,52.558444],[6.028616,52.556791],[6.033269,52.556621],[6.037929,52.556436],[6.042913,52.557805],[6.047698,52.559074],[6.052508,52.560376],[6.0559,52.561285],[6.061444,52.562805],[6.066987,52.56432],[6.071806,52.565641],[6.076649,52.566942],[6.081453,52.568244],[6.08538,52.569308],[6.090096,52.570576],[6.094821,52.571843],[6.097856,52.572675],[6.102398,52.5739],[6.104886,52.573687],[6.110067,52.57324],[6.114693,52.572854],[6.120024,52.572381],[6.124999,52.571968],[6.130283,52.571501],[6.135139,52.571083],[6.137935,52.570887]],"type":"LineString"},"id":"18b9adf4-1682-5715-9cf3-ade6ef85298e","properties":{"ASSET_KIND":"official_transmission_line","EVIDENCE":"official","GEOMETRY_CONFIDENCE":"official-top10nl-1:10000-rounded-6dp-no-simplification","HEIGHT_LEVEL":0,"LOCAL_ID":"128594038","MUTATION_TYPE":null,"NAME":null,"NAMESPACE":"NL.TOP10NL","NUMBER":null,"OBJECT_BEGIN_DATE":"2015-03-28","ORIGINAL_ID":"18b9adf4-1682-5715-9cf3-ade6ef85298e","REGION_KEY":"netherlands","REGISTRATION_DATE":"2019-02-01","SOURCE_ACCURACY_M":0.1,"SOURCE_DATE":"2026-06-01","SOURCE_FEATURE_DATE":"2018-01-01","SOURCE_ID":"nl-kadaster-top10nl-high-voltage-2026-06","SOURCE_LICENSE":"CC BY 4.0","SOURCE_METHOD":"luchtfoto","SOURCE_URL":"https://api.pdok.nl/kadaster/brt-top10nl/ogc/v1","TOP10NL_CODE":481,"TOP10NL_TYPE":"hoogspanningsleiding","VISUALISATION_CODE":15210,"VOLTAGE_KV":null},"type":"Feature"},{"geometry":{"coordinates":[[6.702858,52.255996],[6.698396,52.255888],[6.694731,52.255759],[6.690328,52.254356],[6.685993,52.252885],[6.681645,52.251426],[6.676663,52.250596],[6.67171,52.249777],[6.667008,52.249003],[6.662124,52.248175],[6.657186,52.247368],[6.652049,52.24764],[6.649737,52.247763],[6.644587,52.248065],[6.640123,52.248316],[6.635056,52.248596],[6.629954,52.248888],[6.624825,52.249176],[6.619737,52.249459],[6.614753,52.249749],[6.609733,52.250014],[6.604638,52.250296],[6.599481,52.250592],[6.594399,52.250869],[6.592122,52.250999],[6.591129,52.251064]],"type":"LineString"},"id":"19c1f506-83be-510c-a8fe-ef15208f9fbd","properties":{"ASSET_KIND":"official_transmission_line","EVIDENCE":"official","GEOMETRY_CONFIDENCE":"official-top10nl-1:10000-rounded-6dp-no-simplification","HEIGHT_LEVEL":0,"LOCAL_ID":"122083153","MUTATION_TYPE":null,"NAME":null,"NAMESPACE":"NL.TOP10NL","NUMBER":null,"OBJECT_BEGIN_DATE":"2011-08-25","ORIGINAL_ID":"19c1f506-83be-510c-a8fe-ef15208f9fbd","REGION_KEY":"netherlands","REGISTRATION_DATE":"2019-02-01","SOURCE_ACCURACY_M":0.1,"SOURCE_DATE":"2026-06-01","SOURCE_FEATURE_DATE":"2018-01-01","SOURCE_ID":"nl-kadaster-top10nl-high-voltage-2026-06","SOURCE_LICENSE":"CC BY 4.0","SOURCE_METHOD":"luchtfoto","SOURCE_URL":"https://api.pdok.nl/kadaster/brt-top10nl/ogc/v1","TOP10NL_CODE":481,"TOP10NL_TYPE":"hoogspanningsleiding","VISUALISATION_CODE":15210,"VOLTAGE_KV":null},"type":"Feature"},{"geometry":{"coordinates":[[5.056103,52.064984],[5.055531,52.065021]],"type":"LineString"},"id":"1b2ca6b4-275b-58f1-a07f-5cbeceffdeb2","properties":{"ASSET_KIND":"official_transmission_line","EVIDENCE":"official","GEOMETRY_CONFIDENCE":"official-top10nl-1:10000-rounded-6dp-no-simplification","HEIGHT_LEVEL":0,"LOCAL_ID":"122083313","MUTATION_TYPE":null,"NAME":null,"NAMESPACE":"NL.TOP10NL","NUMBER":null,"OBJECT_BEGIN_DATE":"2011-08-25","ORIGINAL_ID":"1b2ca6b4-275b-58f1-a07f-5cbeceffdeb2","REGION_KEY":"netherlands","REGISTRATION_DATE":"2019-02-01","SOURCE_ACCURACY_M":0.1,"SOURCE_DATE":"2026-06-01","SOURCE_FEATURE_DATE":"2018-01-01","SOURCE_ID":"nl-kadaster-top10nl-high-voltage-2026-06","SOURCE_LICENSE":"CC BY 4.0","SOURCE_METHOD":"luchtfoto","SOURCE_URL":"https://api.pdok.nl/kadaster/brt-top10nl/ogc/v1","TOP10NL_CODE":481,"TOP10NL_TYPE":"hoogspanningsleiding","VISUALISATION_CODE":15210,"VOLTAGE_KV":null},"type":"Feature"},{"geometry":{"coordinates":[[5.875246,53.19075],[5.875029,53.190937],[5.873751,53.193483],[5.872467,53.196058],[5.868722,53.1974],[5.86491,53.198752],[5.861106,53.200083],[5.857229,53.201449],[5.853446,53.202801],[5.849352,53.202308],[5.845038,53.201864],[5.840534,53.201294],[5.836323,53.200797],[5.833295,53.201777],[5.830246,53.202779],[5.827006,53.203852]],"type":"LineString"},"id":"1b7fe473-29d4-529c-b1f9-3caf5c75f1a3","properties":{"ASSET_KIND":"official_transmission_line","EVIDENCE":"official","GEOMETRY_CONFIDENCE":"official-top10nl-1:10000-rounded-6dp-no-simplification","HEIGHT_LEVEL":0,"LOCAL_ID":"122083034","MUTATION_TYPE":null,"NAME":null,"NAMESPACE":"NL.TOP10NL","NUMBER":null,"OBJECT_BEGIN_DATE":"2011-08-25","ORIGINAL_ID":"1b7fe473-29d4-529c-b1f9-3caf5c75f1a3","REGION_KEY":"netherlands","REGISTRATION_DATE":"2019-02-01","SOURCE_ACCURACY_M":0.1,"SOURCE_DATE":"2026-06-01","SOURCE_FEATURE_DATE":"2018-01-01","SOURCE_ID":"nl-kadaster-top10nl-high-voltage-2026-06","SOURCE_LICENSE":"CC BY 4.0","SOURCE_METHOD":"luchtfoto","SOURCE_URL":"https://api.pdok.nl/kadaster/brt-top10nl/ogc/v1","TOP10NL_CODE":481,"TOP10NL_TYPE":"hoogspanningsleiding","VISUALISATION_CODE":15210,"VOLTAGE_KV":null},"type":"Feature"},{"geometry":{"coordinates":[[5.919723,51.153372],[5.919463,51.153753]],"type":"LineString"},"id":"1d265156-f13b-5d80-bedc-c85349d641e3","properties":{"ASSET_KIND":"official_transmission_line","EVIDENCE":"official","GEOMETRY_CONFIDENCE":"official-top10nl-1:10000-rounded-6dp-no-simplification","HEIGHT_LEVEL":0,"LOCAL_ID":"132543193","MUTATION_TYPE":"kwaliteitsverbetering","NAME":null,"NAMESPACE":"NL.TOP10NL","NUMBER":null,"OBJECT_BEGIN_DATE":"2025-11-01","ORIGINAL_ID":"1d265156-f13b-5d80-bedc-c85349d641e3","REGION_KEY":"netherlands","REGISTRATION_DATE":"2025-11-01","SOURCE_ACCURACY_M":0.1,"SOURCE_DATE":"2026-06-01","SOURCE_FEATURE_DATE":"2024-01-01","SOURCE_ID":"nl-kadaster-top10nl-high-voltage-2026-06","SOURCE_LICENSE":"CC BY 4.0","SOURCE_METHOD":"luchtfoto","SOURCE_URL":"https://api.pdok.nl/kadaster/brt-top10nl/ogc/v1","TOP10NL_CODE":481,"TOP10NL_TYPE":"hoogspanningsleiding","VISUALISATION_CODE":15210,"VOLTAGE_KV":null},"type":"Feature"},{"geometry":{"coordinates":[[5.297516,51.70934],[5.297302,51.709336],[5.294275,51.709279],[5.291287,51.709266],[5.288259,51.709241],[5.28453,51.710335],[5.28068,51.711463],[5.276988,51.71256],[5.275348,51.713135],[5.273708,51.713503],[5.269779,51.714657],[5.265824,51.715822],[5.261925,51.716937],[5.257994,51.718105],[5.254052,51.719228],[5.250127,51.720385],[5.245411,51.720515],[5.240688,51.720645],[5.235959,51.720775],[5.231205,51.7209],[5.226537,51.721034],[5.221826,51.721159],[5.217121,51.721296],[5.212508,51.721406],[5.207894,51.721549],[5.204247,51.719828],[5.200648,51.718126],[5.197335,51.716545],[5.194015,51.714967],[5.19112,51.713598],[5.187475,51.71187],[5.182983,51.711016],[5.178491,51.710144],[5.173961,51.709285],[5.169518,51.708437],[5.165005,51.707585],[5.16067,51.706756],[5.155991,51.706714],[5.151274,51.706674],[5.146594,51.706627],[5.141877,51.706584],[5.137252,51.706544],[5.132557,51.70651],[5.127796,51.70646],[5.123101,51.706419],[5.118443,51.706381],[5.113769,51.706347],[5.10948,51.706313],[5.104789,51.706285],[5.100072,51.706247],[5.095301,51.706215],[5.090524,51.706186],[5.089278,51.706162]],"type":"LineString"},"id":"1da7d508-8209-5a01-9631-6c10047381a6","properties":{"ASSET_KIND":"official_transmission_line","EVIDENCE":"official","GEOMETRY_CONFIDENCE":"official-top10nl-1:10000-rounded-6dp-no-simplification","HEIGHT_LEVEL":0,"LOCAL_ID":"122083137","MUTATION_TYPE":null,"NAME":null,"NAMESPACE":"NL.TOP10NL","NUMBER":null,"OBJECT_BEGIN_DATE":"2011-08-25","ORIGINAL_ID":"1da7d508-8209-5a01-9631-6c10047381a6","REGION_KEY":"netherlands","REGISTRATION_DATE":"2019-02-01","SOURCE_ACCURACY_M":0.1,"SOURCE_DATE":"2026-06-01","SOURCE_FEATURE_DATE":"2018-01-01","SOURCE_ID":"nl-kadaster-top10nl-high-voltage-2026-06","SOURCE_LICENSE":"CC BY 4.0","SOURCE_METHOD":"luchtfoto","SOURCE_URL":"https://api.pdok.nl/kadaster/brt-top10nl/ogc/v1","TOP10NL_CODE":481,"TOP10NL_TYPE":"hoogspanningsleiding","VISUALISATION_CODE":15210,"VOLTAGE_KV":null},"type":"Feature"},{"geometry":{"coordinates":[[3.978067,51.462292],[3.981056,51.463858],[3.985663,51.466336],[3.991517,51.466916],[3.996904,51.467453],[4.003117,51.467692],[4.008983,51.467889],[4.016096,51.468145],[4.021471,51.468291],[4.026834,51.468451],[4.032281,51.468604],[4.037323,51.46663],[4.042474,51.464597],[4.047588,51.462601],[4.052726,51.460575],[4.057851,51.458578],[4.062976,51.456574],[4.067665,51.454677],[4.072111,51.452875],[4.076969,51.450912],[4.082238,51.448819],[4.087569,51.446651],[4.092777,51.444571],[4.097595,51.443125],[4.102762,51.441614],[4.107711,51.440176],[4.112624,51.43873],[4.117512,51.437283],[4.121867,51.434293],[4.126209,51.431318],[4.131418,51.429499],[4.136628,51.427657],[4.141885,51.425824],[4.147488,51.425778],[4.153439,51.425744],[4.159403,51.425702],[4.16545,51.425668],[4.171497,51.425626],[4.177533,51.425584],[4.183225,51.42583],[4.188976,51.426099],[4.193684,51.426135],[4.199435,51.426193],[4.202877,51.423419],[4.207192,51.423575],[4.211537,51.423756],[4.216001,51.423932],[4.218072,51.424453]],"type":"LineString"},"id":"1ddb38fa-a7f4-53ab-89a3-9ba820cbd69a","properties":{"ASSET_KIND":"official_transmission_line","EVIDENCE":"official","GEOMETRY_CONFIDENCE":"official-top10nl-1:10000-rounded-6dp-no-simplification","HEIGHT_LEVEL":0,"LOCAL_ID":"132561597","MUTATION_TYPE":"werkelijke verandering","NAME":null,"NAMESPACE":"NL.TOP10NL","NUMBER":null,"OBJECT_BEGIN_DATE":"2026-02-01","ORIGINAL_ID":"1ddb38fa-a7f4-53ab-89a3-9ba820cbd69a","REGION_KEY":"netherlands","REGISTRATION_DATE":"2026-02-01","SOURCE_ACCURACY_M":0.1,"SOURCE_DATE":"2026-06-01","SOURCE_FEATURE_DATE":"2025-01-01","SOURCE_ID":"nl-kadaster-top10nl-high-voltage-2026-06","SOURCE_LICENSE":"CC BY 4.0","SOURCE_METHOD":"luchtfoto","SOURCE_URL":"https://api.pdok.nl/kadaster/brt-top10nl/ogc/v1","TOP10NL_CODE":481,"TOP10NL_TYPE":"hoogspanningsleiding","VISUALISATION_CODE":15210,"VOLTAGE_KV":null},"type":"Feature"},{"geometry":{"coordinates":[[5.743768,53.103184],[5.743709,53.103904],[5.746094,53.106033],[5.748471,53.108185],[5.750838,53.110307],[5.753225,53.112441],[5.755583,53.114593],[5.75796,53.116715],[5.760348,53.118885],[5.762796,53.121072],[5.765194,53.123241],[5.765386,53.125901],[5.765568,53.128519],[5.765739,53.131136],[5.765911,53.133736],[5.766122,53.136366],[5.766314,53.13899],[5.766476,53.141614],[5.766657,53.144237],[5.766829,53.146861],[5.767051,53.149509],[5.767243,53.152174],[5.767445,53.154833],[5.767637,53.157457],[5.767868,53.160116],[5.76806,53.162776],[5.768252,53.165418],[5.768434,53.168017],[5.768656,53.170671],[5.768878,53.173342],[5.769061,53.175868],[5.769241,53.178344],[5.769426,53.180857],[5.772846,53.18261],[5.776901,53.182311],[5.780593,53.182059],[5.784244,53.181786],[5.788043,53.181519],[5.79183,53.181245],[5.795695,53.180974],[5.800081,53.180998],[5.804467,53.181012],[5.808781,53.18105],[5.813089,53.181067],[5.817499,53.181084],[5.821592,53.181613],[5.825805,53.182203],[5.830036,53.182771],[5.834272,53.183331],[5.837065,53.1837],[5.841284,53.184264],[5.844358,53.184686],[5.848681,53.185493],[5.85295,53.186278],[5.855638,53.186783],[5.859668,53.187537],[5.862965,53.188143],[5.866243,53.188749],[5.869502,53.18934],[5.873811,53.190145],[5.874192,53.190028]],"type":"LineString"},"id":"1e448f0c-1c07-5068-85f2-7dbe4d5db500","properties":{"ASSET_KIND":"official_transmission_line","EVIDENCE":"official","GEOMETRY_CONFIDENCE":"official-top10nl-1:10000-rounded-6dp-no-simplification","HEIGHT_LEVEL":0,"LOCAL_ID":"122082962","MUTATION_TYPE":null,"NAME":null,"NAMESPACE":"NL.TOP10NL","NUMBER":null,"OBJECT_BEGIN_DATE":"2011-08-25","ORIGINAL_ID":"1e448f0c-1c07-5068-85f2-7dbe4d5db500","REGION_KEY":"netherlands","REGISTRATION_DATE":"2019-02-01","SOURCE_ACCURACY_M":0.1,"SOURCE_DATE":"2026-06-01","SOURCE_FEATURE_DATE":"2018-01-01","SOURCE_ID":"nl-kadaster-top10nl-high-voltage-2026-06","SOURCE_LICENSE":"CC BY 4.0","SOURCE_METHOD":"luchtfoto","SOURCE_URL":"https://api.pdok.nl/kadaster/brt-top10nl/ogc/v1","TOP10NL_CODE":481,"TOP10NL_TYPE":"hoogspanningsleiding","VISUALISATION_CODE":15210,"VOLTAGE_KV":null},"type":"Feature"},{"geometry":{"coordinates":[[4.839906,51.709875],[4.839195,51.707569],[4.83816,51.705337],[4.838693,51.702023],[4.839249,51.700735],[4.839795,51.699483],[4.840361,51.698166],[4.840927,51.696808],[4.841141,51.6958]],"type":"LineString"},"id":"20336ed1-d184-5610-8431-f702705d50c5","properties":{"ASSET_KIND":"official_transmission_line","EVIDENCE":"official","GEOMETRY_CONFIDENCE":"official-top10nl-1:10000-rounded-6dp-no-simplification","HEIGHT_LEVEL":0,"LOCAL_ID":"122083343","MUTATION_TYPE":null,"NAME":null,"NAMESPACE":"NL.TOP10NL","NUMBER":null,"OBJECT_BEGIN_DATE":"2011-08-25","ORIGINAL_ID":"20336ed1-d184-5610-8431-f702705d50c5","REGION_KEY":"netherlands","REGISTRATION_DATE":"2019-02-01","SOURCE_ACCURACY_M":0.1,"SOURCE_DATE":"2026-06-01","SOURCE_FEATURE_DATE":"2018-01-01","SOURCE_ID":"nl-kadaster-top10nl-high-voltage-2026-06","SOURCE_LICENSE":"CC BY 4.0","SOURCE_METHOD":"luchtfoto","SOURCE_URL":"https://api.pdok.nl/kadaster/brt-top10nl/ogc/v1","TOP10NL_CODE":481,"TOP10NL_TYPE":"hoogspanningsleiding","VISUALISATION_CODE":15210,"VOLTAGE_KV":null},"type":"Feature"},{"geometry":{"coordinates":[[5.272171,51.374444],[5.276298,51.374735],[5.280431,51.375035],[5.284872,51.375346],[5.289351,51.375669],[5.293648,51.375971],[5.297951,51.376274],[5.302273,51.376577],[5.307031,51.376151],[5.311795,51.375717],[5.316181,51.375318],[5.320838,51.374903],[5.325507,51.37448],[5.32949,51.374116],[5.332137,51.375133],[5.336037,51.376659],[5.340056,51.378224],[5.344081,51.379801],[5.348095,51.38135],[5.352134,51.382934],[5.355757,51.384128],[5.359363,51.385279],[5.362949,51.386426],[5.366794,51.387659],[5.371068,51.386597],[5.37429,51.385798],[5.377853,51.384912],[5.381396,51.384038],[5.384939,51.38316],[5.388872,51.3844],[5.392856,51.385648],[5.396972,51.386936],[5.400994,51.388207],[5.404053,51.389162],[5.405306,51.389554],[5.406312,51.389869],[5.406361,51.389884],[5.406375,51.389889],[5.406409,51.3899],[5.406457,51.389914],[5.406529,51.389937],[5.406578,51.389952],[5.40667,51.389981],[5.407969,51.390388],[5.409561,51.390888],[5.410267,51.391105],[5.413823,51.392198],[5.418079,51.39354],[5.418667,51.393724],[5.418875,51.393789],[5.41916,51.393878],[5.419274,51.393913],[5.419309,51.393924],[5.419875,51.394101],[5.420743,51.394372],[5.421932,51.394744],[5.422098,51.394796],[5.422322,51.394866],[5.426377,51.396152],[5.43064,51.397474],[5.430678,51.397485],[5.431576,51.397746],[5.431629,51.397761],[5.431712,51.397785],[5.431749,51.397796],[5.433001,51.39816],[5.433038,51.398171],[5.43307,51.39818],[5.433095,51.398187],[5.43313,51.398197],[5.433161,51.398206],[5.43319,51.398215],[5.433225,51.398225],[5.43326,51.398235],[5.433264,51.398236],[5.433336,51.398257],[5.434009,51.398453],[5.436366,51.399134],[5.436458,51.399161],[5.438323,51.399699],[5.4402,51.400238],[5.440257,51.400254],[5.440336,51.400276],[5.440427,51.400302],[5.44055,51.400338],[5.440673,51.400373],[5.442618,51.40093],[5.44385,51.401212],[5.444945,51.401462],[5.445456,51.401579],[5.447019,51.401936],[5.448464,51.402271],[5.451409,51.402954],[5.455786,51.403967],[5.460201,51.404961],[5.462893,51.407018],[5.465257,51.408828],[5.466031,51.409289]],"type":"LineString"},"id":"203a37a1-3be5-5e13-946a-92716f4cef6a","properties":{"ASSET_KIND":"official_transmission_line","EVIDENCE":"official","GEOMETRY_CONFIDENCE":"official-top10nl-1:10000-rounded-6dp-no-simplification","HEIGHT_LEVEL":0,"LOCAL_ID":"131059768","MUTATION_TYPE":null,"NAME":null,"NAMESPACE":"NL.TOP10NL","NUMBER":null,"OBJECT_BEGIN_DATE":"2020-02-01","ORIGINAL_ID":"203a37a1-3be5-5e13-946a-92716f4cef6a","REGION_KEY":"netherlands","REGISTRATION_DATE":"2020-02-01","SOURCE_ACCURACY_M":0.1,"SOURCE_DATE":"2026-06-01","SOURCE_FEATURE_DATE":"2019-01-01","SOURCE_ID":"nl-kadaster-top10nl-high-voltage-2026-06","SOURCE_LICENSE":"CC BY 4.0","SOURCE_METHOD":"luchtfoto","SOURCE_URL":"https://api.pdok.nl/kadaster/brt-top10nl/ogc/v1","TOP10NL_CODE":481,"TOP10NL_TYPE":"hoogspanningsleiding","VISUALISATION_CODE":15210,"VOLTAGE_KV":null},"type":"Feature"},{"geometry":{"coordinates":[[6.768454,52.27491],[6.769618,52.27561],[6.772769,52.275319],[6.774345,52.274362],[6.774592,52.274205]],"type":"LineString"},"id":"20481371-3ec1-51dd-ac34-11a616c257f2","properties":{"ASSET_KIND":"official_transmission_line","EVIDENCE":"official","GEOMETRY_CONFIDENCE":"official-top10nl-1:10000-rounded-6dp-no-simplification","HEIGHT_LEVEL":0,"LOCAL_ID":"122083351","MUTATION_TYPE":null,"NAME":null,"NAMESPACE":"NL.TOP10NL","NUMBER":null,"OBJECT_BEGIN_DATE":"2011-08-25","ORIGINAL_ID":"20481371-3ec1-51dd-ac34-11a616c257f2","REGION_KEY":"netherlands","REGISTRATION_DATE":"2019-02-01","SOURCE_ACCURACY_M":0.1,"SOURCE_DATE":"2026-06-01","SOURCE_FEATURE_DATE":"2018-01-01","SOURCE_ID":"nl-kadaster-top10nl-high-voltage-2026-06","SOURCE_LICENSE":"CC BY 4.0","SOURCE_METHOD":"luchtfoto","SOURCE_URL":"https://api.pdok.nl/kadaster/brt-top10nl/ogc/v1","TOP10NL_CODE":481,"TOP10NL_TYPE":"hoogspanningsleiding","VISUALISATION_CODE":15210,"VOLTAGE_KV":null},"type":"Feature"},{"geometry":{"coordinates":[[5.907908,51.153165],[5.909616,51.152186],[5.913219,51.152433],[5.916478,51.152629],[5.91754,51.152714]],"type":"LineString"},"id":"20dd390c-73ad-5d92-81f3-d1735a4d9fca","properties":{"ASSET_KIND":"official_transmission_line","EVIDENCE":"official","GEOMETRY_CONFIDENCE":"official-top10nl-1:10000-rounded-6dp-no-simplification","HEIGHT_LEVEL":0,"LOCAL_ID":"122082917","MUTATION_TYPE":"kwaliteitsverbetering","NAME":null,"NAMESPACE":"NL.TOP10NL","NUMBER":null,"OBJECT_BEGIN_DATE":"2011-08-25","ORIGINAL_ID":"20dd390c-73ad-5d92-81f3-d1735a4d9fca","REGION_KEY":"netherlands","REGISTRATION_DATE":"2025-11-01","SOURCE_ACCURACY_M":0.1,"SOURCE_DATE":"2026-06-01","SOURCE_FEATURE_DATE":"2024-01-01","SOURCE_ID":"nl-kadaster-top10nl-high-voltage-2026-06","SOURCE_LICENSE":"CC BY 4.0","SOURCE_METHOD":"luchtfoto","SOURCE_URL":"https://api.pdok.nl/kadaster/brt-top10nl/ogc/v1","TOP10NL_CODE":481,"TOP10NL_TYPE":"hoogspanningsleiding","VISUALISATION_CODE":15210,"VOLTAGE_KV":null},"type":"Feature"},{"geometry":{"coordinates":[[4.439375,51.548036],[4.43877,51.547287],[4.43675,51.54481],[4.434736,51.542319],[4.432711,51.539827],[4.431745,51.53865],[4.431597,51.53847],[4.431365,51.538186],[4.430864,51.537576],[4.430673,51.537342],[4.430185,51.536735],[4.429335,51.535679],[4.428602,51.534768],[4.428345,51.53446],[4.428108,51.534175],[4.427418,51.533346],[4.427006,51.532851],[4.426517,51.532264],[4.424578,51.529698],[4.42265,51.527169],[4.420558,51.524455],[4.41795,51.522041],[4.415326,51.519566],[4.412684,51.517091],[4.411089,51.515606],[4.408713,51.513362],[4.406312,51.51111],[4.403906,51.508872],[4.40253,51.507584],[4.398432,51.506725],[4.394088,51.505853],[4.389691,51.504951],[4.385313,51.504041],[4.38094,51.503145],[4.376544,51.502254],[4.372195,51.501351],[4.367787,51.500459],[4.363517,51.499579],[4.359187,51.498702],[4.354762,51.497783],[4.350563,51.496929],[4.347474,51.494786],[4.34432,51.492623],[4.341178,51.490468],[4.338025,51.488316],[4.335077,51.486279],[4.332156,51.484282],[4.329434,51.481928],[4.326753,51.479597],[4.324043,51.477255],[4.323396,51.476691],[4.322244,51.475688],[4.32222,51.475667],[4.322198,51.475647],[4.322143,51.475599],[4.322112,51.475572],[4.322084,51.475548],[4.322009,51.475483],[4.322009,51.475482],[4.321363,51.47492],[4.320661,51.47431],[4.319503,51.473305],[4.318765,51.472664],[4.314732,51.471518],[4.314564,51.471471],[4.314539,51.471464],[4.314516,51.471457],[4.31415,51.471353],[4.312545,51.470899],[4.310634,51.470357],[4.308047,51.469457],[4.306466,51.467881],[4.305585,51.467194]],"type":"LineString"},"id":"21ad2170-669a-53fb-8d2e-045858073860","properties":{"ASSET_KIND":"official_transmission_line","EVIDENCE":"official","GEOMETRY_CONFIDENCE":"official-top10nl-1:10000-rounded-6dp-no-simplification","HEIGHT_LEVEL":0,"LOCAL_ID":"126320250","MUTATION_TYPE":"kwaliteitsverbetering","NAME":null,"NAMESPACE":"NL.TOP10NL","NUMBER":null,"OBJECT_BEGIN_DATE":"2013-08-30","ORIGINAL_ID":"21ad2170-669a-53fb-8d2e-045858073860","REGION_KEY":"netherlands","REGISTRATION_DATE":"2024-02-01","SOURCE_ACCURACY_M":0.1,"SOURCE_DATE":"2026-06-01","SOURCE_FEATURE_DATE":"2022-01-01","SOURCE_ID":"nl-kadaster-top10nl-high-voltage-2026-06","SOURCE_LICENSE":"CC BY 4.0","SOURCE_METHOD":"luchtfoto","SOURCE_URL":"https://api.pdok.nl/kadaster/brt-top10nl/ogc/v1","TOP10NL_CODE":481,"TOP10NL_TYPE":"hoogspanningsleiding","VISUALISATION_CODE":15210,"VOLTAGE_KV":null},"type":"Feature"},{"geometry":{"coordinates":[[5.982974,51.305251],[5.982571,51.306112]],"type":"LineString"},"id":"21e797be-2e52-5160-9ee3-8e8f375f4040","properties":{"ASSET_KIND":"official_transmission_line","EVIDENCE":"official","GEOMETRY_CONFIDENCE":"official-top10nl-1:10000-rounded-6dp-no-simplification","HEIGHT_LEVEL":0,"LOCAL_ID":"122083245","MUTATION_TYPE":null,"NAME":null,"NAMESPACE":"NL.TOP10NL","NUMBER":null,"OBJECT_BEGIN_DATE":"2011-08-25","ORIGINAL_ID":"21e797be-2e52-5160-9ee3-8e8f375f4040","REGION_KEY":"netherlands","REGISTRATION_DATE":"2019-02-01","SOURCE_ACCURACY_M":0.1,"SOURCE_DATE":"2026-06-01","SOURCE_FEATURE_DATE":"2018-01-01","SOURCE_ID":"nl-kadaster-top10nl-high-voltage-2026-06","SOURCE_LICENSE":"CC BY 4.0","SOURCE_METHOD":"luchtfoto","SOURCE_URL":"https://api.pdok.nl/kadaster/brt-top10nl/ogc/v1","TOP10NL_CODE":481,"TOP10NL_TYPE":"hoogspanningsleiding","VISUALISATION_CODE":15210,"VOLTAGE_KV":null},"type":"Feature"},{"geometry":{"coordinates":[[3.978067,51.462292],[3.977,51.462528],[3.976805,51.462571],[3.975274,51.462908],[3.974481,51.463083],[3.974194,51.463147],[3.972881,51.463437],[3.969375,51.464211],[3.964261,51.465326],[3.95917,51.466449],[3.955367,51.466452]],"type":"LineString"},"id":"2212c56f-ed8c-5789-bb67-58f39a555bc9","properties":{"ASSET_KIND":"official_transmission_line","EVIDENCE":"official","GEOMETRY_CONFIDENCE":"official-top10nl-1:10000-rounded-6dp-no-simplification","HEIGHT_LEVEL":0,"LOCAL_ID":"132561600","MUTATION_TYPE":"werkelijke verandering","NAME":null,"NAMESPACE":"NL.TOP10NL","NUMBER":null,"OBJECT_BEGIN_DATE":"2026-02-01","ORIGINAL_ID":"2212c56f-ed8c-5789-bb67-58f39a555bc9","REGION_KEY":"netherlands","REGISTRATION_DATE":"2026-02-01","SOURCE_ACCURACY_M":0.1,"SOURCE_DATE":"2026-06-01","SOURCE_FEATURE_DATE":"2025-01-01","SOURCE_ID":"nl-kadaster-top10nl-high-voltage-2026-06","SOURCE_LICENSE":"CC BY 4.0","SOURCE_METHOD":"luchtfoto","SOURCE_URL":"https://api.pdok.nl/kadaster/brt-top10nl/ogc/v1","TOP10NL_CODE":481,"TOP10NL_TYPE":"hoogspanningsleiding","VISUALISATION_CODE":15210,"VOLTAGE_KV":null},"type":"Feature"},{"geometry":{"coordinates":[[4.753774,51.614168],[4.758524,51.613578],[4.761065,51.613245],[4.765959,51.612636],[4.77073,51.612014],[4.773453,51.609441],[4.773763,51.608792]],"type":"LineString"},"id":"22f73df5-b3b7-5b51-b30c-bf149cf38dc1","properties":{"ASSET_KIND":"official_transmission_line","EVIDENCE":"official","GEOMETRY_CONFIDENCE":"official-top10nl-1:10000-rounded-6dp-no-simplification","HEIGHT_LEVEL":0,"LOCAL_ID":"132440620","MUTATION_TYPE":"werkelijke verandering","NAME":null,"NAMESPACE":"NL.TOP10NL","NUMBER":null,"OBJECT_BEGIN_DATE":"2025-06-01","ORIGINAL_ID":"22f73df5-b3b7-5b51-b30c-bf149cf38dc1","REGION_KEY":"netherlands","REGISTRATION_DATE":"2025-06-01","SOURCE_ACCURACY_M":0.1,"SOURCE_DATE":"2026-06-01","SOURCE_FEATURE_DATE":"2024-01-01","SOURCE_ID":"nl-kadaster-top10nl-high-voltage-2026-06","SOURCE_LICENSE":"CC BY 4.0","SOURCE_METHOD":"luchtfoto","SOURCE_URL":"https://api.pdok.nl/kadaster/brt-top10nl/ogc/v1","TOP10NL_CODE":481,"TOP10NL_TYPE":"hoogspanningsleiding","VISUALISATION_CODE":15210,"VOLTAGE_KV":null},"type":"Feature"},{"geometry":{"coordinates":[[6.137935,52.570887],[6.140601,52.56767],[6.142947,52.56476],[6.145239,52.561947],[6.147514,52.559129],[6.149836,52.556311],[6.152142,52.553459],[6.154456,52.550611],[6.156753,52.547755],[6.159113,52.544897],[6.162884,52.542954],[6.166788,52.540903],[6.170495,52.53895],[6.174282,52.537054],[6.178169,52.535003],[6.182103,52.53297]],"type":"LineString"},"id":"237a7081-01ed-59f0-aa49-9d159306af16","properties":{"ASSET_KIND":"official_transmission_line","EVIDENCE":"official","GEOMETRY_CONFIDENCE":"official-top10nl-1:10000-rounded-6dp-no-simplification","HEIGHT_LEVEL":0,"LOCAL_ID":"122083237","MUTATION_TYPE":null,"NAME":null,"NAMESPACE":"NL.TOP10NL","NUMBER":null,"OBJECT_BEGIN_DATE":"2011-08-25","ORIGINAL_ID":"237a7081-01ed-59f0-aa49-9d159306af16","REGION_KEY":"netherlands","REGISTRATION_DATE":"2019-02-01","SOURCE_ACCURACY_M":0.1,"SOURCE_DATE":"2026-06-01","SOURCE_FEATURE_DATE":"2018-01-01","SOURCE_ID":"nl-kadaster-top10nl-high-voltage-2026-06","SOURCE_LICENSE":"CC BY 4.0","SOURCE_METHOD":"luchtfoto","SOURCE_URL":"https://api.pdok.nl/kadaster/brt-top10nl/ogc/v1","TOP10NL_CODE":481,"TOP10NL_TYPE":"hoogspanningsleiding","VISUALISATION_CODE":15210,"VOLTAGE_KV":null},"type":"Feature"},{"geometry":{"coordinates":[[4.609471,51.597766],[4.611499,51.597914],[4.6142,51.597981]],"type":"LineString"},"id":"23ab5edc-6051-51f4-b71c-62aa9f8e3e29","properties":{"ASSET_KIND":"official_transmission_line","EVIDENCE":"official","GEOMETRY_CONFIDENCE":"official-top10nl-1:10000-rounded-6dp-no-simplification","HEIGHT_LEVEL":0,"LOCAL_ID":"122082951","MUTATION_TYPE":null,"NAME":null,"NAMESPACE":"NL.TOP10NL","NUMBER":null,"OBJECT_BEGIN_DATE":"2011-08-25","ORIGINAL_ID":"23ab5edc-6051-51f4-b71c-62aa9f8e3e29","REGION_KEY":"netherlands","REGISTRATION_DATE":"2019-02-01","SOURCE_ACCURACY_M":0.1,"SOURCE_DATE":"2026-06-01","SOURCE_FEATURE_DATE":"2018-01-01","SOURCE_ID":"nl-kadaster-top10nl-high-voltage-2026-06","SOURCE_LICENSE":"CC BY 4.0","SOURCE_METHOD":"luchtfoto","SOURCE_URL":"https://api.pdok.nl/kadaster/brt-top10nl/ogc/v1","TOP10NL_CODE":481,"TOP10NL_TYPE":"hoogspanningsleiding","VISUALISATION_CODE":15210,"VOLTAGE_KV":null},"type":"Feature"},{"geometry":{"coordinates":[[6.096031,51.34221],[6.094608,51.340618],[6.092577,51.33837],[6.090474,51.336052],[6.088655,51.334051],[6.086743,51.331953],[6.08491,51.329854],[6.084916,51.328127],[6.085003,51.326131],[6.085051,51.325055],[6.085162,51.322908],[6.083086,51.321075],[6.081617,51.319776],[6.080207,51.318538],[6.07804,51.316637],[6.075906,51.314768],[6.073574,51.312692],[6.071203,51.310633],[6.069267,51.308929],[6.066817,51.306756],[6.064342,51.304596],[6.061939,51.302475],[6.059826,51.300618],[6.057008,51.298984],[6.053888,51.297165],[6.050763,51.295354],[6.047599,51.293511],[6.045797,51.29247],[6.042915,51.290796],[6.040033,51.289138],[6.036875,51.28729],[6.033797,51.285499],[6.030649,51.283773],[6.027638,51.282108],[6.024372,51.280309],[6.021126,51.27853],[6.01788,51.276739],[6.014641,51.274957],[6.011383,51.273174],[6.008177,51.271399],[6.005965,51.269215],[6.003768,51.267064],[6.001458,51.264775],[5.999149,51.262498],[5.996853,51.260237],[5.994636,51.258045],[5.992577,51.255995],[5.990243,51.253726],[5.987948,51.251449],[5.985712,51.249236],[5.983608,51.247162],[5.981238,51.244822],[5.979018,51.242655],[5.976628,51.240259],[5.974345,51.238013],[5.972052,51.235774],[5.969972,51.233744],[5.9677,51.231472],[5.96547,51.229271],[5.965222,51.22859],[5.964808,51.227458],[5.966599,51.226072],[5.966644,51.226037],[5.966721,51.225978],[5.96682,51.225901],[5.967268,51.225605],[5.967356,51.225547],[5.967374,51.225535],[5.967387,51.225526],[5.967441,51.22549],[5.967507,51.225447],[5.96771,51.225313],[5.9678,51.225253],[5.968115,51.225045]],"type":"LineString"},"id":"249ca3c0-56be-55c4-b68a-1c9f7e183631","properties":{"ASSET_KIND":"official_transmission_line","EVIDENCE":"official","GEOMETRY_CONFIDENCE":"official-top10nl-1:10000-rounded-6dp-no-simplification","HEIGHT_LEVEL":0,"LOCAL_ID":"122083370","MUTATION_TYPE":null,"NAME":null,"NAMESPACE":"NL.TOP10NL","NUMBER":null,"OBJECT_BEGIN_DATE":"2011-08-25","ORIGINAL_ID":"249ca3c0-56be-55c4-b68a-1c9f7e183631","REGION_KEY":"netherlands","REGISTRATION_DATE":"2019-02-01","SOURCE_ACCURACY_M":0.1,"SOURCE_DATE":"2026-06-01","SOURCE_FEATURE_DATE":"2018-01-01","SOURCE_ID":"nl-kadaster-top10nl-high-voltage-2026-06","SOURCE_LICENSE":"CC BY 4.0","SOURCE_METHOD":"luchtfoto","SOURCE_URL":"https://api.pdok.nl/kadaster/brt-top10nl/ogc/v1","TOP10NL_CODE":481,"TOP10NL_TYPE":"hoogspanningsleiding","VISUALISATION_CODE":15210,"VOLTAGE_KV":null},"type":"Feature"},{"geometry":{"coordinates":[[4.622494,51.764222],[4.619851,51.763713],[4.617706,51.763301],[4.614782,51.762739],[4.611893,51.762164],[4.608992,51.761611],[4.607194,51.761275]],"type":"LineString"},"id":"24db822d-4907-5572-9616-aa21bf22f77f","properties":{"ASSET_KIND":"official_transmission_line","EVIDENCE":"official","GEOMETRY_CONFIDENCE":"official-top10nl-1:10000-rounded-6dp-no-simplification","HEIGHT_LEVEL":0,"LOCAL_ID":"122083102","MUTATION_TYPE":null,"NAME":null,"NAMESPACE":"NL.TOP10NL","NUMBER":null,"OBJECT_BEGIN_DATE":"2011-08-25","ORIGINAL_ID":"24db822d-4907-5572-9616-aa21bf22f77f","REGION_KEY":"netherlands","REGISTRATION_DATE":"2019-02-01","SOURCE_ACCURACY_M":0.1,"SOURCE_DATE":"2026-06-01","SOURCE_FEATURE_DATE":"2018-01-01","SOURCE_ID":"nl-kadaster-top10nl-high-voltage-2026-06","SOURCE_LICENSE":"CC BY 4.0","SOURCE_METHOD":"luchtfoto","SOURCE_URL":"https://api.pdok.nl/kadaster/brt-top10nl/ogc/v1","TOP10NL_CODE":481,"TOP10NL_TYPE":"hoogspanningsleiding","VISUALISATION_CODE":15210,"VOLTAGE_KV":null},"type":"Feature"},{"geometry":{"coordinates":[[5.919463,51.153753],[5.918403,51.156201],[5.917359,51.158612],[5.916347,51.160907],[5.915278,51.16336],[5.914054,51.166129],[5.911803,51.171341],[5.910537,51.174227],[5.913042,51.176411],[5.915546,51.178632],[5.918077,51.180848],[5.920743,51.183189],[5.923096,51.185253],[5.925533,51.18739],[5.927921,51.189495],[5.930461,51.191737],[5.933219,51.193251],[5.936315,51.194979],[5.939444,51.196691],[5.942574,51.19844],[5.945822,51.200256],[5.94902,51.20201],[5.952277,51.2038],[5.955307,51.205496],[5.958294,51.207151],[5.961375,51.208878],[5.964422,51.210559],[5.964421,51.213144],[5.964396,51.215803],[5.964389,51.21853],[5.964387,51.220404],[5.96439,51.22283],[5.964343,51.225447]],"type":"LineString"},"id":"251cc6e1-5129-57c7-8484-34e519b92d01","properties":{"ASSET_KIND":"official_transmission_line","EVIDENCE":"official","GEOMETRY_CONFIDENCE":"official-top10nl-1:10000-rounded-6dp-no-simplification","HEIGHT_LEVEL":0,"LOCAL_ID":"127202440","MUTATION_TYPE":null,"NAME":null,"NAMESPACE":"NL.TOP10NL","NUMBER":null,"OBJECT_BEGIN_DATE":"2014-03-29","ORIGINAL_ID":"251cc6e1-5129-57c7-8484-34e519b92d01","REGION_KEY":"netherlands","REGISTRATION_DATE":"2019-02-01","SOURCE_ACCURACY_M":0.1,"SOURCE_DATE":"2026-06-01","SOURCE_FEATURE_DATE":"2018-01-01","SOURCE_ID":"nl-kadaster-top10nl-high-voltage-2026-06","SOURCE_LICENSE":"CC BY 4.0","SOURCE_METHOD":"luchtfoto","SOURCE_URL":"https://api.pdok.nl/kadaster/brt-top10nl/ogc/v1","TOP10NL_CODE":481,"TOP10NL_TYPE":"hoogspanningsleiding","VISUALISATION_CODE":15210,"VOLTAGE_KV":null},"type":"Feature"},{"geometry":{"coordinates":[[5.015315,52.334914],[5.01451,52.335321],[5.014464,52.335764]],"type":"LineString"},"id":"266c1e83-4b05-59be-8ceb-c8a1fba562fa","properties":{"ASSET_KIND":"official_transmission_line","EVIDENCE":"official","GEOMETRY_CONFIDENCE":"official-top10nl-1:10000-rounded-6dp-no-simplification","HEIGHT_LEVEL":0,"LOCAL_ID":"122083194","MUTATION_TYPE":null,"NAME":null,"NAMESPACE":"NL.TOP10NL","NUMBER":null,"OBJECT_BEGIN_DATE":"2011-08-25","ORIGINAL_ID":"266c1e83-4b05-59be-8ceb-c8a1fba562fa","REGION_KEY":"netherlands","REGISTRATION_DATE":"2019-02-01","SOURCE_ACCURACY_M":0.1,"SOURCE_DATE":"2026-06-01","SOURCE_FEATURE_DATE":"2018-01-01","SOURCE_ID":"nl-kadaster-top10nl-high-voltage-2026-06","SOURCE_LICENSE":"CC BY 4.0","SOURCE_METHOD":"luchtfoto","SOURCE_URL":"https://api.pdok.nl/kadaster/brt-top10nl/ogc/v1","TOP10NL_CODE":481,"TOP10NL_TYPE":"hoogspanningsleiding","VISUALISATION_CODE":15210,"VOLTAGE_KV":null},"type":"Feature"},{"geometry":{"coordinates":[[4.993219,52.159212],[4.98851,52.15939],[4.987998,52.15974]],"type":"LineString"},"id":"27abca2d-5e7b-52f4-8435-09ee06f10ae0","properties":{"ASSET_KIND":"official_transmission_line","EVIDENCE":"official","GEOMETRY_CONFIDENCE":"official-top10nl-1:10000-rounded-6dp-no-simplification","HEIGHT_LEVEL":0,"LOCAL_ID":"130316845","MUTATION_TYPE":"werkelijke verandering","NAME":null,"NAMESPACE":"NL.TOP10NL","NUMBER":null,"OBJECT_BEGIN_DATE":"2018-02-01","ORIGINAL_ID":"27abca2d-5e7b-52f4-8435-09ee06f10ae0","REGION_KEY":"netherlands","REGISTRATION_DATE":"2018-02-01","SOURCE_ACCURACY_M":0.1,"SOURCE_DATE":"2026-06-01","SOURCE_FEATURE_DATE":"2017-01-01","SOURCE_ID":"nl-kadaster-top10nl-high-voltage-2026-06","SOURCE_LICENSE":"CC BY 4.0","SOURCE_METHOD":"luchtfoto","SOURCE_URL":"https://api.pdok.nl/kadaster/brt-top10nl/ogc/v1","TOP10NL_CODE":481,"TOP10NL_TYPE":"hoogspanningsleiding","VISUALISATION_CODE":15210,"VOLTAGE_KV":null},"type":"Feature"},{"geometry":{"coordinates":[[5.491151,51.605852],[5.491111,51.605884],[5.490934,51.606027],[5.490816,51.606122],[5.490301,51.606537],[5.490207,51.606612],[5.489979,51.606796]],"type":"LineString"},"id":"27f5d077-7386-5a58-b954-5ebb7c499b3f","properties":{"ASSET_KIND":"official_transmission_line","EVIDENCE":"official","GEOMETRY_CONFIDENCE":"official-top10nl-1:10000-rounded-6dp-no-simplification","HEIGHT_LEVEL":0,"LOCAL_ID":"122083246","MUTATION_TYPE":"kwaliteitsverbetering","NAME":null,"NAMESPACE":"NL.TOP10NL","NUMBER":null,"OBJECT_BEGIN_DATE":"2011-08-25","ORIGINAL_ID":"27f5d077-7386-5a58-b954-5ebb7c499b3f","REGION_KEY":"netherlands","REGISTRATION_DATE":"2024-02-01","SOURCE_ACCURACY_M":0.1,"SOURCE_DATE":"2026-06-01","SOURCE_FEATURE_DATE":"2022-01-01","SOURCE_ID":"nl-kadaster-top10nl-high-voltage-2026-06","SOURCE_LICENSE":"CC BY 4.0","SOURCE_METHOD":"luchtfoto","SOURCE_URL":"https://api.pdok.nl/kadaster/brt-top10nl/ogc/v1","TOP10NL_CODE":481,"TOP10NL_TYPE":"hoogspanningsleiding","VISUALISATION_CODE":15210,"VOLTAGE_KV":null},"type":"Feature"},{"geometry":{"coordinates":[[5.546544,52.023709],[5.545086,52.024046],[5.542095,52.025339],[5.538832,52.026747],[5.535162,52.028348],[5.531548,52.0299],[5.527968,52.031407],[5.524337,52.032986],[5.520502,52.034654],[5.516598,52.035877],[5.512353,52.037216],[5.507962,52.038583],[5.503677,52.039932],[5.49937,52.041271],[5.495022,52.042623],[5.490709,52.043941],[5.490295,52.04407],[5.489668,52.044266],[5.489028,52.044467],[5.48872,52.044563],[5.488451,52.044647],[5.488159,52.044738],[5.486954,52.045115],[5.486554,52.04524],[5.485912,52.045441],[5.485663,52.045518],[5.485302,52.045631],[5.485046,52.045711],[5.484181,52.045981],[5.482257,52.046582],[5.479154,52.047559],[5.475887,52.048581],[5.472637,52.0496],[5.46809,52.051018],[5.464443,52.05216],[5.460127,52.053507],[5.455806,52.054823],[5.451649,52.056118],[5.447474,52.057423],[5.443327,52.058201],[5.438902,52.059045],[5.43429,52.059913],[5.429842,52.060757],[5.425094,52.061649],[5.420476,52.062513],[5.416311,52.063304],[5.411562,52.06421],[5.407085,52.065021],[5.402341,52.065899],[5.397739,52.066776],[5.393312,52.065662],[5.388852,52.064569],[5.384403,52.06344],[5.380141,52.062375],[5.377222,52.061641],[5.373641,52.060725],[5.369867,52.059768],[5.365554,52.060724],[5.361535,52.061632],[5.357546,52.060551],[5.354831,52.061253],[5.351316,52.062129],[5.346833,52.063221],[5.342088,52.064365],[5.337015,52.064149],[5.333371,52.063966],[5.328429,52.063719],[5.32453,52.063508],[5.320728,52.063317],[5.316665,52.063084],[5.312885,52.062904],[5.309105,52.062709],[5.304265,52.062447],[5.30002,52.0628],[5.295791,52.063185],[5.29146,52.063548],[5.287889,52.063874],[5.284255,52.064182],[5.279873,52.064523],[5.278388,52.064333],[5.277517,52.064221],[5.276993,52.064153],[5.275958,52.06402],[5.275493,52.063871],[5.275448,52.063856],[5.275411,52.063844],[5.272689,52.06297],[5.272354,52.062862],[5.272305,52.062847],[5.272271,52.062813],[5.271997,52.062543],[5.269928,52.060504],[5.269872,52.060448],[5.26975,52.060329],[5.269189,52.060012],[5.267736,52.059192],[5.265591,52.057946],[5.265177,52.05766]],"type":"LineString"},"id":"281b55b1-e98f-58ab-8ab7-d9774cec5ac6","properties":{"ASSET_KIND":"official_transmission_line","EVIDENCE":"official","GEOMETRY_CONFIDENCE":"official-top10nl-1:10000-rounded-6dp-no-simplification","HEIGHT_LEVEL":0,"LOCAL_ID":"132140296","MUTATION_TYPE":"kwaliteitsverbetering","NAME":null,"NAMESPACE":"NL.TOP10NL","NUMBER":null,"OBJECT_BEGIN_DATE":"2024-04-01","ORIGINAL_ID":"281b55b1-e98f-58ab-8ab7-d9774cec5ac6","REGION_KEY":"netherlands","REGISTRATION_DATE":"2024-04-01","SOURCE_ACCURACY_M":0.1,"SOURCE_DATE":"2026-06-01","SOURCE_FEATURE_DATE":"2022-01-01","SOURCE_ID":"nl-kadaster-top10nl-high-voltage-2026-06","SOURCE_LICENSE":"CC BY 4.0","SOURCE_METHOD":"luchtfoto","SOURCE_URL":"https://api.pdok.nl/kadaster/brt-top10nl/ogc/v1","TOP10NL_CODE":481,"TOP10NL_TYPE":"hoogspanningsleiding","VISUALISATION_CODE":15210,"VOLTAGE_KV":null},"type":"Feature"},{"geometry":{"coordinates":[[4.53003,52.03714],[4.533879,52.038534],[4.537096,52.037948],[4.540319,52.037359],[4.544949,52.037363],[4.550187,52.038861],[4.551747,52.042306],[4.553207,52.045575],[4.554729,52.048973],[4.55629,52.052433],[4.557848,52.055883],[4.559322,52.059184],[4.560883,52.062652],[4.562276,52.065743],[4.563509,52.068488],[4.564509,52.07071],[4.565633,52.073208],[4.567054,52.076369],[4.568594,52.079802],[4.570102,52.083149],[4.571356,52.085945],[4.572712,52.088971],[4.574225,52.092328],[4.574454,52.095615],[4.574658,52.098356],[4.575024,52.101335],[4.575461,52.104918],[4.575848,52.108032],[4.576243,52.111082],[4.576619,52.114216],[4.577025,52.117542],[4.577433,52.120699],[4.577849,52.12404],[4.577516,52.12726],[4.577298,52.129547],[4.576985,52.13248],[4.576607,52.135486],[4.576236,52.13862],[4.575804,52.141972],[4.575409,52.14489],[4.57498,52.148026]],"type":"LineString"},"id":"29afd098-89f5-592d-815c-a8b9bdebcbe9","properties":{"ASSET_KIND":"official_transmission_line","EVIDENCE":"official","GEOMETRY_CONFIDENCE":"official-top10nl-1:10000-rounded-6dp-no-simplification","HEIGHT_LEVEL":0,"LOCAL_ID":"131183015","MUTATION_TYPE":"werkelijke verandering","NAME":null,"NAMESPACE":"NL.TOP10NL","NUMBER":null,"OBJECT_BEGIN_DATE":"2020-06-01","ORIGINAL_ID":"29afd098-89f5-592d-815c-a8b9bdebcbe9","REGION_KEY":"netherlands","REGISTRATION_DATE":"2020-06-01","SOURCE_ACCURACY_M":0.1,"SOURCE_DATE":"2026-06-01","SOURCE_FEATURE_DATE":"2019-01-01","SOURCE_ID":"nl-kadaster-top10nl-high-voltage-2026-06","SOURCE_LICENSE":"CC BY 4.0","SOURCE_METHOD":"luchtfoto","SOURCE_URL":"https://api.pdok.nl/kadaster/brt-top10nl/ogc/v1","TOP10NL_CODE":481,"TOP10NL_TYPE":"hoogspanningsleiding","VISUALISATION_CODE":15210,"VOLTAGE_KV":null},"type":"Feature"},{"geometry":{"coordinates":[[5.935661,52.671872],[5.936256,52.67177],[5.939123,52.671892],[5.943752,52.672102],[5.945261,52.672171],[5.947678,52.672282],[5.948209,52.672306],[5.948252,52.672308],[5.948915,52.672338],[5.949188,52.672275],[5.950282,52.672022],[5.951237,52.671801],[5.953074,52.671376],[5.953715,52.671227],[5.954033,52.671153],[5.954119,52.671133],[5.954197,52.671115],[5.958415,52.670134],[5.963238,52.669051],[5.968002,52.66795],[5.972819,52.666841],[5.977529,52.665737],[5.981993,52.664155],[5.986537,52.662537],[5.991,52.660926],[5.995491,52.659301],[6.000006,52.657765],[6.004479,52.65616],[6.008701,52.654657],[6.013098,52.653075],[6.017535,52.651499],[6.021989,52.64989],[6.026449,52.648296],[6.030939,52.64673],[6.035013,52.645281],[6.03922,52.643759],[6.042816,52.642483],[6.046335,52.641225],[6.050583,52.639702],[6.054813,52.638194]],"type":"LineString"},"id":"2a071832-7149-5012-9b01-6b1201be8453","properties":{"ASSET_KIND":"official_transmission_line","EVIDENCE":"official","GEOMETRY_CONFIDENCE":"official-top10nl-1:10000-rounded-6dp-no-simplification","HEIGHT_LEVEL":0,"LOCAL_ID":"129064661","MUTATION_TYPE":null,"NAME":null,"NAMESPACE":"NL.TOP10NL","NUMBER":null,"OBJECT_BEGIN_DATE":"2016-02-01","ORIGINAL_ID":"2a071832-7149-5012-9b01-6b1201be8453","REGION_KEY":"netherlands","REGISTRATION_DATE":"2019-02-01","SOURCE_ACCURACY_M":0.1,"SOURCE_DATE":"2026-06-01","SOURCE_FEATURE_DATE":"2018-01-01","SOURCE_ID":"nl-kadaster-top10nl-high-voltage-2026-06","SOURCE_LICENSE":"CC BY 4.0","SOURCE_METHOD":"luchtfoto","SOURCE_URL":"https://api.pdok.nl/kadaster/brt-top10nl/ogc/v1","TOP10NL_CODE":481,"TOP10NL_TYPE":"hoogspanningsleiding","VISUALISATION_CODE":15210,"VOLTAGE_KV":null},"type":"Feature"},{"geometry":{"coordinates":[[4.575079,52.175277],[4.570374,52.173288]],"type":"LineString"},"id":"2a6a8484-241c-51eb-b938-12e86b54e782","properties":{"ASSET_KIND":"official_transmission_line","EVIDENCE":"official","GEOMETRY_CONFIDENCE":"official-top10nl-1:10000-rounded-6dp-no-simplification","HEIGHT_LEVEL":0,"LOCAL_ID":"131182997","MUTATION_TYPE":"werkelijke verandering","NAME":null,"NAMESPACE":"NL.TOP10NL","NUMBER":null,"OBJECT_BEGIN_DATE":"2020-06-01","ORIGINAL_ID":"2a6a8484-241c-51eb-b938-12e86b54e782","REGION_KEY":"netherlands","REGISTRATION_DATE":"2020-06-01","SOURCE_ACCURACY_M":0.1,"SOURCE_DATE":"2026-06-01","SOURCE_FEATURE_DATE":"2019-01-01","SOURCE_ID":"nl-kadaster-top10nl-high-voltage-2026-06","SOURCE_LICENSE":"CC BY 4.0","SOURCE_METHOD":"luchtfoto","SOURCE_URL":"https://api.pdok.nl/kadaster/brt-top10nl/ogc/v1","TOP10NL_CODE":481,"TOP10NL_TYPE":"hoogspanningsleiding","VISUALISATION_CODE":15210,"VOLTAGE_KV":null},"type":"Feature"},{"geometry":{"coordinates":[[6.097447,51.343769],[6.096031,51.34221]],"type":"LineString"},"id":"2a854d86-b4fc-59bd-a9f6-24f72d8236f0","properties":{"ASSET_KIND":"official_transmission_line","EVIDENCE":"official","GEOMETRY_CONFIDENCE":"official-top10nl-1:10000-rounded-6dp-no-simplification","HEIGHT_LEVEL":0,"LOCAL_ID":"122083317","MUTATION_TYPE":null,"NAME":null,"NAMESPACE":"NL.TOP10NL","NUMBER":null,"OBJECT_BEGIN_DATE":"2011-08-25","ORIGINAL_ID":"2a854d86-b4fc-59bd-a9f6-24f72d8236f0","REGION_KEY":"netherlands","REGISTRATION_DATE":"2019-02-01","SOURCE_ACCURACY_M":0.1,"SOURCE_DATE":"2026-06-01","SOURCE_FEATURE_DATE":"2018-01-01","SOURCE_ID":"nl-kadaster-top10nl-high-voltage-2026-06","SOURCE_LICENSE":"CC BY 4.0","SOURCE_METHOD":"luchtfoto","SOURCE_URL":"https://api.pdok.nl/kadaster/brt-top10nl/ogc/v1","TOP10NL_CODE":481,"TOP10NL_TYPE":"hoogspanningsleiding","VISUALISATION_CODE":15210,"VOLTAGE_KV":null},"type":"Feature"},{"geometry":{"coordinates":[[5.920221,51.148543],[5.920603,51.148245]],"type":"LineString"},"id":"2b27a641-2ad9-5953-b3f6-da088e60b217","properties":{"ASSET_KIND":"official_transmission_line","EVIDENCE":"official","GEOMETRY_CONFIDENCE":"official-top10nl-1:10000-rounded-6dp-no-simplification","HEIGHT_LEVEL":0,"LOCAL_ID":"122083062","MUTATION_TYPE":null,"NAME":null,"NAMESPACE":"NL.TOP10NL","NUMBER":null,"OBJECT_BEGIN_DATE":"2011-08-25","ORIGINAL_ID":"2b27a641-2ad9-5953-b3f6-da088e60b217","REGION_KEY":"netherlands","REGISTRATION_DATE":"2019-02-01","SOURCE_ACCURACY_M":0.1,"SOURCE_DATE":"2026-06-01","SOURCE_FEATURE_DATE":"2018-01-01","SOURCE_ID":"nl-kadaster-top10nl-high-voltage-2026-06","SOURCE_LICENSE":"CC BY 4.0","SOURCE_METHOD":"luchtfoto","SOURCE_URL":"https://api.pdok.nl/kadaster/brt-top10nl/ogc/v1","TOP10NL_CODE":481,"TOP10NL_TYPE":"hoogspanningsleiding","VISUALISATION_CODE":15210,"VOLTAGE_KV":null},"type":"Feature"},{"geometry":{"coordinates":[[4.247685,51.372603],[4.248085,51.375075],[4.248601,51.378714],[4.246219,51.382337],[4.243799,51.385898],[4.241398,51.38946],[4.238912,51.393218],[4.238085,51.397042],[4.237337,51.400843],[4.236527,51.404753],[4.235692,51.408862],[4.234836,51.412995],[4.234022,51.417041],[4.233405,51.420139],[4.228994,51.421576],[4.225408,51.422303],[4.222046,51.423004],[4.219795,51.423231]],"type":"LineString"},"id":"2b760f06-98fd-516c-8ed4-f9b4e2803cc5","properties":{"ASSET_KIND":"official_transmission_line","EVIDENCE":"official","GEOMETRY_CONFIDENCE":"official-top10nl-1:10000-rounded-6dp-no-simplification","HEIGHT_LEVEL":0,"LOCAL_ID":"130289236","MUTATION_TYPE":"kwaliteitsverbetering","NAME":null,"NAMESPACE":"NL.TOP10NL","NUMBER":null,"OBJECT_BEGIN_DATE":"2017-11-01","ORIGINAL_ID":"2b760f06-98fd-516c-8ed4-f9b4e2803cc5","REGION_KEY":"netherlands","REGISTRATION_DATE":"2021-09-01","SOURCE_ACCURACY_M":0.1,"SOURCE_DATE":"2026-06-01","SOURCE_FEATURE_DATE":"2020-01-01","SOURCE_ID":"nl-kadaster-top10nl-high-voltage-2026-06","SOURCE_LICENSE":"CC BY 4.0","SOURCE_METHOD":"luchtfoto","SOURCE_URL":"https://api.pdok.nl/kadaster/brt-top10nl/ogc/v1","TOP10NL_CODE":481,"TOP10NL_TYPE":"hoogspanningsleiding","VISUALISATION_CODE":15210,"VOLTAGE_KV":null},"type":"Feature"},{"geometry":{"coordinates":[[6.945307,53.125059],[6.943721,53.123452],[6.941822,53.121517],[6.941593,53.121277],[6.93996,53.119574],[6.937957,53.117504],[6.937774,53.117314],[6.937706,53.117244],[6.937629,53.117164],[6.935979,53.115449],[6.934647,53.114098],[6.933873,53.113313],[6.932241,53.111612],[6.930186,53.109497],[6.928255,53.107502],[6.926565,53.105756],[6.924563,53.103694],[6.922619,53.101695],[6.920813,53.099838],[6.918699,53.09778],[6.916635,53.095708],[6.914541,53.093684],[6.912544,53.091731],[6.910437,53.089673],[6.908252,53.087526],[6.906541,53.085852],[6.904414,53.083761],[6.902581,53.081979],[6.900526,53.079951],[6.899619,53.079073]],"type":"LineString"},"id":"2bdfbc3b-300a-5ec6-9f45-788b69688b65","properties":{"ASSET_KIND":"official_transmission_line","EVIDENCE":"official","GEOMETRY_CONFIDENCE":"official-top10nl-1:10000-rounded-6dp-no-simplification","HEIGHT_LEVEL":0,"LOCAL_ID":"122083125","MUTATION_TYPE":null,"NAME":null,"NAMESPACE":"NL.TOP10NL","NUMBER":null,"OBJECT_BEGIN_DATE":"2011-08-25","ORIGINAL_ID":"2bdfbc3b-300a-5ec6-9f45-788b69688b65","REGION_KEY":"netherlands","REGISTRATION_DATE":"2019-02-01","SOURCE_ACCURACY_M":0.1,"SOURCE_DATE":"2026-06-01","SOURCE_FEATURE_DATE":"2018-01-01","SOURCE_ID":"nl-kadaster-top10nl-high-voltage-2026-06","SOURCE_LICENSE":"CC BY 4.0","SOURCE_METHOD":"luchtfoto","SOURCE_URL":"https://api.pdok.nl/kadaster/brt-top10nl/ogc/v1","TOP10NL_CODE":481,"TOP10NL_TYPE":"hoogspanningsleiding","VISUALISATION_CODE":15210,"VOLTAGE_KV":null},"type":"Feature"},{"geometry":{"coordinates":[[6.696284,51.977771],[6.694572,51.978355],[6.692583,51.98],[6.690603,51.981656],[6.688633,51.983335],[6.686795,51.984877],[6.684895,51.986482],[6.683012,51.988047],[6.680516,51.989506],[6.677939,51.990995],[6.67538,51.9925],[6.672776,51.993988],[6.670611,51.995253],[6.668114,51.996701],[6.665747,51.998232],[6.663379,51.999752],[6.66094,52.001322],[6.658528,52.002898],[6.656168,52.00439],[6.653836,52.005909],[6.651635,52.007561],[6.649648,52.009082],[6.647394,52.010791],[6.645185,52.012499],[6.643595,52.01424],[6.641813,52.016225],[6.640153,52.018062],[6.638414,52.020018],[6.63663,52.021974],[6.634882,52.023919],[6.633116,52.025875],[6.631331,52.027826],[6.629849,52.029526],[6.628169,52.031352],[6.627831,52.03172]],"type":"LineString"},"id":"2c523e8d-6f95-5085-b597-5394eac79e21","properties":{"ASSET_KIND":"official_transmission_line","EVIDENCE":"official","GEOMETRY_CONFIDENCE":"official-top10nl-1:10000-rounded-6dp-no-simplification","HEIGHT_LEVEL":0,"LOCAL_ID":"122083065","MUTATION_TYPE":null,"NAME":null,"NAMESPACE":"NL.TOP10NL","NUMBER":null,"OBJECT_BEGIN_DATE":"2011-08-25","ORIGINAL_ID":"2c523e8d-6f95-5085-b597-5394eac79e21","REGION_KEY":"netherlands","REGISTRATION_DATE":"2019-02-01","SOURCE_ACCURACY_M":0.1,"SOURCE_DATE":"2026-06-01","SOURCE_FEATURE_DATE":"2018-01-01","SOURCE_ID":"nl-kadaster-top10nl-high-voltage-2026-06","SOURCE_LICENSE":"CC BY 4.0","SOURCE_METHOD":"luchtfoto","SOURCE_URL":"https://api.pdok.nl/kadaster/brt-top10nl/ogc/v1","TOP10NL_CODE":481,"TOP10NL_TYPE":"hoogspanningsleiding","VISUALISATION_CODE":15210,"VOLTAGE_KV":null},"type":"Feature"},{"geometry":{"coordinates":[[4.980997,52.373971],[4.981,52.374215],[4.980697,52.376319],[4.980377,52.3791],[4.980026,52.382031],[4.979706,52.384781],[4.977578,52.38768],[4.975378,52.390672],[4.973887,52.392692],[4.971615,52.395783],[4.971607,52.396584],[4.971569,52.39854],[4.971558,52.399652],[4.971507,52.402975],[4.971432,52.406558],[4.971379,52.410148],[4.971331,52.41374],[4.97127,52.417319],[4.971209,52.420926],[4.971157,52.423906],[4.971089,52.427473],[4.971058,52.429757],[4.971007,52.433331],[4.970947,52.436936],[4.970889,52.440348],[4.970846,52.443921],[4.970779,52.447425],[4.970727,52.451003],[4.970659,52.454598],[4.970617,52.458107],[4.966965,52.460924],[4.963303,52.463772],[4.959632,52.46661],[4.956094,52.469347],[4.952466,52.472153],[4.948098,52.475405],[4.946174,52.4768],[4.941823,52.479998],[4.939272,52.481871],[4.93605,52.484256],[4.932739,52.486709],[4.929384,52.489162],[4.926152,52.491514],[4.924374,52.493149],[4.9211,52.496116],[4.917816,52.499109],[4.914533,52.502086],[4.911249,52.505064],[4.908548,52.507529],[4.907754,52.508339]],"type":"LineString"},"id":"2cc5bdd9-372a-50bc-a767-483609f77af9","properties":{"ASSET_KIND":"official_transmission_line","EVIDENCE":"official","GEOMETRY_CONFIDENCE":"official-top10nl-1:10000-rounded-6dp-no-simplification","HEIGHT_LEVEL":0,"LOCAL_ID":"122083105","MUTATION_TYPE":null,"NAME":null,"NAMESPACE":"NL.TOP10NL","NUMBER":null,"OBJECT_BEGIN_DATE":"2011-08-25","ORIGINAL_ID":"2cc5bdd9-372a-50bc-a767-483609f77af9","REGION_KEY":"netherlands","REGISTRATION_DATE":"2019-02-01","SOURCE_ACCURACY_M":0.1,"SOURCE_DATE":"2026-06-01","SOURCE_FEATURE_DATE":"2018-01-01","SOURCE_ID":"nl-kadaster-top10nl-high-voltage-2026-06","SOURCE_LICENSE":"CC BY 4.0","SOURCE_METHOD":"luchtfoto","SOURCE_URL":"https://api.pdok.nl/kadaster/brt-top10nl/ogc/v1","TOP10NL_CODE":481,"TOP10NL_TYPE":"hoogspanningsleiding","VISUALISATION_CODE":15210,"VOLTAGE_KV":null},"type":"Feature"},{"geometry":{"coordinates":[[7.036506,52.913443],[7.038024,52.916742],[7.03931,52.91961],[7.041091,52.923436]],"type":"LineString"},"id":"2d258bd6-a1fc-5b48-8ea3-08c32d58875e","properties":{"ASSET_KIND":"official_transmission_line","EVIDENCE":"official","GEOMETRY_CONFIDENCE":"official-top10nl-1:10000-rounded-6dp-no-simplification","HEIGHT_LEVEL":0,"LOCAL_ID":"122083234","MUTATION_TYPE":null,"NAME":null,"NAMESPACE":"NL.TOP10NL","NUMBER":null,"OBJECT_BEGIN_DATE":"2011-08-25","ORIGINAL_ID":"2d258bd6-a1fc-5b48-8ea3-08c32d58875e","REGION_KEY":"netherlands","REGISTRATION_DATE":"2019-02-01","SOURCE_ACCURACY_M":0.1,"SOURCE_DATE":"2026-06-01","SOURCE_FEATURE_DATE":"2018-01-01","SOURCE_ID":"nl-kadaster-top10nl-high-voltage-2026-06","SOURCE_LICENSE":"CC BY 4.0","SOURCE_METHOD":"luchtfoto","SOURCE_URL":"https://api.pdok.nl/kadaster/brt-top10nl/ogc/v1","TOP10NL_CODE":481,"TOP10NL_TYPE":"hoogspanningsleiding","VISUALISATION_CODE":15210,"VOLTAGE_KV":null},"type":"Feature"},{"geometry":{"coordinates":[[4.019064,51.306499],[4.018321,51.305347],[4.020117,51.30282],[4.021894,51.300282],[4.022127,51.297951],[4.022343,51.295598],[4.022361,51.292913],[4.022369,51.290206],[4.022382,51.28752],[4.022405,51.284863],[4.022403,51.282106],[4.01887,51.281033],[4.015507,51.279952],[4.012282,51.278949],[4.008762,51.277852],[4.005225,51.276757],[4.0017,51.275656],[3.998232,51.274584],[3.994996,51.273562],[3.991761,51.272551],[3.988239,51.27145],[3.984721,51.270343],[3.981311,51.269279],[3.977952,51.268295],[3.974437,51.267129],[3.970902,51.266036],[3.967367,51.264945],[3.963864,51.263824],[3.960339,51.262722],[3.956814,51.261617],[3.953289,51.260517],[3.949756,51.259415],[3.946244,51.258315],[3.942716,51.257207],[3.940285,51.256453],[3.936432,51.255932],[3.932795,51.255427],[3.928961,51.254912],[3.925105,51.254379],[3.921329,51.25387],[3.917692,51.253373],[3.913912,51.252858],[3.910347,51.252371],[3.906509,51.25184],[3.902751,51.251339],[3.899123,51.250842],[3.89541,51.250344],[3.891573,51.249816],[3.887789,51.249305],[3.884005,51.248778],[3.880297,51.248279],[3.876527,51.247771],[3.872681,51.24724],[3.869227,51.246654]],"type":"LineString"},"id":"2d2cfcc0-f0e3-559f-a586-d63a970e0166","properties":{"ASSET_KIND":"official_transmission_line","EVIDENCE":"official","GEOMETRY_CONFIDENCE":"official-top10nl-1:10000-rounded-6dp-no-simplification","HEIGHT_LEVEL":0,"LOCAL_ID":"122083181","MUTATION_TYPE":null,"NAME":null,"NAMESPACE":"NL.TOP10NL","NUMBER":null,"OBJECT_BEGIN_DATE":"2011-08-25","ORIGINAL_ID":"2d2cfcc0-f0e3-559f-a586-d63a970e0166","REGION_KEY":"netherlands","REGISTRATION_DATE":"2019-02-01","SOURCE_ACCURACY_M":0.1,"SOURCE_DATE":"2026-06-01","SOURCE_FEATURE_DATE":"2018-01-01","SOURCE_ID":"nl-kadaster-top10nl-high-voltage-2026-06","SOURCE_LICENSE":"CC BY 4.0","SOURCE_METHOD":"luchtfoto","SOURCE_URL":"https://api.pdok.nl/kadaster/brt-top10nl/ogc/v1","TOP10NL_CODE":481,"TOP10NL_TYPE":"hoogspanningsleiding","VISUALISATION_CODE":15210,"VOLTAGE_KV":null},"type":"Feature"},{"geometry":{"coordinates":[[5.794176,51.001506],[5.794023,51.00105]],"type":"LineString"},"id":"2d492f8c-ef37-57e5-8d10-5c85661c905f","properties":{"ASSET_KIND":"official_transmission_line","EVIDENCE":"official","GEOMETRY_CONFIDENCE":"official-top10nl-1:10000-rounded-6dp-no-simplification","HEIGHT_LEVEL":0,"LOCAL_ID":"122083029","MUTATION_TYPE":null,"NAME":null,"NAMESPACE":"NL.TOP10NL","NUMBER":null,"OBJECT_BEGIN_DATE":"2011-08-25","ORIGINAL_ID":"2d492f8c-ef37-57e5-8d10-5c85661c905f","REGION_KEY":"netherlands","REGISTRATION_DATE":"2019-02-01","SOURCE_ACCURACY_M":0.1,"SOURCE_DATE":"2026-06-01","SOURCE_FEATURE_DATE":"2018-01-01","SOURCE_ID":"nl-kadaster-top10nl-high-voltage-2026-06","SOURCE_LICENSE":"CC BY 4.0","SOURCE_METHOD":"luchtfoto","SOURCE_URL":"https://api.pdok.nl/kadaster/brt-top10nl/ogc/v1","TOP10NL_CODE":481,"TOP10NL_TYPE":"hoogspanningsleiding","VISUALISATION_CODE":15210,"VOLTAGE_KV":null},"type":"Feature"},{"geometry":{"coordinates":[[5.982974,51.305251],[5.984887,51.306689]],"type":"LineString"},"id":"2d4f4787-22c7-5501-a41d-318e16f6d7f8","properties":{"ASSET_KIND":"official_transmission_line","EVIDENCE":"official","GEOMETRY_CONFIDENCE":"official-top10nl-1:10000-rounded-6dp-no-simplification","HEIGHT_LEVEL":0,"LOCAL_ID":"122082925","MUTATION_TYPE":null,"NAME":null,"NAMESPACE":"NL.TOP10NL","NUMBER":null,"OBJECT_BEGIN_DATE":"2011-08-25","ORIGINAL_ID":"2d4f4787-22c7-5501-a41d-318e16f6d7f8","REGION_KEY":"netherlands","REGISTRATION_DATE":"2019-02-01","SOURCE_ACCURACY_M":0.1,"SOURCE_DATE":"2026-06-01","SOURCE_FEATURE_DATE":"2018-01-01","SOURCE_ID":"nl-kadaster-top10nl-high-voltage-2026-06","SOURCE_LICENSE":"CC BY 4.0","SOURCE_METHOD":"luchtfoto","SOURCE_URL":"https://api.pdok.nl/kadaster/brt-top10nl/ogc/v1","TOP10NL_CODE":481,"TOP10NL_TYPE":"hoogspanningsleiding","VISUALISATION_CODE":15210,"VOLTAGE_KV":null},"type":"Feature"},{"geometry":{"coordinates":[[5.964194,50.901365],[5.964981,50.900538]],"type":"LineString"},"id":"2d780556-db9b-5b32-8d97-448e3c9ee5f4","properties":{"ASSET_KIND":"official_transmission_line","EVIDENCE":"official","GEOMETRY_CONFIDENCE":"official-top10nl-1:10000-rounded-6dp-no-simplification","HEIGHT_LEVEL":0,"LOCAL_ID":"122083323","MUTATION_TYPE":null,"NAME":null,"NAMESPACE":"NL.TOP10NL","NUMBER":null,"OBJECT_BEGIN_DATE":"2011-08-25","ORIGINAL_ID":"2d780556-db9b-5b32-8d97-448e3c9ee5f4","REGION_KEY":"netherlands","REGISTRATION_DATE":"2019-02-01","SOURCE_ACCURACY_M":0.1,"SOURCE_DATE":"2026-06-01","SOURCE_FEATURE_DATE":"2018-01-01","SOURCE_ID":"nl-kadaster-top10nl-high-voltage-2026-06","SOURCE_LICENSE":"CC BY 4.0","SOURCE_METHOD":"luchtfoto","SOURCE_URL":"https://api.pdok.nl/kadaster/brt-top10nl/ogc/v1","TOP10NL_CODE":481,"TOP10NL_TYPE":"hoogspanningsleiding","VISUALISATION_CODE":15210,"VOLTAGE_KV":null},"type":"Feature"},{"geometry":{"coordinates":[[4.746729,51.813907],[4.745918,51.81415],[4.744801,51.815134],[4.74447,51.820369],[4.744196,51.82488],[4.744048,51.827913],[4.740754,51.829562],[4.736474,51.831647],[4.731916,51.833902],[4.726869,51.835081],[4.722966,51.83599],[4.722912,51.836261],[4.722896,51.836343],[4.722893,51.83636],[4.722879,51.836428],[4.72287,51.836476],[4.722857,51.836538],[4.722824,51.836709],[4.722808,51.83679],[4.72279,51.836876],[4.722777,51.836943],[4.72275,51.83708],[4.722716,51.837252],[4.722677,51.837447],[4.722664,51.837515],[4.722652,51.837575],[4.722614,51.837767],[4.722473,51.838479],[4.721838,51.841568],[4.721181,51.844816],[4.720496,51.848046],[4.719849,51.851276],[4.719173,51.854495],[4.71857,51.857342],[4.717995,51.860184],[4.714624,51.861673],[4.710745,51.863389],[4.707248,51.864935],[4.702899,51.866872],[4.698617,51.868785],[4.694305,51.870715],[4.690031,51.872622],[4.685374,51.874644],[4.681771,51.876249],[4.679274,51.878843],[4.676797,51.881426],[4.67431,51.884021],[4.670505,51.887991],[4.670331,51.88817],[4.667308,51.891264],[4.667271,51.891302],[4.667176,51.8914],[4.667003,51.891581],[4.66696,51.891626],[4.666952,51.891633],[4.666884,51.891706],[4.666172,51.892452],[4.66605,51.89258],[4.665795,51.892848],[4.665741,51.892904],[4.665032,51.893648],[4.663544,51.895206],[4.660688,51.898175],[4.65785,51.901109],[4.655092,51.903721],[4.652197,51.90642],[4.649216,51.909204],[4.646605,51.911651],[4.64303,51.913275],[4.638477,51.91536],[4.634322,51.914713],[4.633364,51.914044]],"type":"LineString"},"id":"2da318cc-00dc-5aef-8865-47e70e5bd155","properties":{"ASSET_KIND":"official_transmission_line","EVIDENCE":"official","GEOMETRY_CONFIDENCE":"official-top10nl-1:10000-rounded-6dp-no-simplification","HEIGHT_LEVEL":0,"LOCAL_ID":"126563039","MUTATION_TYPE":null,"NAME":null,"NAMESPACE":"NL.TOP10NL","NUMBER":null,"OBJECT_BEGIN_DATE":"2013-10-26","ORIGINAL_ID":"2da318cc-00dc-5aef-8865-47e70e5bd155","REGION_KEY":"netherlands","REGISTRATION_DATE":"2019-02-01","SOURCE_ACCURACY_M":0.1,"SOURCE_DATE":"2026-06-01","SOURCE_FEATURE_DATE":"2018-01-01","SOURCE_ID":"nl-kadaster-top10nl-high-voltage-2026-06","SOURCE_LICENSE":"CC BY 4.0","SOURCE_METHOD":"luchtfoto","SOURCE_URL":"https://api.pdok.nl/kadaster/brt-top10nl/ogc/v1","TOP10NL_CODE":481,"TOP10NL_TYPE":"hoogspanningsleiding","VISUALISATION_CODE":15210,"VOLTAGE_KV":null},"type":"Feature"},{"geometry":{"coordinates":[[5.917683,51.147631],[5.918094,51.146899],[5.92124,51.144652],[5.924297,51.144759],[5.927596,51.144881],[5.930206,51.14496],[5.935299,51.145145],[5.94099,51.145366],[5.94676,51.145535],[5.950063,51.142703],[5.953342,51.139906],[5.956604,51.13713],[5.959787,51.134399],[5.962914,51.131739],[5.966167,51.128948],[5.969396,51.126151],[5.972546,51.123485],[5.975528,51.120932],[5.978518,51.118363],[5.981476,51.115795],[5.984514,51.113246],[5.987582,51.110621],[5.992672,51.109938],[5.997898,51.109255],[6.002884,51.108598],[6.007973,51.107925],[6.012998,51.107257],[6.017166,51.106028],[6.021333,51.104799],[6.026507,51.103292],[6.030115,51.102222],[6.035614,51.100572],[6.039885,51.098792],[6.043171,51.097416]],"type":"LineString"},"id":"2dae864f-95f5-5d36-a026-2ec82e2e8260","properties":{"ASSET_KIND":"official_transmission_line","EVIDENCE":"official","GEOMETRY_CONFIDENCE":"official-top10nl-1:10000-rounded-6dp-no-simplification","HEIGHT_LEVEL":0,"LOCAL_ID":"122083281","MUTATION_TYPE":null,"NAME":null,"NAMESPACE":"NL.TOP10NL","NUMBER":null,"OBJECT_BEGIN_DATE":"2011-08-25","ORIGINAL_ID":"2dae864f-95f5-5d36-a026-2ec82e2e8260","REGION_KEY":"netherlands","REGISTRATION_DATE":"2019-02-01","SOURCE_ACCURACY_M":0.1,"SOURCE_DATE":"2026-06-01","SOURCE_FEATURE_DATE":"2018-01-01","SOURCE_ID":"nl-kadaster-top10nl-high-voltage-2026-06","SOURCE_LICENSE":"CC BY 4.0","SOURCE_METHOD":"luchtfoto","SOURCE_URL":"https://api.pdok.nl/kadaster/brt-top10nl/ogc/v1","TOP10NL_CODE":481,"TOP10NL_TYPE":"hoogspanningsleiding","VISUALISATION_CODE":15210,"VOLTAGE_KV":null},"type":"Feature"},{"geometry":{"coordinates":[[6.871436,53.423527],[6.873163,53.423656],[6.873374,53.423744]],"type":"LineString"},"id":"2e317dee-8d21-587c-879e-6377b4c0119b","properties":{"ASSET_KIND":"official_transmission_line","EVIDENCE":"official","GEOMETRY_CONFIDENCE":"official-top10nl-1:10000-rounded-6dp-no-simplification","HEIGHT_LEVEL":0,"LOCAL_ID":"122083268","MUTATION_TYPE":null,"NAME":null,"NAMESPACE":"NL.TOP10NL","NUMBER":null,"OBJECT_BEGIN_DATE":"2011-08-25","ORIGINAL_ID":"2e317dee-8d21-587c-879e-6377b4c0119b","REGION_KEY":"netherlands","REGISTRATION_DATE":"2019-02-01","SOURCE_ACCURACY_M":0.1,"SOURCE_DATE":"2026-06-01","SOURCE_FEATURE_DATE":"2018-01-01","SOURCE_ID":"nl-kadaster-top10nl-high-voltage-2026-06","SOURCE_LICENSE":"CC BY 4.0","SOURCE_METHOD":"luchtfoto","SOURCE_URL":"https://api.pdok.nl/kadaster/brt-top10nl/ogc/v1","TOP10NL_CODE":481,"TOP10NL_TYPE":"hoogspanningsleiding","VISUALISATION_CODE":15210,"VOLTAGE_KV":null},"type":"Feature"},{"geometry":{"coordinates":[[4.842336,51.695079],[4.843183,51.693714],[4.845128,51.692745],[4.847263,51.691724],[4.849188,51.690095],[4.851217,51.688473],[4.853217,51.686856],[4.85515,51.685233],[4.857083,51.683645],[4.859016,51.682069],[4.859541,51.681637],[4.86016,51.681127],[4.860403,51.680927],[4.862489,51.679216],[4.86321,51.67863],[4.863239,51.678606],[4.863279,51.678574],[4.864622,51.677482],[4.865407,51.676833],[4.865451,51.676796],[4.865496,51.676759],[4.865678,51.676608],[4.866212,51.676166],[4.866314,51.676081],[4.866316,51.67608],[4.866331,51.676067],[4.866339,51.676061],[4.866379,51.676028],[4.866379,51.676028],[4.866405,51.676006],[4.866416,51.675997],[4.866437,51.67598],[4.866461,51.67596],[4.866485,51.675939],[4.866526,51.675906],[4.866717,51.675748],[4.867234,51.675328],[4.868582,51.674236],[4.870441,51.672717],[4.871799,51.671599],[4.87226,51.67122],[4.873307,51.670363],[4.873331,51.670343],[4.873369,51.670312],[4.873408,51.67028],[4.874165,51.66966],[4.87471,51.669211],[4.874782,51.669152],[4.874821,51.669119],[4.87537,51.668667],[4.875423,51.668623],[4.875488,51.668569],[4.876053,51.668104],[4.87782,51.667356],[4.877939,51.667305],[4.878003,51.667278],[4.878029,51.667267],[4.878063,51.667253],[4.878164,51.66721],[4.87822,51.667187],[4.878357,51.667129],[4.87902,51.666848],[4.880865,51.666063],[4.88337,51.66501],[4.886364,51.663771],[4.889302,51.662526],[4.892279,51.661266],[4.895268,51.660003],[4.898256,51.658747],[4.901199,51.657498],[4.904175,51.656252],[4.907123,51.655003],[4.910077,51.65376],[4.913058,51.652507],[4.916046,51.651247],[4.91901,51.649983],[4.922003,51.648734],[4.925024,51.647449],[4.926174,51.646936]],"type":"LineString"},"id":"2ed9f24e-bf93-50c3-a2fe-9801a6b23194","properties":{"ASSET_KIND":"official_transmission_line","EVIDENCE":"official","GEOMETRY_CONFIDENCE":"official-top10nl-1:10000-rounded-6dp-no-simplification","HEIGHT_LEVEL":0,"LOCAL_ID":"122082985","MUTATION_TYPE":"kwaliteitsverbetering","NAME":null,"NAMESPACE":"NL.TOP10NL","NUMBER":null,"OBJECT_BEGIN_DATE":"2011-08-25","ORIGINAL_ID":"2ed9f24e-bf93-50c3-a2fe-9801a6b23194","REGION_KEY":"netherlands","REGISTRATION_DATE":"2025-02-01","SOURCE_ACCURACY_M":0.1,"SOURCE_DATE":"2026-06-01","SOURCE_FEATURE_DATE":"2023-01-01","SOURCE_ID":"nl-kadaster-top10nl-high-voltage-2026-06","SOURCE_LICENSE":"CC BY 4.0","SOURCE_METHOD":"luchtfoto","SOURCE_URL":"https://api.pdok.nl/kadaster/brt-top10nl/ogc/v1","TOP10NL_CODE":481,"TOP10NL_TYPE":"hoogspanningsleiding","VISUALISATION_CODE":15210,"VOLTAGE_KV":null},"type":"Feature"},{"geometry":{"coordinates":[[4.558044,52.162108],[4.559246,52.165314]],"type":"LineString"},"id":"2fa5d324-66ad-5ef4-a8de-6d8c75c19db1","properties":{"ASSET_KIND":"official_transmission_line","EVIDENCE":"official","GEOMETRY_CONFIDENCE":"official-top10nl-1:10000-rounded-6dp-no-simplification","HEIGHT_LEVEL":0,"LOCAL_ID":"131183005","MUTATION_TYPE":"werkelijke verandering","NAME":null,"NAMESPACE":"NL.TOP10NL","NUMBER":null,"OBJECT_BEGIN_DATE":"2020-06-01","ORIGINAL_ID":"2fa5d324-66ad-5ef4-a8de-6d8c75c19db1","REGION_KEY":"netherlands","REGISTRATION_DATE":"2020-06-01","SOURCE_ACCURACY_M":0.1,"SOURCE_DATE":"2026-06-01","SOURCE_FEATURE_DATE":"2019-01-01","SOURCE_ID":"nl-kadaster-top10nl-high-voltage-2026-06","SOURCE_LICENSE":"CC BY 4.0","SOURCE_METHOD":"luchtfoto","SOURCE_URL":"https://api.pdok.nl/kadaster/brt-top10nl/ogc/v1","TOP10NL_CODE":481,"TOP10NL_TYPE":"hoogspanningsleiding","VISUALISATION_CODE":15210,"VOLTAGE_KV":null},"type":"Feature"},{"geometry":{"coordinates":[[5.507693,53.062929],[5.508083,53.063275],[5.508035,53.06519],[5.507995,53.067975],[5.507937,53.070771],[5.507897,53.073481],[5.51034,53.075637],[5.513998,53.076371],[5.517445,53.076148],[5.522057,53.075843],[5.526514,53.075551],[5.530496,53.075299],[5.533396,53.07511],[5.537883,53.074811],[5.542303,53.074193],[5.546736,53.073611],[5.551203,53.073003],[5.555688,53.072385],[5.560049,53.071788],[5.564308,53.071213],[5.56855,53.07063],[5.572773,53.070047],[5.57705,53.069468],[5.581309,53.068917],[5.585568,53.068419],[5.589851,53.067922],[5.594234,53.067406],[5.598564,53.066901],[5.602948,53.066403],[5.607248,53.065897],[5.61159,53.065391],[5.615955,53.064875],[5.620302,53.064376],[5.624656,53.06387],[5.629133,53.063345],[5.632673,53.062927],[5.637192,53.062405],[5.641385,53.061913],[5.64553,53.061432],[5.649646,53.060181],[5.653566,53.058962],[5.657481,53.057765],[5.661436,53.056574],[5.665469,53.05533],[5.669495,53.054082],[5.673432,53.052906],[5.676977,53.051795],[5.680414,53.050754],[5.681699,53.048776],[5.681486,53.04837],[5.680403,53.047053],[5.679307,53.045774],[5.678252,53.044517],[5.67717,53.043238],[5.676067,53.041959],[5.675034,53.04071],[5.673931,53.039422]],"type":"LineString"},"id":"2fbe872e-f8f3-5eb8-bfaa-fbe75113d36e","properties":{"ASSET_KIND":"official_transmission_line","EVIDENCE":"official","GEOMETRY_CONFIDENCE":"official-top10nl-1:10000-rounded-6dp-no-simplification","HEIGHT_LEVEL":0,"LOCAL_ID":"122083149","MUTATION_TYPE":null,"NAME":null,"NAMESPACE":"NL.TOP10NL","NUMBER":null,"OBJECT_BEGIN_DATE":"2011-08-25","ORIGINAL_ID":"2fbe872e-f8f3-5eb8-bfaa-fbe75113d36e","REGION_KEY":"netherlands","REGISTRATION_DATE":"2019-02-01","SOURCE_ACCURACY_M":0.1,"SOURCE_DATE":"2026-06-01","SOURCE_FEATURE_DATE":"2018-01-01","SOURCE_ID":"nl-kadaster-top10nl-high-voltage-2026-06","SOURCE_LICENSE":"CC BY 4.0","SOURCE_METHOD":"luchtfoto","SOURCE_URL":"https://api.pdok.nl/kadaster/brt-top10nl/ogc/v1","TOP10NL_CODE":481,"TOP10NL_TYPE":"hoogspanningsleiding","VISUALISATION_CODE":15210,"VOLTAGE_KV":null},"type":"Feature"},{"geometry":{"coordinates":[[5.663491,52.515815],[5.662519,52.517363],[5.662491,52.517741]],"type":"LineString"},"id":"2ff02aec-a2e1-547e-91b3-63d665aaa2d0","properties":{"ASSET_KIND":"official_transmission_line","EVIDENCE":"official","GEOMETRY_CONFIDENCE":"official-top10nl-1:10000-rounded-6dp-no-simplification","HEIGHT_LEVEL":0,"LOCAL_ID":"122083294","MUTATION_TYPE":null,"NAME":null,"NAMESPACE":"NL.TOP10NL","NUMBER":null,"OBJECT_BEGIN_DATE":"2011-08-25","ORIGINAL_ID":"2ff02aec-a2e1-547e-91b3-63d665aaa2d0","REGION_KEY":"netherlands","REGISTRATION_DATE":"2019-02-01","SOURCE_ACCURACY_M":0.1,"SOURCE_DATE":"2026-06-01","SOURCE_FEATURE_DATE":"2018-01-01","SOURCE_ID":"nl-kadaster-top10nl-high-voltage-2026-06","SOURCE_LICENSE":"CC BY 4.0","SOURCE_METHOD":"luchtfoto","SOURCE_URL":"https://api.pdok.nl/kadaster/brt-top10nl/ogc/v1","TOP10NL_CODE":481,"TOP10NL_TYPE":"hoogspanningsleiding","VISUALISATION_CODE":15210,"VOLTAGE_KV":null},"type":"Feature"},{"geometry":{"coordinates":[[6.149643,52.476928],[6.148827,52.477678],[6.145814,52.480303],[6.143036,52.482707],[6.140177,52.485202],[6.137244,52.487783],[6.134348,52.49033],[6.131685,52.492605],[6.129071,52.494876],[6.12758,52.496186],[6.126276,52.497359],[6.124522,52.49889],[6.123595,52.4998],[6.122416,52.500707],[6.121786,52.501648]],"type":"LineString"},"id":"3039ae07-dd22-5f22-ba3c-49f64bea7452","properties":{"ASSET_KIND":"official_transmission_line","EVIDENCE":"official","GEOMETRY_CONFIDENCE":"official-top10nl-1:10000-rounded-6dp-no-simplification","HEIGHT_LEVEL":0,"LOCAL_ID":"122035409","MUTATION_TYPE":null,"NAME":null,"NAMESPACE":"NL.TOP10NL","NUMBER":null,"OBJECT_BEGIN_DATE":"2011-08-25","ORIGINAL_ID":"3039ae07-dd22-5f22-ba3c-49f64bea7452","REGION_KEY":"netherlands","REGISTRATION_DATE":"2019-02-01","SOURCE_ACCURACY_M":0.1,"SOURCE_DATE":"2026-06-01","SOURCE_FEATURE_DATE":"2018-01-01","SOURCE_ID":"nl-kadaster-top10nl-high-voltage-2026-06","SOURCE_LICENSE":"CC BY 4.0","SOURCE_METHOD":"luchtfoto","SOURCE_URL":"https://api.pdok.nl/kadaster/brt-top10nl/ogc/v1","TOP10NL_CODE":481,"TOP10NL_TYPE":"hoogspanningsleiding","VISUALISATION_CODE":15210,"VOLTAGE_KV":null},"type":"Feature"},{"geometry":{"coordinates":[[6.123023,52.501358],[6.123334,52.501112],[6.124998,52.499092],[6.126757,52.497568],[6.128055,52.496385],[6.130108,52.494604],[6.132177,52.492807],[6.134872,52.490555],[6.137735,52.487988],[6.140663,52.485417],[6.143517,52.482949],[6.1463,52.480515],[6.149335,52.47788],[6.150333,52.476963],[6.149084,52.475877]],"type":"LineString"},"id":"307add97-793a-5b72-9a7b-14a745834519","properties":{"ASSET_KIND":"official_transmission_line","EVIDENCE":"official","GEOMETRY_CONFIDENCE":"official-top10nl-1:10000-rounded-6dp-no-simplification","HEIGHT_LEVEL":0,"LOCAL_ID":"122083039","MUTATION_TYPE":null,"NAME":null,"NAMESPACE":"NL.TOP10NL","NUMBER":null,"OBJECT_BEGIN_DATE":"2011-08-25","ORIGINAL_ID":"307add97-793a-5b72-9a7b-14a745834519","REGION_KEY":"netherlands","REGISTRATION_DATE":"2019-02-01","SOURCE_ACCURACY_M":0.1,"SOURCE_DATE":"2026-06-01","SOURCE_FEATURE_DATE":"2018-01-01","SOURCE_ID":"nl-kadaster-top10nl-high-voltage-2026-06","SOURCE_LICENSE":"CC BY 4.0","SOURCE_METHOD":"luchtfoto","SOURCE_URL":"https://api.pdok.nl/kadaster/brt-top10nl/ogc/v1","TOP10NL_CODE":481,"TOP10NL_TYPE":"hoogspanningsleiding","VISUALISATION_CODE":15210,"VOLTAGE_KV":null},"type":"Feature"},{"geometry":{"coordinates":[[5.026312,51.599261],[5.026792,51.59948],[5.030101,51.599556],[5.033414,51.599635],[5.036719,51.599695],[5.04004,51.59978],[5.043334,51.599849],[5.046631,51.59993],[5.05009,51.599374],[5.053502,51.598816],[5.056907,51.598241],[5.060339,51.597678],[5.063534,51.59715],[5.066954,51.596582],[5.070564,51.595981],[5.073961,51.595415],[5.077419,51.594842],[5.080858,51.594272],[5.083383,51.593855],[5.084571,51.593561]],"type":"LineString"},"id":"310d9b69-e896-587b-90c2-6c92eae7dd98","properties":{"ASSET_KIND":"official_transmission_line","EVIDENCE":"official","GEOMETRY_CONFIDENCE":"official-top10nl-1:10000-rounded-6dp-no-simplification","HEIGHT_LEVEL":0,"LOCAL_ID":"122083108","MUTATION_TYPE":null,"NAME":null,"NAMESPACE":"NL.TOP10NL","NUMBER":null,"OBJECT_BEGIN_DATE":"2011-08-25","ORIGINAL_ID":"310d9b69-e896-587b-90c2-6c92eae7dd98","REGION_KEY":"netherlands","REGISTRATION_DATE":"2019-02-01","SOURCE_ACCURACY_M":0.1,"SOURCE_DATE":"2026-06-01","SOURCE_FEATURE_DATE":"2018-01-01","SOURCE_ID":"nl-kadaster-top10nl-high-voltage-2026-06","SOURCE_LICENSE":"CC BY 4.0","SOURCE_METHOD":"luchtfoto","SOURCE_URL":"https://api.pdok.nl/kadaster/brt-top10nl/ogc/v1","TOP10NL_CODE":481,"TOP10NL_TYPE":"hoogspanningsleiding","VISUALISATION_CODE":15210,"VOLTAGE_KV":null},"type":"Feature"},{"geometry":{"coordinates":[[6.874293,53.42516],[6.8735,53.425295],[6.870374,53.427379],[6.868318,53.429997],[6.869745,53.432344],[6.865302,53.434038],[6.862719,53.434572],[6.862571,53.434908],[6.862805,53.435177]],"type":"LineString"},"id":"31b5ce64-97e3-5c65-991b-1a7fcb6b2ff4","properties":{"ASSET_KIND":"official_transmission_line","EVIDENCE":"official","GEOMETRY_CONFIDENCE":"official-top10nl-1:10000-rounded-6dp-no-simplification","HEIGHT_LEVEL":0,"LOCAL_ID":"125700309","MUTATION_TYPE":null,"NAME":null,"NAMESPACE":"NL.TOP10NL","NUMBER":null,"OBJECT_BEGIN_DATE":"2013-01-25","ORIGINAL_ID":"31b5ce64-97e3-5c65-991b-1a7fcb6b2ff4","REGION_KEY":"netherlands","REGISTRATION_DATE":"2019-02-01","SOURCE_ACCURACY_M":0.1,"SOURCE_DATE":"2026-06-01","SOURCE_FEATURE_DATE":"2018-01-01","SOURCE_ID":"nl-kadaster-top10nl-high-voltage-2026-06","SOURCE_LICENSE":"CC BY 4.0","SOURCE_METHOD":"luchtfoto","SOURCE_URL":"https://api.pdok.nl/kadaster/brt-top10nl/ogc/v1","TOP10NL_CODE":481,"TOP10NL_TYPE":"hoogspanningsleiding","VISUALISATION_CODE":15210,"VOLTAGE_KV":null},"type":"Feature"},{"geometry":{"coordinates":[[6.250669,51.982769],[6.246484,51.985766],[6.242336,51.988789],[6.243184,51.991503],[6.24408,51.994356],[6.244986,51.997265],[6.246096,52.00091],[6.248727,52.005007],[6.251402,52.009081],[6.252297,52.013241],[6.25324,52.017518],[6.254183,52.021812],[6.255106,52.026005],[6.255281,52.030377],[6.255429,52.034738],[6.25565,52.039132],[6.25579,52.043526],[6.255983,52.047881],[6.25616,52.052337],[6.256337,52.056809],[6.254506,52.060967],[6.252883,52.064615],[6.251068,52.06875],[6.249341,52.072683],[6.247526,52.076807],[6.245684,52.080959],[6.243954,52.084842],[6.242252,52.088742],[6.240427,52.092899],[6.238539,52.097057],[6.236767,52.101169],[6.234792,52.104116],[6.23286,52.106995],[6.230874,52.10993],[6.231898,52.113698],[6.232924,52.117464],[6.238373,52.119361],[6.24372,52.121277],[6.249045,52.123166],[6.254392,52.12505],[6.257716,52.127367],[6.257565,52.13095],[6.257448,52.134806],[6.257295,52.138559],[6.257288,52.138735],[6.257169,52.141928],[6.257167,52.141983],[6.257166,52.142015],[6.257164,52.142071],[6.257163,52.142095],[6.257161,52.142151],[6.257159,52.142195],[6.257156,52.142284],[6.257142,52.142646],[6.257133,52.142879],[6.257005,52.146225],[6.25685,52.150004],[6.256766,52.15331],[6.258337,52.156894],[6.259805,52.160143],[6.265152,52.162931],[6.272024,52.163875],[6.278888,52.164828],[6.284957,52.164809],[6.291004,52.164786],[6.297087,52.164694],[6.303146,52.164547],[6.308665,52.164404],[6.313241,52.164763],[6.318017,52.165121],[6.32412,52.164955],[6.330437,52.164777],[6.336215,52.164613],[6.342362,52.164431],[6.348472,52.164254],[6.355092,52.164059],[6.361386,52.16388],[6.36801,52.165557],[6.374433,52.167172],[6.381281,52.168892],[6.387802,52.170519],[6.393979,52.170366],[6.399795,52.170212],[6.405722,52.170084],[6.412017,52.169579],[6.417662,52.169116],[6.424248,52.168695],[6.431224,52.168261],[6.438171,52.167817],[6.442941,52.169716],[6.447613,52.171547],[6.453821,52.173928],[6.458337,52.175669],[6.462882,52.177391],[6.466936,52.178973],[6.472093,52.181835],[6.477237,52.184702],[6.482389,52.187573],[6.487863,52.190004],[6.493407,52.192512],[6.498404,52.194747],[6.503331,52.197406],[6.507943,52.199881],[6.512729,52.202463],[6.518167,52.205084],[6.523247,52.207559],[6.528763,52.210242],[6.534286,52.212917],[6.539809,52.215568],[6.545304,52.218251],[6.550635,52.220853],[6.557501,52.22184],[6.564344,52.222818],[6.571182,52.223832],[6.577987,52.224745],[6.583714,52.223546],[6.588122,52.224211],[6.593095,52.224937],[6.59835,52.225716],[6.60333,52.226455],[6.609975,52.228233],[6.616098,52.229847],[6.62214,52.231448],[6.626996,52.232733],[6.632075,52.234048],[6.636969,52.235329],[6.641935,52.234462],[6.647316,52.233582],[6.652651,52.236062],[6.657756,52.238507],[6.662823,52.240899],[6.668143,52.241991],[6.674208,52.243262],[6.679879,52.24445],[6.68658,52.2449],[6.691528,52.245177],[6.69823,52.245635],[6.70497,52.246155],[6.711674,52.246658],[6.717739,52.247112],[6.722552,52.249297],[6.72747,52.251474],[6.733162,52.251273],[6.739223,52.251041],[6.745231,52.250829],[6.751197,52.250605],[6.755801,52.250435],[6.757704,52.249732],[6.758178,52.249196]],"type":"LineString"},"id":"32dbcf5b-913f-5902-8639-a854bf706f2d","properties":{"ASSET_KIND":"official_transmission_line","EVIDENCE":"official","GEOMETRY_CONFIDENCE":"official-top10nl-1:10000-rounded-6dp-no-simplification","HEIGHT_LEVEL":0,"LOCAL_ID":"131462072","MUTATION_TYPE":"kwaliteitsverbetering","NAME":null,"NAMESPACE":"NL.TOP10NL","NUMBER":null,"OBJECT_BEGIN_DATE":"2021-06-01","ORIGINAL_ID":"32dbcf5b-913f-5902-8639-a854bf706f2d","REGION_KEY":"netherlands","REGISTRATION_DATE":"2021-06-01","SOURCE_ACCURACY_M":0.1,"SOURCE_DATE":"2026-06-01","SOURCE_FEATURE_DATE":"2020-01-01","SOURCE_ID":"nl-kadaster-top10nl-high-voltage-2026-06","SOURCE_LICENSE":"CC BY 4.0","SOURCE_METHOD":"luchtfoto","SOURCE_URL":"https://api.pdok.nl/kadaster/brt-top10nl/ogc/v1","TOP10NL_CODE":481,"TOP10NL_TYPE":"hoogspanningsleiding","VISUALISATION_CODE":15210,"VOLTAGE_KV":null},"type":"Feature"},{"geometry":{"coordinates":[[4.845704,51.695972],[4.846439,51.696658],[4.848373,51.698588],[4.850726,51.700894],[4.852774,51.702927],[4.853134,51.703056],[4.853231,51.70309],[4.854213,51.70344],[4.854257,51.703455],[4.854315,51.703476],[4.854382,51.7035],[4.855753,51.703988],[4.85655,51.704272],[4.860174,51.704298],[4.863777,51.704335],[4.867222,51.704367],[4.871533,51.704403],[4.875644,51.704441],[4.879793,51.704486],[4.883974,51.704521],[4.887685,51.70455],[4.892364,51.704593],[4.896599,51.704635],[4.90098,51.70467],[4.90567,51.704709],[4.910095,51.704754],[4.91479,51.70479],[4.91949,51.704839],[4.924202,51.704875],[4.928886,51.704913],[4.933673,51.704959],[4.938342,51.704997],[4.942961,51.705035],[4.94652,51.705065],[4.951226,51.705109],[4.955938,51.705154],[4.960363,51.705183],[4.965134,51.705221],[4.969737,51.705261],[4.974313,51.7053],[4.978927,51.70534],[4.98345,51.705373],[4.988367,51.705406],[4.993284,51.705456],[4.99792,51.705492],[5.002545,51.705527],[5.007273,51.705566],[5.012027,51.705605],[5.016625,51.70564],[5.021343,51.705672],[5.026059,51.705713],[5.030744,51.705748],[5.035445,51.705785],[5.040162,51.705823],[5.044847,51.705853],[5.049428,51.70589],[5.05407,51.705914],[5.057613,51.705937],[5.062481,51.705978],[5.067166,51.706014],[5.071899,51.706047],[5.076638,51.70608],[5.081366,51.706116],[5.085769,51.706147],[5.088183,51.706159]],"type":"LineString"},"id":"32ffe485-3f61-59f4-a379-b6ea8dfbecbf","properties":{"ASSET_KIND":"official_transmission_line","EVIDENCE":"official","GEOMETRY_CONFIDENCE":"official-top10nl-1:10000-rounded-6dp-no-simplification","HEIGHT_LEVEL":0,"LOCAL_ID":"126648416","MUTATION_TYPE":null,"NAME":null,"NAMESPACE":"NL.TOP10NL","NUMBER":null,"OBJECT_BEGIN_DATE":"2013-10-26","ORIGINAL_ID":"32ffe485-3f61-59f4-a379-b6ea8dfbecbf","REGION_KEY":"netherlands","REGISTRATION_DATE":"2019-02-01","SOURCE_ACCURACY_M":0.1,"SOURCE_DATE":"2026-06-01","SOURCE_FEATURE_DATE":"2018-01-01","SOURCE_ID":"nl-kadaster-top10nl-high-voltage-2026-06","SOURCE_LICENSE":"CC BY 4.0","SOURCE_METHOD":"luchtfoto","SOURCE_URL":"https://api.pdok.nl/kadaster/brt-top10nl/ogc/v1","TOP10NL_CODE":481,"TOP10NL_TYPE":"hoogspanningsleiding","VISUALISATION_CODE":15210,"VOLTAGE_KV":null},"type":"Feature"},{"geometry":{"coordinates":[[3.644185,51.465725],[3.644667,51.468713],[3.645138,51.471671],[3.645611,51.474599],[3.646035,51.477199],[3.646539,51.480173],[3.646926,51.482491],[3.647363,51.485126],[3.647716,51.487511],[3.648024,51.487722]],"type":"LineString"},"id":"330353ce-e22d-5bba-8510-2d1363fb2bd9","properties":{"ASSET_KIND":"official_transmission_line","EVIDENCE":"official","GEOMETRY_CONFIDENCE":"official-top10nl-1:10000-rounded-6dp-no-simplification","HEIGHT_LEVEL":0,"LOCAL_ID":"122083345","MUTATION_TYPE":null,"NAME":null,"NAMESPACE":"NL.TOP10NL","NUMBER":null,"OBJECT_BEGIN_DATE":"2011-08-25","ORIGINAL_ID":"330353ce-e22d-5bba-8510-2d1363fb2bd9","REGION_KEY":"netherlands","REGISTRATION_DATE":"2019-02-01","SOURCE_ACCURACY_M":0.1,"SOURCE_DATE":"2026-06-01","SOURCE_FEATURE_DATE":"2018-01-01","SOURCE_ID":"nl-kadaster-top10nl-high-voltage-2026-06","SOURCE_LICENSE":"CC BY 4.0","SOURCE_METHOD":"luchtfoto","SOURCE_URL":"https://api.pdok.nl/kadaster/brt-top10nl/ogc/v1","TOP10NL_CODE":481,"TOP10NL_TYPE":"hoogspanningsleiding","VISUALISATION_CODE":15210,"VOLTAGE_KV":null},"type":"Feature"},{"geometry":{"coordinates":[[5.15024,52.334963],[5.150047,52.334866]],"type":"LineString"},"id":"3322ba5a-699f-5261-8c19-739efcfa2a33","properties":{"ASSET_KIND":"official_transmission_line","EVIDENCE":"official","GEOMETRY_CONFIDENCE":"official-top10nl-1:10000-rounded-6dp-no-simplification","HEIGHT_LEVEL":-1,"LOCAL_ID":"132572917","MUTATION_TYPE":"werkelijke verandering","NAME":null,"NAMESPACE":"NL.TOP10NL","NUMBER":null,"OBJECT_BEGIN_DATE":"2026-04-01","ORIGINAL_ID":"3322ba5a-699f-5261-8c19-739efcfa2a33","REGION_KEY":"netherlands","REGISTRATION_DATE":"2026-04-01","SOURCE_ACCURACY_M":0.1,"SOURCE_DATE":"2026-06-01","SOURCE_FEATURE_DATE":"2025-01-01","SOURCE_ID":"nl-kadaster-top10nl-high-voltage-2026-06","SOURCE_LICENSE":"CC BY 4.0","SOURCE_METHOD":"luchtfoto","SOURCE_URL":"https://api.pdok.nl/kadaster/brt-top10nl/ogc/v1","TOP10NL_CODE":481,"TOP10NL_TYPE":"hoogspanningsleiding","VISUALISATION_CODE":-15210,"VOLTAGE_KV":null},"type":"Feature"},{"geometry":{"coordinates":[[3.70072,51.441014],[3.703198,51.439643],[3.706251,51.437858],[3.709694,51.43593],[3.712008,51.434619],[3.713967,51.433764],[3.716051,51.434111],[3.719378,51.434682],[3.723018,51.435329],[3.726762,51.435661],[3.727598,51.435767]],"type":"LineString"},"id":"33284149-570b-50a2-bf60-b975c4474e2c","properties":{"ASSET_KIND":"official_transmission_line","EVIDENCE":"official","GEOMETRY_CONFIDENCE":"official-top10nl-1:10000-rounded-6dp-no-simplification","HEIGHT_LEVEL":0,"LOCAL_ID":"122082987","MUTATION_TYPE":null,"NAME":null,"NAMESPACE":"NL.TOP10NL","NUMBER":null,"OBJECT_BEGIN_DATE":"2011-08-25","ORIGINAL_ID":"33284149-570b-50a2-bf60-b975c4474e2c","REGION_KEY":"netherlands","REGISTRATION_DATE":"2019-02-01","SOURCE_ACCURACY_M":0.1,"SOURCE_DATE":"2026-06-01","SOURCE_FEATURE_DATE":"2018-01-01","SOURCE_ID":"nl-kadaster-top10nl-high-voltage-2026-06","SOURCE_LICENSE":"CC BY 4.0","SOURCE_METHOD":"luchtfoto","SOURCE_URL":"https://api.pdok.nl/kadaster/brt-top10nl/ogc/v1","TOP10NL_CODE":481,"TOP10NL_TYPE":"hoogspanningsleiding","VISUALISATION_CODE":15210,"VOLTAGE_KV":null},"type":"Feature"},{"geometry":{"coordinates":[[5.466997,51.409575],[5.467374,51.409386],[5.471589,51.407615],[5.475106,51.406108],[5.478528,51.40468],[5.483106,51.404593],[5.487764,51.404507],[5.491624,51.404437],[5.494883,51.40367],[5.498199,51.40293],[5.501396,51.402202],[5.505771,51.402202],[5.510424,51.402213],[5.515095,51.402208],[5.51976,51.402211],[5.524413,51.402213],[5.529097,51.402215],[5.533756,51.402217],[5.538419,51.402228],[5.543072,51.402194],[5.547759,51.402227],[5.54888,51.40251],[5.548312,51.403617]],"type":"LineString"},"id":"3379bfa6-b21f-5f93-a719-6780aac66649","properties":{"ASSET_KIND":"official_transmission_line","EVIDENCE":"official","GEOMETRY_CONFIDENCE":"official-top10nl-1:10000-rounded-6dp-no-simplification","HEIGHT_LEVEL":0,"LOCAL_ID":"122082990","MUTATION_TYPE":null,"NAME":null,"NAMESPACE":"NL.TOP10NL","NUMBER":null,"OBJECT_BEGIN_DATE":"2011-08-25","ORIGINAL_ID":"3379bfa6-b21f-5f93-a719-6780aac66649","REGION_KEY":"netherlands","REGISTRATION_DATE":"2019-06-01","SOURCE_ACCURACY_M":0.1,"SOURCE_DATE":"2026-06-01","SOURCE_FEATURE_DATE":"2018-01-01","SOURCE_ID":"nl-kadaster-top10nl-high-voltage-2026-06","SOURCE_LICENSE":"CC BY 4.0","SOURCE_METHOD":"luchtfoto","SOURCE_URL":"https://api.pdok.nl/kadaster/brt-top10nl/ogc/v1","TOP10NL_CODE":481,"TOP10NL_TYPE":"hoogspanningsleiding","VISUALISATION_CODE":15210,"VOLTAGE_KV":null},"type":"Feature"},{"geometry":{"coordinates":[[5.489979,51.606796],[5.490162,51.606561]],"type":"LineString"},"id":"3440df37-f662-5691-b8d6-5fa13827f8d4","properties":{"ASSET_KIND":"official_transmission_line","EVIDENCE":"official","GEOMETRY_CONFIDENCE":"official-top10nl-1:10000-rounded-6dp-no-simplification","HEIGHT_LEVEL":0,"LOCAL_ID":"122083296","MUTATION_TYPE":null,"NAME":null,"NAMESPACE":"NL.TOP10NL","NUMBER":null,"OBJECT_BEGIN_DATE":"2011-08-25","ORIGINAL_ID":"3440df37-f662-5691-b8d6-5fa13827f8d4","REGION_KEY":"netherlands","REGISTRATION_DATE":"2019-02-01","SOURCE_ACCURACY_M":0.1,"SOURCE_DATE":"2026-06-01","SOURCE_FEATURE_DATE":"2018-01-01","SOURCE_ID":"nl-kadaster-top10nl-high-voltage-2026-06","SOURCE_LICENSE":"CC BY 4.0","SOURCE_METHOD":"luchtfoto","SOURCE_URL":"https://api.pdok.nl/kadaster/brt-top10nl/ogc/v1","TOP10NL_CODE":481,"TOP10NL_TYPE":"hoogspanningsleiding","VISUALISATION_CODE":15210,"VOLTAGE_KV":null},"type":"Feature"},{"geometry":{"coordinates":[[6.518503,52.888448],[6.518414,52.88863],[6.517561,52.890924],[6.520117,52.893839],[6.521781,52.895748],[6.524013,52.898261],[6.526273,52.900806],[6.528553,52.903411],[6.528392,52.906475],[6.528274,52.909453],[6.528156,52.912452],[6.528003,52.915452],[6.527945,52.916714],[6.527918,52.917325],[6.527874,52.918275],[6.527867,52.918441],[6.528024,52.918869],[6.528308,52.919644],[6.52832,52.919677],[6.528332,52.919709],[6.528354,52.919769],[6.528375,52.919826],[6.528604,52.92045],[6.528847,52.921111],[6.529945,52.924196],[6.530975,52.927087],[6.532128,52.93022],[6.533158,52.933068],[6.53418,52.93596],[6.535238,52.938861],[6.536278,52.941736],[6.537346,52.944654],[6.538396,52.947551],[6.539428,52.950458],[6.540497,52.953424],[6.541547,52.956331],[6.542553,52.959228],[6.543584,52.962071],[6.54468,52.965005],[6.540868,52.967759],[6.537065,52.97053],[6.533384,52.973229],[6.530026,52.975628],[6.52659,52.978126],[6.523328,52.980481],[6.519856,52.983048],[6.516707,52.985319],[6.51369,52.987469],[6.515432,52.990213],[6.517079,52.992737],[6.518885,52.995503],[6.519927,52.997094],[6.521844,53.000036],[6.523574,53.002699],[6.524849,53.004701],[6.524723,53.006752],[6.524611,53.008574],[6.525774,53.009635],[6.528901,53.01111],[6.532918,53.013042],[6.53695,53.014968],[6.540986,53.016879],[6.544964,53.018744],[6.548845,53.020607],[6.552961,53.022543],[6.557811,53.022695],[6.562628,53.02285],[6.567517,53.022998],[6.57117,53.02073],[6.575206,53.018257],[6.578953,53.015927],[6.581645,53.014243],[6.581793,53.01409]],"type":"LineString"},"id":"3450327f-07c3-5e9c-b4e7-3a928dfc7d9f","properties":{"ASSET_KIND":"official_transmission_line","EVIDENCE":"official","GEOMETRY_CONFIDENCE":"official-top10nl-1:10000-rounded-6dp-no-simplification","HEIGHT_LEVEL":0,"LOCAL_ID":"129843191","MUTATION_TYPE":null,"NAME":null,"NAMESPACE":"NL.TOP10NL","NUMBER":null,"OBJECT_BEGIN_DATE":"2017-02-01","ORIGINAL_ID":"3450327f-07c3-5e9c-b4e7-3a928dfc7d9f","REGION_KEY":"netherlands","REGISTRATION_DATE":"2019-02-01","SOURCE_ACCURACY_M":0.1,"SOURCE_DATE":"2026-06-01","SOURCE_FEATURE_DATE":"2018-01-01","SOURCE_ID":"nl-kadaster-top10nl-high-voltage-2026-06","SOURCE_LICENSE":"CC BY 4.0","SOURCE_METHOD":"luchtfoto","SOURCE_URL":"https://api.pdok.nl/kadaster/brt-top10nl/ogc/v1","TOP10NL_CODE":481,"TOP10NL_TYPE":"hoogspanningsleiding","VISUALISATION_CODE":15210,"VOLTAGE_KV":null},"type":"Feature"},{"geometry":{"coordinates":[[6.271124,52.99112],[6.27099,52.991447],[6.270514,52.992441],[6.269468,52.994657],[6.268489,52.996701],[6.267526,52.998727],[6.266563,53.000757],[6.265594,53.002794],[6.26462,53.004834],[6.263646,53.00686],[6.262677,53.008913],[6.261718,53.010902],[6.260754,53.012941],[6.260032,53.013982]],"type":"LineString"},"id":"346dd84e-52bb-5862-aa9e-fd21dd113b7f","properties":{"ASSET_KIND":"official_transmission_line","EVIDENCE":"official","GEOMETRY_CONFIDENCE":"official-top10nl-1:10000-rounded-6dp-no-simplification","HEIGHT_LEVEL":0,"LOCAL_ID":"122083303","MUTATION_TYPE":null,"NAME":null,"NAMESPACE":"NL.TOP10NL","NUMBER":null,"OBJECT_BEGIN_DATE":"2011-08-25","ORIGINAL_ID":"346dd84e-52bb-5862-aa9e-fd21dd113b7f","REGION_KEY":"netherlands","REGISTRATION_DATE":"2019-02-01","SOURCE_ACCURACY_M":0.1,"SOURCE_DATE":"2026-06-01","SOURCE_FEATURE_DATE":"2018-01-01","SOURCE_ID":"nl-kadaster-top10nl-high-voltage-2026-06","SOURCE_LICENSE":"CC BY 4.0","SOURCE_METHOD":"luchtfoto","SOURCE_URL":"https://api.pdok.nl/kadaster/brt-top10nl/ogc/v1","TOP10NL_CODE":481,"TOP10NL_TYPE":"hoogspanningsleiding","VISUALISATION_CODE":15210,"VOLTAGE_KV":null},"type":"Feature"},{"geometry":{"coordinates":[[4.732913,52.006551],[4.733521,52.006888],[4.733913,52.007265]],"type":"LineString"},"id":"34b010a9-d82b-5bb2-8153-14ff84815e96","properties":{"ASSET_KIND":"official_transmission_line","EVIDENCE":"official","GEOMETRY_CONFIDENCE":"official-top10nl-1:10000-rounded-6dp-no-simplification","HEIGHT_LEVEL":0,"LOCAL_ID":"122082944","MUTATION_TYPE":null,"NAME":null,"NAMESPACE":"NL.TOP10NL","NUMBER":null,"OBJECT_BEGIN_DATE":"2011-08-25","ORIGINAL_ID":"34b010a9-d82b-5bb2-8153-14ff84815e96","REGION_KEY":"netherlands","REGISTRATION_DATE":"2019-02-01","SOURCE_ACCURACY_M":0.1,"SOURCE_DATE":"2026-06-01","SOURCE_FEATURE_DATE":"2018-01-01","SOURCE_ID":"nl-kadaster-top10nl-high-voltage-2026-06","SOURCE_LICENSE":"CC BY 4.0","SOURCE_METHOD":"luchtfoto","SOURCE_URL":"https://api.pdok.nl/kadaster/brt-top10nl/ogc/v1","TOP10NL_CODE":481,"TOP10NL_TYPE":"hoogspanningsleiding","VISUALISATION_CODE":15210,"VOLTAGE_KV":null},"type":"Feature"},{"geometry":{"coordinates":[[3.729402,51.434806],[3.729906,51.434947],[3.733763,51.436173]],"type":"LineString"},"id":"3505ff9f-4427-5d95-b40f-1e81a5ffface","properties":{"ASSET_KIND":"official_transmission_line","EVIDENCE":"official","GEOMETRY_CONFIDENCE":"official-top10nl-1:10000-rounded-6dp-no-simplification","HEIGHT_LEVEL":0,"LOCAL_ID":"122083247","MUTATION_TYPE":null,"NAME":null,"NAMESPACE":"NL.TOP10NL","NUMBER":null,"OBJECT_BEGIN_DATE":"2011-08-25","ORIGINAL_ID":"3505ff9f-4427-5d95-b40f-1e81a5ffface","REGION_KEY":"netherlands","REGISTRATION_DATE":"2019-02-01","SOURCE_ACCURACY_M":0.1,"SOURCE_DATE":"2026-06-01","SOURCE_FEATURE_DATE":"2018-01-01","SOURCE_ID":"nl-kadaster-top10nl-high-voltage-2026-06","SOURCE_LICENSE":"CC BY 4.0","SOURCE_METHOD":"luchtfoto","SOURCE_URL":"https://api.pdok.nl/kadaster/brt-top10nl/ogc/v1","TOP10NL_CODE":481,"TOP10NL_TYPE":"hoogspanningsleiding","VISUALISATION_CODE":15210,"VOLTAGE_KV":null},"type":"Feature"},{"geometry":{"coordinates":[[5.807352,52.617224],[5.806306,52.61703],[5.802595,52.61597],[5.798356,52.614784],[5.792377,52.614811],[5.786383,52.614793],[5.780418,52.614868],[5.774511,52.614869],[5.768613,52.614894],[5.762706,52.614907],[5.756829,52.614937],[5.750911,52.61495],[5.744994,52.61498],[5.73978,52.614946],[5.734526,52.614992],[5.73087,52.617264],[5.727184,52.619597],[5.722092,52.619586],[5.716572,52.619627],[5.710654,52.619637],[5.704756,52.619665],[5.698868,52.61965],[5.69294,52.619678],[5.687042,52.619699],[5.681133,52.619682],[5.675246,52.619722],[5.672215,52.618108],[5.668733,52.61621],[5.664372,52.613842],[5.660338,52.611671],[5.655486,52.609024],[5.64998,52.606031],[5.643953,52.60279],[5.639522,52.600365],[5.635798,52.598336],[5.632095,52.596325],[5.628381,52.594314],[5.622716,52.593375],[5.616939,52.59243],[5.611254,52.591516],[5.605549,52.590576],[5.599854,52.58963],[5.59416,52.588684],[5.591625,52.58827],[5.5915,52.588249],[5.588476,52.587756],[5.582772,52.586821],[5.582429,52.586763],[5.578872,52.586161],[5.577673,52.585957],[5.577593,52.585944],[5.57753,52.585933],[5.577426,52.585916],[5.577171,52.585872],[5.577109,52.585862],[5.577013,52.585829],[5.572009,52.584122],[5.571962,52.584106],[5.571962,52.584106],[5.571932,52.584096],[5.56794,52.582777],[5.563764,52.581349],[5.55917,52.579784],[5.55429,52.578108],[5.549391,52.576432],[5.544573,52.57478],[5.540156,52.576591]],"type":"LineString"},"id":"35662723-b109-5ca6-b329-f51d35765c76","properties":{"ASSET_KIND":"official_transmission_line","EVIDENCE":"official","GEOMETRY_CONFIDENCE":"official-top10nl-1:10000-rounded-6dp-no-simplification","HEIGHT_LEVEL":0,"LOCAL_ID":"125136998","MUTATION_TYPE":null,"NAME":null,"NAMESPACE":"NL.TOP10NL","NUMBER":null,"OBJECT_BEGIN_DATE":"2012-11-05","ORIGINAL_ID":"35662723-b109-5ca6-b329-f51d35765c76","REGION_KEY":"netherlands","REGISTRATION_DATE":"2020-04-01","SOURCE_ACCURACY_M":0.1,"SOURCE_DATE":"2026-06-01","SOURCE_FEATURE_DATE":"2019-01-01","SOURCE_ID":"nl-kadaster-top10nl-high-voltage-2026-06","SOURCE_LICENSE":"CC BY 4.0","SOURCE_METHOD":"luchtfoto","SOURCE_URL":"https://api.pdok.nl/kadaster/brt-top10nl/ogc/v1","TOP10NL_CODE":481,"TOP10NL_TYPE":"hoogspanningsleiding","VISUALISATION_CODE":15210,"VOLTAGE_KV":null},"type":"Feature"},{"geometry":{"coordinates":[[6.25375,51.981186],[6.253831,51.981143],[6.253919,51.981087],[6.254069,51.980991],[6.254542,51.980689],[6.254575,51.980668],[6.254618,51.980641],[6.255584,51.980024],[6.256042,51.979733],[6.257793,51.978617],[6.259475,51.977546],[6.260932,51.976624],[6.263036,51.975292],[6.267093,51.973288],[6.269597,51.972066],[6.271428,51.97219],[6.272025,51.972594]],"type":"LineString"},"id":"35a30875-876c-5677-8619-4307d1483406","properties":{"ASSET_KIND":"official_transmission_line","EVIDENCE":"official","GEOMETRY_CONFIDENCE":"official-top10nl-1:10000-rounded-6dp-no-simplification","HEIGHT_LEVEL":0,"LOCAL_ID":"122083051","MUTATION_TYPE":"kwaliteitsverbetering","NAME":null,"NAMESPACE":"NL.TOP10NL","NUMBER":null,"OBJECT_BEGIN_DATE":"2011-08-25","ORIGINAL_ID":"35a30875-876c-5677-8619-4307d1483406","REGION_KEY":"netherlands","REGISTRATION_DATE":"2024-04-01","SOURCE_ACCURACY_M":0.1,"SOURCE_DATE":"2026-06-01","SOURCE_FEATURE_DATE":"2022-01-01","SOURCE_ID":"nl-kadaster-top10nl-high-voltage-2026-06","SOURCE_LICENSE":"CC BY 4.0","SOURCE_METHOD":"luchtfoto","SOURCE_URL":"https://api.pdok.nl/kadaster/brt-top10nl/ogc/v1","TOP10NL_CODE":481,"TOP10NL_TYPE":"hoogspanningsleiding","VISUALISATION_CODE":15210,"VOLTAGE_KV":null},"type":"Feature"},{"geometry":{"coordinates":[[4.841846,51.696907],[4.842616,51.695951]],"type":"LineString"},"id":"361fd8b0-8f22-5e1e-89ca-38cb15c60d27","properties":{"ASSET_KIND":"official_transmission_line","EVIDENCE":"official","GEOMETRY_CONFIDENCE":"official-top10nl-1:10000-rounded-6dp-no-simplification","HEIGHT_LEVEL":0,"LOCAL_ID":"122083117","MUTATION_TYPE":null,"NAME":null,"NAMESPACE":"NL.TOP10NL","NUMBER":null,"OBJECT_BEGIN_DATE":"2011-08-25","ORIGINAL_ID":"361fd8b0-8f22-5e1e-89ca-38cb15c60d27","REGION_KEY":"netherlands","REGISTRATION_DATE":"2019-02-01","SOURCE_ACCURACY_M":0.1,"SOURCE_DATE":"2026-06-01","SOURCE_FEATURE_DATE":"2018-01-01","SOURCE_ID":"nl-kadaster-top10nl-high-voltage-2026-06","SOURCE_LICENSE":"CC BY 4.0","SOURCE_METHOD":"luchtfoto","SOURCE_URL":"https://api.pdok.nl/kadaster/brt-top10nl/ogc/v1","TOP10NL_CODE":481,"TOP10NL_TYPE":"hoogspanningsleiding","VISUALISATION_CODE":15210,"VOLTAGE_KV":null},"type":"Feature"},{"geometry":{"coordinates":[[6.993553,52.986573],[6.991209,52.990242],[6.988796,52.993888],[6.986311,52.997797],[6.983758,53.001731],[6.981193,53.005689],[6.978679,53.009573],[6.976265,53.013268],[6.97376,53.017062],[6.971336,53.020847],[6.968348,53.024435],[6.965355,53.027916],[6.962174,53.0318],[6.959197,53.035363],[6.956179,53.03891],[6.953254,53.042439],[6.950288,53.045977],[6.947328,53.049687],[6.944449,53.053379],[6.942385,53.055981],[6.940317,53.058485],[6.940348,53.062768],[6.940418,53.06701],[6.940498,53.071138],[6.940553,53.075331],[6.94055,53.079443],[6.944335,53.083147],[6.948218,53.086906],[6.951949,53.090585],[6.95586,53.094343],[6.955793,53.098129],[6.955739,53.102259],[6.955676,53.106151],[6.955673,53.110206],[6.955586,53.114188],[6.955547,53.118007],[6.952002,53.121431],[6.950565,53.123026],[6.950189,53.123403]],"type":"LineString"},"id":"365684da-7a70-595c-8954-1fffe0b295c4","properties":{"ASSET_KIND":"official_transmission_line","EVIDENCE":"official","GEOMETRY_CONFIDENCE":"official-top10nl-1:10000-rounded-6dp-no-simplification","HEIGHT_LEVEL":0,"LOCAL_ID":"122082969","MUTATION_TYPE":null,"NAME":null,"NAMESPACE":"NL.TOP10NL","NUMBER":null,"OBJECT_BEGIN_DATE":"2011-08-25","ORIGINAL_ID":"365684da-7a70-595c-8954-1fffe0b295c4","REGION_KEY":"netherlands","REGISTRATION_DATE":"2019-02-01","SOURCE_ACCURACY_M":0.1,"SOURCE_DATE":"2026-06-01","SOURCE_FEATURE_DATE":"2018-01-01","SOURCE_ID":"nl-kadaster-top10nl-high-voltage-2026-06","SOURCE_LICENSE":"CC BY 4.0","SOURCE_METHOD":"luchtfoto","SOURCE_URL":"https://api.pdok.nl/kadaster/brt-top10nl/ogc/v1","TOP10NL_CODE":481,"TOP10NL_TYPE":"hoogspanningsleiding","VISUALISATION_CODE":15210,"VOLTAGE_KV":null},"type":"Feature"},{"geometry":{"coordinates":[[6.595312,53.20645],[6.598281,53.204601],[6.601467,53.202614],[6.604757,53.201525],[6.609839,53.201747],[6.614687,53.199019],[6.617582,53.197393],[6.622413,53.194667],[6.625513,53.192917],[6.628523,53.191218],[6.632442,53.189001],[6.636343,53.186809],[6.639584,53.184988],[6.647631,53.182557],[6.652037,53.181221],[6.657217,53.179642],[6.661217,53.17843],[6.666834,53.17673],[6.67136,53.175355],[6.675891,53.173978],[6.680419,53.172593],[6.684984,53.17121],[6.68886,53.170038],[6.694755,53.168258],[6.701543,53.166205],[6.707568,53.164373],[6.712066,53.163],[6.71658,53.161623],[6.720412,53.160463]],"type":"LineString"},"id":"3745b7f6-1f21-555e-9dca-653ea1a9f8ee","properties":{"ASSET_KIND":"official_transmission_line","EVIDENCE":"official","GEOMETRY_CONFIDENCE":"official-top10nl-1:10000-rounded-6dp-no-simplification","HEIGHT_LEVEL":0,"LOCAL_ID":"132432762","MUTATION_TYPE":"kwaliteitsverbetering","NAME":null,"NAMESPACE":"NL.TOP10NL","NUMBER":null,"OBJECT_BEGIN_DATE":"2025-06-01","ORIGINAL_ID":"3745b7f6-1f21-555e-9dca-653ea1a9f8ee","REGION_KEY":"netherlands","REGISTRATION_DATE":"2025-06-01","SOURCE_ACCURACY_M":0.1,"SOURCE_DATE":"2026-06-01","SOURCE_FEATURE_DATE":"2024-01-01","SOURCE_ID":"nl-kadaster-top10nl-high-voltage-2026-06","SOURCE_LICENSE":"CC BY 4.0","SOURCE_METHOD":"luchtfoto","SOURCE_URL":"https://api.pdok.nl/kadaster/brt-top10nl/ogc/v1","TOP10NL_CODE":481,"TOP10NL_TYPE":"hoogspanningsleiding","VISUALISATION_CODE":15210,"VOLTAGE_KV":null},"type":"Feature"},{"geometry":{"coordinates":[[3.796541,51.344543],[3.796693,51.3417],[3.796868,51.338819]],"type":"LineString"},"id":"37b4e4cb-9aa5-5d7d-9db6-1ff76824374d","properties":{"ASSET_KIND":"official_transmission_line","EVIDENCE":"official","GEOMETRY_CONFIDENCE":"official-top10nl-1:10000-rounded-6dp-no-simplification","HEIGHT_LEVEL":0,"LOCAL_ID":"122083292","MUTATION_TYPE":null,"NAME":null,"NAMESPACE":"NL.TOP10NL","NUMBER":null,"OBJECT_BEGIN_DATE":"2011-08-25","ORIGINAL_ID":"37b4e4cb-9aa5-5d7d-9db6-1ff76824374d","REGION_KEY":"netherlands","REGISTRATION_DATE":"2019-02-01","SOURCE_ACCURACY_M":0.1,"SOURCE_DATE":"2026-06-01","SOURCE_FEATURE_DATE":"2018-01-01","SOURCE_ID":"nl-kadaster-top10nl-high-voltage-2026-06","SOURCE_LICENSE":"CC BY 4.0","SOURCE_METHOD":"luchtfoto","SOURCE_URL":"https://api.pdok.nl/kadaster/brt-top10nl/ogc/v1","TOP10NL_CODE":481,"TOP10NL_TYPE":"hoogspanningsleiding","VISUALISATION_CODE":15210,"VOLTAGE_KV":null},"type":"Feature"},{"geometry":{"coordinates":[[6.948203,53.124754],[6.947757,53.123935],[6.947418,53.123852]],"type":"LineString"},"id":"38cc793a-d95b-54da-a9e3-422acff13830","properties":{"ASSET_KIND":"official_transmission_line","EVIDENCE":"official","GEOMETRY_CONFIDENCE":"official-top10nl-1:10000-rounded-6dp-no-simplification","HEIGHT_LEVEL":0,"LOCAL_ID":"122083156","MUTATION_TYPE":null,"NAME":null,"NAMESPACE":"NL.TOP10NL","NUMBER":null,"OBJECT_BEGIN_DATE":"2011-08-25","ORIGINAL_ID":"38cc793a-d95b-54da-a9e3-422acff13830","REGION_KEY":"netherlands","REGISTRATION_DATE":"2019-02-01","SOURCE_ACCURACY_M":0.1,"SOURCE_DATE":"2026-06-01","SOURCE_FEATURE_DATE":"2018-01-01","SOURCE_ID":"nl-kadaster-top10nl-high-voltage-2026-06","SOURCE_LICENSE":"CC BY 4.0","SOURCE_METHOD":"luchtfoto","SOURCE_URL":"https://api.pdok.nl/kadaster/brt-top10nl/ogc/v1","TOP10NL_CODE":481,"TOP10NL_TYPE":"hoogspanningsleiding","VISUALISATION_CODE":15210,"VOLTAGE_KV":null},"type":"Feature"},{"geometry":{"coordinates":[[5.917344,51.14892],[5.916734,51.149448],[5.911725,51.150661],[5.906298,51.151933],[5.901023,51.153189],[5.900757,51.153761],[5.900066,51.155246],[5.899794,51.155829],[5.899646,51.156148],[5.898775,51.158024],[5.898643,51.15831],[5.89854,51.158531],[5.897101,51.161637],[5.897075,51.161693],[5.896988,51.16188],[5.896884,51.162106],[5.896803,51.162282],[5.896737,51.162425],[5.896727,51.162447],[5.896687,51.162534],[5.89652,51.162897],[5.895639,51.16481],[5.89558,51.164938],[5.893936,51.168443],[5.891429,51.170621],[5.888776,51.172972],[5.885986,51.175438],[5.883729,51.177413],[5.881555,51.180762],[5.879267,51.184169],[5.877024,51.187568],[5.874917,51.190852],[5.872684,51.194151],[5.870531,51.197485],[5.868615,51.20043],[5.866878,51.203064],[5.865197,51.205583],[5.863528,51.208131],[5.861522,51.211371],[5.859481,51.214596],[5.857418,51.217959],[5.85532,51.221293],[5.853967,51.223483],[5.851843,51.226892],[5.849843,51.230119],[5.847791,51.233413],[5.845639,51.236844],[5.843799,51.239754],[5.841725,51.243092],[5.83905,51.246277],[5.836245,51.249553],[5.833659,51.252606],[5.830972,51.255752],[5.828245,51.25897],[5.826738,51.262305],[5.825253,51.265568],[5.823763,51.268853],[5.822261,51.272198],[5.820837,51.275357],[5.819402,51.278481],[5.817966,51.281647],[5.816464,51.284964],[5.815089,51.288009],[5.813653,51.291143],[5.812318,51.294116],[5.811228,51.29654],[5.809624,51.300054],[5.808419,51.302697],[5.808069,51.303464],[5.806503,51.306906],[5.805806,51.30727],[5.805732,51.307309],[5.805684,51.307334],[5.804298,51.308059],[5.803838,51.308299],[5.803632,51.308407],[5.802177,51.309167],[5.797946,51.311363],[5.793681,51.313549],[5.789029,51.315972],[5.784555,51.318299],[5.779984,51.320677],[5.775598,51.322949],[5.773066,51.32607],[5.770533,51.329207],[5.768035,51.332316],[5.76558,51.335336],[5.763196,51.338299],[5.760936,51.341106],[5.758313,51.344321],[5.755751,51.347525],[5.753858,51.350649],[5.751938,51.353772],[5.750027,51.356902],[5.748045,51.36016],[5.745974,51.363569],[5.743886,51.366978],[5.743521,51.370571],[5.743165,51.374143],[5.7428,51.377725],[5.742426,51.381319],[5.74207,51.384907],[5.741696,51.388478],[5.741305,51.392105],[5.736927,51.394164],[5.732602,51.396188],[5.72849,51.398156],[5.724497,51.400441],[5.720458,51.402682],[5.716481,51.404945],[5.712585,51.407185],[5.708402,51.409515],[5.707492,51.412161],[5.706495,51.415253],[5.705426,51.418312],[5.704429,51.421377],[5.703404,51.424374],[5.70224,51.427903],[5.701066,51.431376],[5.699893,51.434899],[5.695495,51.436246],[5.691195,51.437564],[5.686074,51.439164],[5.680926,51.440753],[5.675992,51.442302],[5.671002,51.443487],[5.666074,51.444667],[5.660914,51.445908],[5.656155,51.447059],[5.651726,51.448109],[5.646967,51.449248],[5.641984,51.45046],[5.637242,51.451599],[5.632384,51.452777],[5.629446,51.453476],[5.624212,51.454733],[5.620217,51.455333],[5.616348,51.455899],[5.613586,51.456307],[5.609368,51.456902],[5.605186,51.457541],[5.60055,51.456929],[5.595629,51.456285],[5.590698,51.455623],[5.585776,51.454967],[5.580846,51.454338],[5.575889,51.453698],[5.570977,51.453058],[5.566083,51.452412],[5.560464,51.451666],[5.555317,51.45012],[5.550152,51.448557],[5.544499,51.447934],[5.539981,51.447431],[5.535509,51.446879],[5.53375,51.446734]],"type":"LineString"},"id":"3902321d-1caf-5bd0-a8ab-5a75a8977f98","properties":{"ASSET_KIND":"official_transmission_line","EVIDENCE":"official","GEOMETRY_CONFIDENCE":"official-top10nl-1:10000-rounded-6dp-no-simplification","HEIGHT_LEVEL":0,"LOCAL_ID":"132110340","MUTATION_TYPE":"kwaliteitsverbetering","NAME":null,"NAMESPACE":"NL.TOP10NL","NUMBER":null,"OBJECT_BEGIN_DATE":"2024-02-01","ORIGINAL_ID":"3902321d-1caf-5bd0-a8ab-5a75a8977f98","REGION_KEY":"netherlands","REGISTRATION_DATE":"2024-02-01","SOURCE_ACCURACY_M":0.1,"SOURCE_DATE":"2026-06-01","SOURCE_FEATURE_DATE":"2022-01-01","SOURCE_ID":"nl-kadaster-top10nl-high-voltage-2026-06","SOURCE_LICENSE":"CC BY 4.0","SOURCE_METHOD":"luchtfoto","SOURCE_URL":"https://api.pdok.nl/kadaster/brt-top10nl/ogc/v1","TOP10NL_CODE":481,"TOP10NL_TYPE":"hoogspanningsleiding","VISUALISATION_CODE":15210,"VOLTAGE_KV":null},"type":"Feature"},{"geometry":{"coordinates":[[6.485236,52.609249],[6.48606,52.61004],[6.487477,52.611347],[6.490031,52.61151],[6.492569,52.611684],[6.495123,52.611862],[6.497677,52.61203],[6.500223,52.612204],[6.502785,52.612382],[6.505323,52.61255],[6.507893,52.612723],[6.510471,52.612891],[6.513009,52.613054],[6.515564,52.613242],[6.51815,52.613394],[6.520451,52.613481],[6.52284,52.613537],[6.52519,52.613623],[6.527564,52.613703],[6.528046,52.613886]],"type":"LineString"},"id":"39251107-74d8-52c8-90ae-616059fe229d","properties":{"ASSET_KIND":"official_transmission_line","EVIDENCE":"official","GEOMETRY_CONFIDENCE":"official-top10nl-1:10000-rounded-6dp-no-simplification","HEIGHT_LEVEL":0,"LOCAL_ID":"122083331","MUTATION_TYPE":null,"NAME":null,"NAMESPACE":"NL.TOP10NL","NUMBER":null,"OBJECT_BEGIN_DATE":"2011-08-25","ORIGINAL_ID":"39251107-74d8-52c8-90ae-616059fe229d","REGION_KEY":"netherlands","REGISTRATION_DATE":"2019-02-01","SOURCE_ACCURACY_M":0.1,"SOURCE_DATE":"2026-06-01","SOURCE_FEATURE_DATE":"2018-01-01","SOURCE_ID":"nl-kadaster-top10nl-high-voltage-2026-06","SOURCE_LICENSE":"CC BY 4.0","SOURCE_METHOD":"luchtfoto","SOURCE_URL":"https://api.pdok.nl/kadaster/brt-top10nl/ogc/v1","TOP10NL_CODE":481,"TOP10NL_TYPE":"hoogspanningsleiding","VISUALISATION_CODE":15210,"VOLTAGE_KV":null},"type":"Feature"},{"geometry":{"coordinates":[[4.524773,52.235262],[4.525064,52.235297],[4.526556,52.235515],[4.530784,52.236107],[4.535388,52.236759],[4.539973,52.237377],[4.544716,52.238054],[4.549783,52.238773],[4.554388,52.239423],[4.558999,52.240062],[4.563618,52.240692],[4.566485,52.241118],[4.572986,52.242042]],"type":"LineString"},"id":"397d30f2-03bb-5ad3-a563-4a9dcb3c7d6a","properties":{"ASSET_KIND":"official_transmission_line","EVIDENCE":"official","GEOMETRY_CONFIDENCE":"official-top10nl-1:10000-rounded-6dp-no-simplification","HEIGHT_LEVEL":0,"LOCAL_ID":"131015081","MUTATION_TYPE":"kwaliteitsverbetering","NAME":null,"NAMESPACE":"NL.TOP10NL","NUMBER":null,"OBJECT_BEGIN_DATE":"2019-11-01","ORIGINAL_ID":"397d30f2-03bb-5ad3-a563-4a9dcb3c7d6a","REGION_KEY":"netherlands","REGISTRATION_DATE":"2019-11-01","SOURCE_ACCURACY_M":0.1,"SOURCE_DATE":"2026-06-01","SOURCE_FEATURE_DATE":"2018-01-01","SOURCE_ID":"nl-kadaster-top10nl-high-voltage-2026-06","SOURCE_LICENSE":"CC BY 4.0","SOURCE_METHOD":"luchtfoto","SOURCE_URL":"https://api.pdok.nl/kadaster/brt-top10nl/ogc/v1","TOP10NL_CODE":481,"TOP10NL_TYPE":"hoogspanningsleiding","VISUALISATION_CODE":15210,"VOLTAGE_KV":null},"type":"Feature"},{"geometry":{"coordinates":[[4.873189,52.429562],[4.875266,52.429144]],"type":"LineString"},"id":"3ac4eb4a-cbed-5d2f-94c4-a0b7c2dba334","properties":{"ASSET_KIND":"official_transmission_line","EVIDENCE":"official","GEOMETRY_CONFIDENCE":"official-top10nl-1:10000-rounded-6dp-no-simplification","HEIGHT_LEVEL":0,"LOCAL_ID":"122083273","MUTATION_TYPE":null,"NAME":null,"NAMESPACE":"NL.TOP10NL","NUMBER":null,"OBJECT_BEGIN_DATE":"2011-08-25","ORIGINAL_ID":"3ac4eb4a-cbed-5d2f-94c4-a0b7c2dba334","REGION_KEY":"netherlands","REGISTRATION_DATE":"2019-02-01","SOURCE_ACCURACY_M":0.1,"SOURCE_DATE":"2026-06-01","SOURCE_FEATURE_DATE":"2018-01-01","SOURCE_ID":"nl-kadaster-top10nl-high-voltage-2026-06","SOURCE_LICENSE":"CC BY 4.0","SOURCE_METHOD":"luchtfoto","SOURCE_URL":"https://api.pdok.nl/kadaster/brt-top10nl/ogc/v1","TOP10NL_CODE":481,"TOP10NL_TYPE":"hoogspanningsleiding","VISUALISATION_CODE":15210,"VOLTAGE_KV":null},"type":"Feature"},{"geometry":{"coordinates":[[6.761021,52.248303],[6.760684,52.250067],[6.758161,52.252231],[6.756596,52.256336],[6.755153,52.260298],[6.753569,52.264482],[6.756936,52.266694],[6.761114,52.269468],[6.76564,52.272523],[6.769864,52.275354],[6.772691,52.27512],[6.773983,52.274222],[6.77438,52.274021]],"type":"LineString"},"id":"3b7b1e52-3a72-5051-84e3-f8d2c289540e","properties":{"ASSET_KIND":"official_transmission_line","EVIDENCE":"official","GEOMETRY_CONFIDENCE":"official-top10nl-1:10000-rounded-6dp-no-simplification","HEIGHT_LEVEL":0,"LOCAL_ID":"122083036","MUTATION_TYPE":null,"NAME":null,"NAMESPACE":"NL.TOP10NL","NUMBER":null,"OBJECT_BEGIN_DATE":"2011-08-25","ORIGINAL_ID":"3b7b1e52-3a72-5051-84e3-f8d2c289540e","REGION_KEY":"netherlands","REGISTRATION_DATE":"2019-02-01","SOURCE_ACCURACY_M":0.1,"SOURCE_DATE":"2026-06-01","SOURCE_FEATURE_DATE":"2018-01-01","SOURCE_ID":"nl-kadaster-top10nl-high-voltage-2026-06","SOURCE_LICENSE":"CC BY 4.0","SOURCE_METHOD":"luchtfoto","SOURCE_URL":"https://api.pdok.nl/kadaster/brt-top10nl/ogc/v1","TOP10NL_CODE":481,"TOP10NL_TYPE":"hoogspanningsleiding","VISUALISATION_CODE":15210,"VOLTAGE_KV":null},"type":"Feature"},{"geometry":{"coordinates":[[4.973809,52.338938],[4.976605,52.340839],[4.979008,52.342449],[4.981486,52.344134],[4.986221,52.344472],[4.991556,52.344839],[4.995545,52.345123],[4.999519,52.342999],[5.00284,52.341197],[5.006161,52.339462],[5.00944,52.337752],[5.009613,52.337678]],"type":"LineString"},"id":"3bc9f360-7745-57f2-b1f0-6a3b4a9999a3","properties":{"ASSET_KIND":"official_transmission_line","EVIDENCE":"official","GEOMETRY_CONFIDENCE":"official-top10nl-1:10000-rounded-6dp-no-simplification","HEIGHT_LEVEL":0,"LOCAL_ID":"122083340","MUTATION_TYPE":null,"NAME":null,"NAMESPACE":"NL.TOP10NL","NUMBER":null,"OBJECT_BEGIN_DATE":"2011-08-25","ORIGINAL_ID":"3bc9f360-7745-57f2-b1f0-6a3b4a9999a3","REGION_KEY":"netherlands","REGISTRATION_DATE":"2019-02-01","SOURCE_ACCURACY_M":0.1,"SOURCE_DATE":"2026-06-01","SOURCE_FEATURE_DATE":"2018-01-01","SOURCE_ID":"nl-kadaster-top10nl-high-voltage-2026-06","SOURCE_LICENSE":"CC BY 4.0","SOURCE_METHOD":"luchtfoto","SOURCE_URL":"https://api.pdok.nl/kadaster/brt-top10nl/ogc/v1","TOP10NL_CODE":481,"TOP10NL_TYPE":"hoogspanningsleiding","VISUALISATION_CODE":15210,"VOLTAGE_KV":null},"type":"Feature"},{"geometry":{"coordinates":[[6.593448,53.207806],[6.593862,53.208477],[6.592802,53.210648],[6.594462,53.212476],[6.598957,53.213577],[6.601207,53.21413],[6.605834,53.215247],[6.611537,53.217065],[6.61262,53.219226],[6.611002,53.221709],[6.6091,53.224625],[6.608186,53.225917],[6.606291,53.228857],[6.604614,53.231383],[6.601151,53.233484],[6.597508,53.235611],[6.59382,53.2378],[6.590613,53.239689],[6.590481,53.239766],[6.589835,53.240153],[6.589784,53.240184],[6.589686,53.240243],[6.589678,53.240248],[6.589604,53.240292],[6.589587,53.240302],[6.589517,53.240344],[6.589097,53.240596],[6.589043,53.240628],[6.588749,53.240804],[6.587864,53.241335],[6.587855,53.24134],[6.587714,53.241425],[6.587049,53.241823],[6.586973,53.241869],[6.586917,53.241903],[6.586821,53.24196],[6.586583,53.242101],[6.586578,53.242104],[6.586325,53.242254],[6.586075,53.242402],[6.585402,53.242801],[6.58534,53.242838],[6.584656,53.243243],[6.584618,53.243266],[6.584613,53.243269],[6.583698,53.243812],[6.583659,53.243835],[6.583134,53.244146],[6.582731,53.244287],[6.582299,53.244438],[6.582178,53.244481],[6.582054,53.244524],[6.581928,53.244568],[6.581774,53.244622],[6.581478,53.244726],[6.581219,53.244816],[6.578958,53.245608],[6.575246,53.246892],[6.570938,53.248383],[6.567042,53.249731],[6.562478,53.249799],[6.557939,53.24986],[6.554326,53.248739],[6.550779,53.247653],[6.546934,53.246476],[6.543634,53.245467],[6.53913,53.244089],[6.535977,53.24311],[6.53168,53.241797],[6.527374,53.240414],[6.525399,53.239819],[6.520605,53.238404],[6.516209,53.237052],[6.511668,53.23567],[6.507232,53.234286],[6.502737,53.232911],[6.498768,53.231694],[6.495783,53.229521],[6.492565,53.227219],[6.489306,53.22487],[6.486182,53.2226],[6.484986,53.221748],[6.481689,53.219383],[6.480463,53.216537],[6.4796,53.214503],[6.478494,53.211948],[6.478577,53.211766]],"type":"LineString"},"id":"3c59037d-d4a7-5b5a-b907-1f85ab9c519a","properties":{"ASSET_KIND":"official_transmission_line","EVIDENCE":"official","GEOMETRY_CONFIDENCE":"official-top10nl-1:10000-rounded-6dp-no-simplification","HEIGHT_LEVEL":0,"LOCAL_ID":"130382206","MUTATION_TYPE":null,"NAME":null,"NAMESPACE":"NL.TOP10NL","NUMBER":null,"OBJECT_BEGIN_DATE":"2018-02-01","ORIGINAL_ID":"3c59037d-d4a7-5b5a-b907-1f85ab9c519a","REGION_KEY":"netherlands","REGISTRATION_DATE":"2019-02-01","SOURCE_ACCURACY_M":0.1,"SOURCE_DATE":"2026-06-01","SOURCE_FEATURE_DATE":"2018-01-01","SOURCE_ID":"nl-kadaster-top10nl-high-voltage-2026-06","SOURCE_LICENSE":"CC BY 4.0","SOURCE_METHOD":"luchtfoto","SOURCE_URL":"https://api.pdok.nl/kadaster/brt-top10nl/ogc/v1","TOP10NL_CODE":481,"TOP10NL_TYPE":"hoogspanningsleiding","VISUALISATION_CODE":15210,"VOLTAGE_KV":null},"type":"Feature"},{"geometry":{"coordinates":[[4.830506,51.700158],[4.831894,51.700258]],"type":"LineString"},"id":"3ca20a28-1414-5a99-9fbf-59b0d2a912d1","properties":{"ASSET_KIND":"official_transmission_line","EVIDENCE":"official","GEOMETRY_CONFIDENCE":"official-top10nl-1:10000-rounded-6dp-no-simplification","HEIGHT_LEVEL":0,"LOCAL_ID":"122083225","MUTATION_TYPE":null,"NAME":null,"NAMESPACE":"NL.TOP10NL","NUMBER":null,"OBJECT_BEGIN_DATE":"2011-08-25","ORIGINAL_ID":"3ca20a28-1414-5a99-9fbf-59b0d2a912d1","REGION_KEY":"netherlands","REGISTRATION_DATE":"2019-02-01","SOURCE_ACCURACY_M":0.1,"SOURCE_DATE":"2026-06-01","SOURCE_FEATURE_DATE":"2018-01-01","SOURCE_ID":"nl-kadaster-top10nl-high-voltage-2026-06","SOURCE_LICENSE":"CC BY 4.0","SOURCE_METHOD":"luchtfoto","SOURCE_URL":"https://api.pdok.nl/kadaster/brt-top10nl/ogc/v1","TOP10NL_CODE":481,"TOP10NL_TYPE":"hoogspanningsleiding","VISUALISATION_CODE":15210,"VOLTAGE_KV":null},"type":"Feature"},{"geometry":{"coordinates":[[6.476331,52.740477],[6.479452,52.741942],[6.483025,52.743619],[6.483895,52.745951],[6.484942,52.748853],[6.485993,52.751903],[6.487081,52.754829],[6.488078,52.757658],[6.489171,52.760747],[6.49028,52.763826],[6.491397,52.766885],[6.49243,52.769866],[6.493548,52.772955],[6.494615,52.77597],[6.49567,52.778803],[6.496718,52.781695],[6.497734,52.784578],[6.498758,52.78745],[6.49977,52.7902],[6.500793,52.793043],[6.501782,52.795803],[6.502769,52.798513],[6.503751,52.801297],[6.504773,52.804062],[6.505738,52.806841],[6.506804,52.809738],[6.507829,52.812626],[6.508887,52.815527],[6.509949,52.818435],[6.510995,52.821287],[6.512022,52.824218],[6.513056,52.82712],[6.514107,52.830017],[6.515148,52.832835],[6.516131,52.835615],[6.517016,52.83807],[6.517917,52.84053],[6.518859,52.842959],[6.519817,52.845409],[6.520862,52.848015],[6.521897,52.850597],[6.522901,52.853208],[6.524075,52.856114],[6.525262,52.859172],[6.526499,52.862279],[6.527534,52.864845],[6.528669,52.867781],[6.529838,52.87074],[6.530909,52.873396],[6.527943,52.876114],[6.525281,52.878642],[6.522586,52.881171],[6.519882,52.883699],[6.517394,52.886043],[6.514887,52.888318],[6.517262,52.89103],[6.519579,52.893698],[6.521462,52.895848],[6.523686,52.898361],[6.525937,52.900923],[6.528179,52.903447],[6.528026,52.906463],[6.527899,52.90944],[6.527799,52.912434],[6.527628,52.91545],[6.527501,52.918444],[6.528482,52.921153],[6.529598,52.924259],[6.530628,52.927134],[6.531764,52.930272],[6.532794,52.93312],[6.533833,52.936001],[6.534865,52.938914],[6.535905,52.941789],[6.536925,52.94461],[6.538004,52.947608],[6.539045,52.950494],[6.540114,52.953455],[6.541174,52.956378],[6.542215,52.959275],[6.54321,52.962107],[6.544285,52.964944],[6.540491,52.967687],[6.536757,52.970382],[6.533104,52.973102],[6.529754,52.975469],[6.5263,52.977993],[6.523074,52.980343],[6.519549,52.9829],[6.516401,52.985195],[6.51325,52.987408],[6.515046,52.990168],[6.516778,52.992827],[6.51853,52.995603],[6.519607,52.997157],[6.521497,53.000121],[6.523282,53.002877],[6.524457,53.00472],[6.524018,53.006683],[6.523428,53.009016],[6.522625,53.010318],[6.521549,53.012881],[6.520393,53.0156],[6.519198,53.018382],[6.517936,53.02135],[6.516674,53.024319],[6.515393,53.027292],[6.514118,53.030272],[6.512874,53.033205],[6.511994,53.035232],[6.510812,53.03803],[6.509617,53.040843],[6.508435,53.043637],[6.507233,53.046442],[6.504384,53.04878],[6.501585,53.051067],[6.498632,53.053477],[6.495794,53.055799],[6.49295,53.058121],[6.493352,53.06103],[6.493676,53.063272],[6.493767,53.063904],[6.494077,53.065982],[6.494195,53.066773],[6.49421,53.066879],[6.494286,53.067414],[6.494293,53.067468],[6.494304,53.067548],[6.494314,53.067616],[6.49446,53.06865],[6.494604,53.069667],[6.495032,53.072552],[6.495454,53.075426],[6.496333,53.078442],[6.497191,53.081418],[6.498064,53.084446],[6.498923,53.087442],[6.499822,53.090453],[6.500668,53.093454],[6.501583,53.096564],[6.502492,53.099671],[6.503314,53.102485],[6.504201,53.105512],[6.505067,53.108501],[6.505202,53.108964],[6.505603,53.110335],[6.505947,53.111512],[6.506038,53.111651],[6.506535,53.112405],[6.50662,53.112534],[6.506655,53.112588],[6.507078,53.11323],[6.507857,53.114411],[6.509779,53.117239],[6.510112,53.117718],[6.51023,53.117887],[6.510285,53.117966],[6.510342,53.118047],[6.51161,53.119866],[6.511747,53.120063],[6.512463,53.121185],[6.51355,53.122888],[6.513641,53.123022],[6.51438,53.124118],[6.514424,53.124184],[6.514928,53.124932],[6.515289,53.125468],[6.515354,53.125567],[6.517118,53.128233],[6.518753,53.130648],[6.518952,53.130943],[6.519232,53.131366],[6.519322,53.131502],[6.51988,53.132348],[6.520781,53.133712],[6.521354,53.134558],[6.522644,53.136461],[6.521147,53.139119],[6.520071,53.141025],[6.519568,53.141916],[6.51909,53.14277],[6.518429,53.143951],[6.518293,53.144194],[6.517989,53.144737],[6.516608,53.1472],[6.516539,53.147323],[6.516467,53.147451],[6.516204,53.147917],[6.515831,53.14858],[6.515827,53.148587],[6.515366,53.149406],[6.515149,53.149791],[6.514931,53.150177],[6.514721,53.150545],[6.514691,53.150599],[6.514657,53.150658],[6.514316,53.151256],[6.513885,53.152013],[6.513482,53.15272],[6.513383,53.152894],[6.513203,53.153212],[6.51184,53.155624],[6.510337,53.158337],[6.508788,53.161071],[6.507239,53.163805],[6.505526,53.166837],[6.504103,53.169383],[6.502503,53.172216],[6.500921,53.174993],[6.499327,53.177838],[6.49786,53.180452],[6.496171,53.183444],[6.494615,53.186233],[6.492981,53.189101],[6.491404,53.191855],[6.489835,53.194663],[6.488302,53.197365],[6.485663,53.199855],[6.483069,53.202316],[6.48057,53.204631],[6.477993,53.20697],[6.476583,53.209385],[6.475582,53.210985],[6.475469,53.211199]],"type":"LineString"},"id":"3d5ff6b7-e980-5ebe-bac6-352bfb5ea32a","properties":{"ASSET_KIND":"official_transmission_line","EVIDENCE":"official","GEOMETRY_CONFIDENCE":"official-top10nl-1:10000-rounded-6dp-no-simplification","HEIGHT_LEVEL":0,"LOCAL_ID":"132491421","MUTATION_TYPE":"kwaliteitsverbetering","NAME":null,"NAMESPACE":"NL.TOP10NL","NUMBER":null,"OBJECT_BEGIN_DATE":"2025-09-01","ORIGINAL_ID":"3d5ff6b7-e980-5ebe-bac6-352bfb5ea32a","REGION_KEY":"netherlands","REGISTRATION_DATE":"2025-09-01","SOURCE_ACCURACY_M":0.1,"SOURCE_DATE":"2026-06-01","SOURCE_FEATURE_DATE":"2024-01-01","SOURCE_ID":"nl-kadaster-top10nl-high-voltage-2026-06","SOURCE_LICENSE":"CC BY 4.0","SOURCE_METHOD":"luchtfoto","SOURCE_URL":"https://api.pdok.nl/kadaster/brt-top10nl/ogc/v1","TOP10NL_CODE":481,"TOP10NL_TYPE":"hoogspanningsleiding","VISUALISATION_CODE":15210,"VOLTAGE_KV":null},"type":"Feature"},{"geometry":{"coordinates":[[6.871436,53.423527],[6.864959,53.421521],[6.85849,53.419502],[6.852603,53.417457],[6.846181,53.415251],[6.839754,53.413037],[6.836121,53.409428],[6.83249,53.40583],[6.829262,53.402612],[6.827961,53.398361],[6.82666,53.394134],[6.82538,53.389894],[6.824046,53.38566],[6.823999,53.381469],[6.823898,53.377057],[6.823797,53.373033],[6.823703,53.368831],[6.823628,53.364593],[6.823521,53.360395],[6.823456,53.356078],[6.82334,53.351809],[6.823274,53.347468],[6.823183,53.343127],[6.82187,53.33907],[6.820591,53.334799],[6.819262,53.330631],[6.818099,53.326853],[6.816802,53.322844],[6.819853,53.318976],[6.822812,53.315133],[6.825804,53.311333],[6.82896,53.307266],[6.832185,53.303163],[6.83446,53.300254],[6.837526,53.296326],[6.83801,53.29562]],"type":"LineString"},"id":"3d8c6591-dc7a-5478-948b-55d8e2186d59","properties":{"ASSET_KIND":"official_transmission_line","EVIDENCE":"official","GEOMETRY_CONFIDENCE":"official-top10nl-1:10000-rounded-6dp-no-simplification","HEIGHT_LEVEL":0,"LOCAL_ID":"122083232","MUTATION_TYPE":null,"NAME":null,"NAMESPACE":"NL.TOP10NL","NUMBER":null,"OBJECT_BEGIN_DATE":"2011-08-25","ORIGINAL_ID":"3d8c6591-dc7a-5478-948b-55d8e2186d59","REGION_KEY":"netherlands","REGISTRATION_DATE":"2019-02-01","SOURCE_ACCURACY_M":0.1,"SOURCE_DATE":"2026-06-01","SOURCE_FEATURE_DATE":"2018-01-01","SOURCE_ID":"nl-kadaster-top10nl-high-voltage-2026-06","SOURCE_LICENSE":"CC BY 4.0","SOURCE_METHOD":"luchtfoto","SOURCE_URL":"https://api.pdok.nl/kadaster/brt-top10nl/ogc/v1","TOP10NL_CODE":481,"TOP10NL_TYPE":"hoogspanningsleiding","VISUALISATION_CODE":15210,"VOLTAGE_KV":null},"type":"Feature"},{"geometry":{"coordinates":[[5.64327,52.326953],[5.643162,52.326901],[5.641164,52.325635],[5.637509,52.325482],[5.63609,52.325422],[5.633964,52.325332],[5.63303,52.32529],[5.63222,52.325253],[5.632138,52.325249],[5.631243,52.325208],[5.631031,52.325199],[5.630374,52.325169],[5.630315,52.325166],[5.62678,52.325008],[5.623329,52.324198],[5.620451,52.323965],[5.616818,52.323661],[5.616054,52.323598],[5.613334,52.323373],[5.613053,52.323343],[5.612935,52.32333],[5.612845,52.32332],[5.612759,52.323311],[5.612189,52.32325]],"type":"LineString"},"id":"3e2c8b8a-f3b6-5459-ab46-200991faa58a","properties":{"ASSET_KIND":"official_transmission_line","EVIDENCE":"official","GEOMETRY_CONFIDENCE":"official-top10nl-1:10000-rounded-6dp-no-simplification","HEIGHT_LEVEL":0,"LOCAL_ID":"122082913","MUTATION_TYPE":null,"NAME":null,"NAMESPACE":"NL.TOP10NL","NUMBER":null,"OBJECT_BEGIN_DATE":"2011-08-25","ORIGINAL_ID":"3e2c8b8a-f3b6-5459-ab46-200991faa58a","REGION_KEY":"netherlands","REGISTRATION_DATE":"2019-02-01","SOURCE_ACCURACY_M":0.1,"SOURCE_DATE":"2026-06-01","SOURCE_FEATURE_DATE":"2018-01-01","SOURCE_ID":"nl-kadaster-top10nl-high-voltage-2026-06","SOURCE_LICENSE":"CC BY 4.0","SOURCE_METHOD":"luchtfoto","SOURCE_URL":"https://api.pdok.nl/kadaster/brt-top10nl/ogc/v1","TOP10NL_CODE":481,"TOP10NL_TYPE":"hoogspanningsleiding","VISUALISATION_CODE":15210,"VOLTAGE_KV":null},"type":"Feature"},{"geometry":{"coordinates":[[5.844505,52.643023],[5.848966,52.644704],[5.85342,52.646398],[5.858264,52.647586],[5.863045,52.648779],[5.867906,52.649977],[5.87275,52.651174],[5.877564,52.652376],[5.882346,52.653573],[5.887137,52.654755],[5.891824,52.655923],[5.896797,52.657148],[5.901501,52.65832],[5.906292,52.659487],[5.911092,52.660707],[5.915908,52.661936],[5.920685,52.66317],[5.92543,52.664375],[5.930216,52.665609],[5.932624,52.668435],[5.93394,52.669944],[5.93498,52.671112],[5.935357,52.671529]],"type":"LineString"},"id":"3e6f09ce-2d58-533a-9d8e-7aa23d6a85d3","properties":{"ASSET_KIND":"official_transmission_line","EVIDENCE":"official","GEOMETRY_CONFIDENCE":"official-top10nl-1:10000-rounded-6dp-no-simplification","HEIGHT_LEVEL":0,"LOCAL_ID":"122082895","MUTATION_TYPE":null,"NAME":null,"NAMESPACE":"NL.TOP10NL","NUMBER":null,"OBJECT_BEGIN_DATE":"2011-08-25","ORIGINAL_ID":"3e6f09ce-2d58-533a-9d8e-7aa23d6a85d3","REGION_KEY":"netherlands","REGISTRATION_DATE":"2019-02-01","SOURCE_ACCURACY_M":0.1,"SOURCE_DATE":"2026-06-01","SOURCE_FEATURE_DATE":"2018-01-01","SOURCE_ID":"nl-kadaster-top10nl-high-voltage-2026-06","SOURCE_LICENSE":"CC BY 4.0","SOURCE_METHOD":"luchtfoto","SOURCE_URL":"https://api.pdok.nl/kadaster/brt-top10nl/ogc/v1","TOP10NL_CODE":481,"TOP10NL_TYPE":"hoogspanningsleiding","VISUALISATION_CODE":15210,"VOLTAGE_KV":null},"type":"Feature"},{"geometry":{"coordinates":[[6.630732,52.355828],[6.630661,52.35548],[6.632115,52.35261],[6.633521,52.349852],[6.63507,52.346853],[6.636604,52.343836],[6.638249,52.340572],[6.641995,52.3393],[6.646004,52.338002],[6.650584,52.337531],[6.655011,52.337628],[6.655605,52.337099],[6.653827,52.334473],[6.652532,52.332586],[6.656059,52.330743],[6.66025,52.328862],[6.66431,52.327056],[6.668111,52.325367],[6.672144,52.323572],[6.676577,52.32195],[6.67884,52.321089]],"type":"LineString"},"id":"3f70b4fa-e31c-5cf3-8fa4-4dc0c470360a","properties":{"ASSET_KIND":"official_transmission_line","EVIDENCE":"official","GEOMETRY_CONFIDENCE":"official-top10nl-1:10000-rounded-6dp-no-simplification","HEIGHT_LEVEL":0,"LOCAL_ID":"132482801","MUTATION_TYPE":"werkelijke verandering","NAME":null,"NAMESPACE":"NL.TOP10NL","NUMBER":null,"OBJECT_BEGIN_DATE":"2025-09-01","ORIGINAL_ID":"3f70b4fa-e31c-5cf3-8fa4-4dc0c470360a","REGION_KEY":"netherlands","REGISTRATION_DATE":"2025-09-01","SOURCE_ACCURACY_M":0.1,"SOURCE_DATE":"2026-06-01","SOURCE_FEATURE_DATE":"2024-01-01","SOURCE_ID":"nl-kadaster-top10nl-high-voltage-2026-06","SOURCE_LICENSE":"CC BY 4.0","SOURCE_METHOD":"luchtfoto","SOURCE_URL":"https://api.pdok.nl/kadaster/brt-top10nl/ogc/v1","TOP10NL_CODE":481,"TOP10NL_TYPE":"hoogspanningsleiding","VISUALISATION_CODE":15210,"VOLTAGE_KV":null},"type":"Feature"},{"geometry":{"coordinates":[[6.880382,53.090614],[6.880716,53.09052],[6.884698,53.0887],[6.887828,53.086297],[6.891032,53.083822],[6.894058,53.081517],[6.897239,53.079031]],"type":"LineString"},"id":"3fc7290a-66b3-501a-8f84-26a0e07a9479","properties":{"ASSET_KIND":"official_transmission_line","EVIDENCE":"official","GEOMETRY_CONFIDENCE":"official-top10nl-1:10000-rounded-6dp-no-simplification","HEIGHT_LEVEL":0,"LOCAL_ID":"122083233","MUTATION_TYPE":null,"NAME":null,"NAMESPACE":"NL.TOP10NL","NUMBER":null,"OBJECT_BEGIN_DATE":"2011-08-25","ORIGINAL_ID":"3fc7290a-66b3-501a-8f84-26a0e07a9479","REGION_KEY":"netherlands","REGISTRATION_DATE":"2019-02-01","SOURCE_ACCURACY_M":0.1,"SOURCE_DATE":"2026-06-01","SOURCE_FEATURE_DATE":"2018-01-01","SOURCE_ID":"nl-kadaster-top10nl-high-voltage-2026-06","SOURCE_LICENSE":"CC BY 4.0","SOURCE_METHOD":"luchtfoto","SOURCE_URL":"https://api.pdok.nl/kadaster/brt-top10nl/ogc/v1","TOP10NL_CODE":481,"TOP10NL_TYPE":"hoogspanningsleiding","VISUALISATION_CODE":15210,"VOLTAGE_KV":null},"type":"Feature"},{"geometry":{"coordinates":[[6.084193,51.452812],[6.084979,51.453595]],"type":"LineString"},"id":"415a3b22-8e42-5dfa-bf3a-a836ddb1b327","properties":{"ASSET_KIND":"official_transmission_line","EVIDENCE":"official","GEOMETRY_CONFIDENCE":"official-top10nl-1:10000-rounded-6dp-no-simplification","HEIGHT_LEVEL":0,"LOCAL_ID":"122082922","MUTATION_TYPE":null,"NAME":null,"NAMESPACE":"NL.TOP10NL","NUMBER":null,"OBJECT_BEGIN_DATE":"2011-08-25","ORIGINAL_ID":"415a3b22-8e42-5dfa-bf3a-a836ddb1b327","REGION_KEY":"netherlands","REGISTRATION_DATE":"2019-02-01","SOURCE_ACCURACY_M":0.1,"SOURCE_DATE":"2026-06-01","SOURCE_FEATURE_DATE":"2018-01-01","SOURCE_ID":"nl-kadaster-top10nl-high-voltage-2026-06","SOURCE_LICENSE":"CC BY 4.0","SOURCE_METHOD":"luchtfoto","SOURCE_URL":"https://api.pdok.nl/kadaster/brt-top10nl/ogc/v1","TOP10NL_CODE":481,"TOP10NL_TYPE":"hoogspanningsleiding","VISUALISATION_CODE":15210,"VOLTAGE_KV":null},"type":"Feature"},{"geometry":{"coordinates":[[5.835889,51.858214],[5.835987,51.858457],[5.836237,51.858664],[5.839384,51.861268],[5.839403,51.861284],[5.839615,51.861459],[5.840937,51.862554],[5.841096,51.862701],[5.842264,51.863788],[5.843533,51.864967],[5.843558,51.865033],[5.843839,51.865759],[5.844457,51.86736],[5.844542,51.867579],[5.844597,51.867721],[5.844709,51.868011],[5.844854,51.868309],[5.844886,51.868376],[5.844914,51.868432],[5.845,51.868609],[5.845049,51.868712],[5.845088,51.86879],[5.845119,51.868856],[5.845136,51.86889],[5.845156,51.868931],[5.845177,51.868974],[5.845189,51.868999],[5.846018,51.870707]],"type":"LineString"},"id":"4160db51-2148-544a-ab66-994f51a1b5a6","properties":{"ASSET_KIND":"official_transmission_line","EVIDENCE":"official","GEOMETRY_CONFIDENCE":"official-top10nl-1:10000-rounded-6dp-no-simplification","HEIGHT_LEVEL":0,"LOCAL_ID":"122083279","MUTATION_TYPE":"werkelijke verandering","NAME":null,"NAMESPACE":"NL.TOP10NL","NUMBER":null,"OBJECT_BEGIN_DATE":"2011-08-25","ORIGINAL_ID":"4160db51-2148-544a-ab66-994f51a1b5a6","REGION_KEY":"netherlands","REGISTRATION_DATE":"2021-04-01","SOURCE_ACCURACY_M":0.1,"SOURCE_DATE":"2026-06-01","SOURCE_FEATURE_DATE":"2020-01-01","SOURCE_ID":"nl-kadaster-top10nl-high-voltage-2026-06","SOURCE_LICENSE":"CC BY 4.0","SOURCE_METHOD":"luchtfoto","SOURCE_URL":"https://api.pdok.nl/kadaster/brt-top10nl/ogc/v1","TOP10NL_CODE":481,"TOP10NL_TYPE":"hoogspanningsleiding","VISUALISATION_CODE":15210,"VOLTAGE_KV":null},"type":"Feature"},{"geometry":{"coordinates":[[6.993553,52.986573],[6.99137,52.985744],[6.987798,52.984386],[6.984226,52.983044],[6.98065,52.981692],[6.976293,52.980037],[6.972244,52.977922],[6.968704,52.97606]],"type":"LineString"},"id":"4198aa66-a526-5df2-8c0a-f6477bb0498d","properties":{"ASSET_KIND":"official_transmission_line","EVIDENCE":"official","GEOMETRY_CONFIDENCE":"official-top10nl-1:10000-rounded-6dp-no-simplification","HEIGHT_LEVEL":0,"LOCAL_ID":"122083005","MUTATION_TYPE":null,"NAME":null,"NAMESPACE":"NL.TOP10NL","NUMBER":null,"OBJECT_BEGIN_DATE":"2011-08-25","ORIGINAL_ID":"4198aa66-a526-5df2-8c0a-f6477bb0498d","REGION_KEY":"netherlands","REGISTRATION_DATE":"2019-02-01","SOURCE_ACCURACY_M":0.1,"SOURCE_DATE":"2026-06-01","SOURCE_FEATURE_DATE":"2018-01-01","SOURCE_ID":"nl-kadaster-top10nl-high-voltage-2026-06","SOURCE_LICENSE":"CC BY 4.0","SOURCE_METHOD":"luchtfoto","SOURCE_URL":"https://api.pdok.nl/kadaster/brt-top10nl/ogc/v1","TOP10NL_CODE":481,"TOP10NL_TYPE":"hoogspanningsleiding","VISUALISATION_CODE":15210,"VOLTAGE_KV":null},"type":"Feature"},{"geometry":{"coordinates":[[5.798405,51.90011],[5.796617,51.901423],[5.793845,51.903435],[5.791498,51.905143],[5.789123,51.906868],[5.785274,51.90805],[5.781931,51.909087],[5.779236,51.909909],[5.77567,51.911014],[5.771719,51.912246],[5.768261,51.913308],[5.764674,51.914421],[5.76106,51.915547],[5.75794,51.916524],[5.75419,51.917679],[5.753599,51.918149],[5.753525,51.918208],[5.753438,51.918278],[5.753402,51.918307],[5.753107,51.918541],[5.752238,51.918886],[5.751523,51.919177],[5.751417,51.919219],[5.751332,51.919253],[5.749603,51.919947],[5.748459,51.920397],[5.745909,51.921399],[5.744799,51.921849],[5.744099,51.922132],[5.742419,51.922813],[5.739934,51.923792],[5.736141,51.923874],[5.731901,51.92395],[5.727614,51.924025],[5.722886,51.924106],[5.718524,51.924164],[5.714163,51.92426],[5.709664,51.924328],[5.705268,51.924386],[5.701472,51.924486],[5.697702,51.924676],[5.693946,51.924858],[5.690163,51.925031],[5.686367,51.925221],[5.682637,51.925406],[5.678858,51.925594],[5.676988,51.925682],[5.673876,51.927622],[5.672131,51.928709],[5.671917,51.928805]],"type":"LineString"},"id":"425b3fad-2b3b-59ad-9f8d-f06e37467df0","properties":{"ASSET_KIND":"official_transmission_line","EVIDENCE":"official","GEOMETRY_CONFIDENCE":"official-top10nl-1:10000-rounded-6dp-no-simplification","HEIGHT_LEVEL":0,"LOCAL_ID":"122083110","MUTATION_TYPE":"werkelijke verandering","NAME":null,"NAMESPACE":"NL.TOP10NL","NUMBER":null,"OBJECT_BEGIN_DATE":"2011-08-25","ORIGINAL_ID":"425b3fad-2b3b-59ad-9f8d-f06e37467df0","REGION_KEY":"netherlands","REGISTRATION_DATE":"2023-02-01","SOURCE_ACCURACY_M":0.1,"SOURCE_DATE":"2026-06-01","SOURCE_FEATURE_DATE":"2022-01-01","SOURCE_ID":"nl-kadaster-top10nl-high-voltage-2026-06","SOURCE_LICENSE":"CC BY 4.0","SOURCE_METHOD":"luchtfoto","SOURCE_URL":"https://api.pdok.nl/kadaster/brt-top10nl/ogc/v1","TOP10NL_CODE":481,"TOP10NL_TYPE":"hoogspanningsleiding","VISUALISATION_CODE":15210,"VOLTAGE_KV":null},"type":"Feature"},{"geometry":{"coordinates":[[6.084932,52.456398],[6.080523,52.454419],[6.080156,52.454361]],"type":"LineString"},"id":"431e457c-417c-5908-b11f-357c2a38424f","properties":{"ASSET_KIND":"official_transmission_line","EVIDENCE":"official","GEOMETRY_CONFIDENCE":"official-top10nl-1:10000-rounded-6dp-no-simplification","HEIGHT_LEVEL":0,"LOCAL_ID":"122082896","MUTATION_TYPE":null,"NAME":null,"NAMESPACE":"NL.TOP10NL","NUMBER":null,"OBJECT_BEGIN_DATE":"2011-08-25","ORIGINAL_ID":"431e457c-417c-5908-b11f-357c2a38424f","REGION_KEY":"netherlands","REGISTRATION_DATE":"2019-02-01","SOURCE_ACCURACY_M":0.1,"SOURCE_DATE":"2026-06-01","SOURCE_FEATURE_DATE":"2018-01-01","SOURCE_ID":"nl-kadaster-top10nl-high-voltage-2026-06","SOURCE_LICENSE":"CC BY 4.0","SOURCE_METHOD":"luchtfoto","SOURCE_URL":"https://api.pdok.nl/kadaster/brt-top10nl/ogc/v1","TOP10NL_CODE":481,"TOP10NL_TYPE":"hoogspanningsleiding","VISUALISATION_CODE":15210,"VOLTAGE_KV":null},"type":"Feature"},{"geometry":{"coordinates":[[4.304648,51.466825],[4.303162,51.466629],[4.299143,51.465221],[4.298905,51.463376],[4.298522,51.460336],[4.299499,51.457353],[4.300475,51.45437],[4.299412,51.451708],[4.298377,51.449092],[4.297241,51.44625],[4.296116,51.443405],[4.294974,51.440563],[4.291346,51.438694],[4.287694,51.436806],[4.284061,51.434918],[4.280676,51.433182],[4.279161,51.432396],[4.275682,51.430592],[4.273316,51.429367],[4.268568,51.428992],[4.264141,51.428642],[4.25997,51.428307],[4.256018,51.427994],[4.252166,51.427674],[4.247385,51.427295],[4.24271,51.426926],[4.237438,51.426504],[4.232505,51.426102],[4.226737,51.42565]],"type":"LineString"},"id":"431eb2dd-a809-5937-85a4-e92e8ab3b4c9","properties":{"ASSET_KIND":"official_transmission_line","EVIDENCE":"official","GEOMETRY_CONFIDENCE":"official-top10nl-1:10000-rounded-6dp-no-simplification","HEIGHT_LEVEL":0,"LOCAL_ID":"122083173","MUTATION_TYPE":null,"NAME":null,"NAMESPACE":"NL.TOP10NL","NUMBER":null,"OBJECT_BEGIN_DATE":"2011-08-25","ORIGINAL_ID":"431eb2dd-a809-5937-85a4-e92e8ab3b4c9","REGION_KEY":"netherlands","REGISTRATION_DATE":"2019-02-01","SOURCE_ACCURACY_M":0.1,"SOURCE_DATE":"2026-06-01","SOURCE_FEATURE_DATE":"2018-01-01","SOURCE_ID":"nl-kadaster-top10nl-high-voltage-2026-06","SOURCE_LICENSE":"CC BY 4.0","SOURCE_METHOD":"luchtfoto","SOURCE_URL":"https://api.pdok.nl/kadaster/brt-top10nl/ogc/v1","TOP10NL_CODE":481,"TOP10NL_TYPE":"hoogspanningsleiding","VISUALISATION_CODE":15210,"VOLTAGE_KV":null},"type":"Feature"},{"geometry":{"coordinates":[[7.041091,52.923436],[7.039426,52.927327],[7.037801,52.931208],[7.036199,52.935007],[7.033061,52.938632],[7.030286,52.941842],[7.02742,52.945168],[7.024396,52.948611],[7.021332,52.952446],[7.018213,52.956291],[7.015236,52.959937],[7.012823,52.962872],[7.012076,52.963782],[7.00902,52.96761],[7.005927,52.971411],[7.003498,52.974391],[7.00278,52.975272],[6.9997,52.979067],[6.998438,52.980585],[6.997384,52.981852],[6.997315,52.981935],[6.997302,52.98195],[6.997279,52.981978],[6.997205,52.982067],[6.997144,52.982141],[6.997123,52.982166],[6.997109,52.982182],[6.997036,52.98227],[6.996831,52.982517],[6.99676,52.982603],[6.996613,52.982779],[6.996558,52.982845],[6.995736,52.983865],[6.993553,52.986573]],"type":"LineString"},"id":"4354866c-08bf-5c90-9445-2fa07e0c4d64","properties":{"ASSET_KIND":"official_transmission_line","EVIDENCE":"official","GEOMETRY_CONFIDENCE":"official-top10nl-1:10000-rounded-6dp-no-simplification","HEIGHT_LEVEL":0,"LOCAL_ID":"130487763","MUTATION_TYPE":null,"NAME":null,"NAMESPACE":"NL.TOP10NL","NUMBER":null,"OBJECT_BEGIN_DATE":"2018-06-01","ORIGINAL_ID":"4354866c-08bf-5c90-9445-2fa07e0c4d64","REGION_KEY":"netherlands","REGISTRATION_DATE":"2019-02-01","SOURCE_ACCURACY_M":0.1,"SOURCE_DATE":"2026-06-01","SOURCE_FEATURE_DATE":"2018-01-01","SOURCE_ID":"nl-kadaster-top10nl-high-voltage-2026-06","SOURCE_LICENSE":"CC BY 4.0","SOURCE_METHOD":"luchtfoto","SOURCE_URL":"https://api.pdok.nl/kadaster/brt-top10nl/ogc/v1","TOP10NL_CODE":481,"TOP10NL_TYPE":"hoogspanningsleiding","VISUALISATION_CODE":15210,"VOLTAGE_KV":null},"type":"Feature"},{"geometry":{"coordinates":[[5.024752,52.335148],[5.020408,52.3357],[5.017336,52.334399],[5.015315,52.334914]],"type":"LineString"},"id":"437c52af-3eb4-5711-bb16-9d512deb06d8","properties":{"ASSET_KIND":"official_transmission_line","EVIDENCE":"official","GEOMETRY_CONFIDENCE":"official-top10nl-1:10000-rounded-6dp-no-simplification","HEIGHT_LEVEL":0,"LOCAL_ID":"128872910","MUTATION_TYPE":null,"NAME":null,"NAMESPACE":"NL.TOP10NL","NUMBER":null,"OBJECT_BEGIN_DATE":"2015-11-01","ORIGINAL_ID":"437c52af-3eb4-5711-bb16-9d512deb06d8","REGION_KEY":"netherlands","REGISTRATION_DATE":"2019-02-01","SOURCE_ACCURACY_M":0.1,"SOURCE_DATE":"2026-06-01","SOURCE_FEATURE_DATE":"2018-01-01","SOURCE_ID":"nl-kadaster-top10nl-high-voltage-2026-06","SOURCE_LICENSE":"CC BY 4.0","SOURCE_METHOD":"luchtfoto","SOURCE_URL":"https://api.pdok.nl/kadaster/brt-top10nl/ogc/v1","TOP10NL_CODE":481,"TOP10NL_TYPE":"hoogspanningsleiding","VISUALISATION_CODE":15210,"VOLTAGE_KV":null},"type":"Feature"},{"geometry":{"coordinates":[[6.149084,52.475877],[6.151024,52.475755],[6.151772,52.475105],[6.154693,52.472514],[6.157645,52.469945],[6.160528,52.467454],[6.163368,52.464946],[6.165968,52.462636],[6.16585,52.460305],[6.165715,52.457008],[6.165603,52.453779],[6.16547,52.450568],[6.165358,52.447411],[6.165242,52.444327],[6.165115,52.441099],[6.164999,52.438031],[6.164887,52.434849],[6.164763,52.43174],[6.164661,52.428703],[6.164535,52.425487],[6.164418,52.422411],[6.164309,52.419387],[6.164186,52.416324],[6.164072,52.413384],[6.163955,52.410275],[6.163837,52.407131],[6.163727,52.404038],[6.163619,52.401073],[6.163484,52.397704],[6.163373,52.394969],[6.163112,52.391984],[6.16282,52.388807],[6.162543,52.385711],[6.16228,52.382603],[6.161997,52.379503],[6.161719,52.376317],[6.161575,52.373297],[6.161441,52.370371],[6.161284,52.367368],[6.161167,52.364228],[6.161008,52.361076],[6.160848,52.357937],[6.160733,52.354883],[6.160565,52.351667],[6.160419,52.348456],[6.160231,52.345214]],"type":"LineString"},"id":"43e7ae81-05e0-5ef5-a905-f99b3a73bff0","properties":{"ASSET_KIND":"official_transmission_line","EVIDENCE":"official","GEOMETRY_CONFIDENCE":"official-top10nl-1:10000-rounded-6dp-no-simplification","HEIGHT_LEVEL":0,"LOCAL_ID":"122083238","MUTATION_TYPE":null,"NAME":null,"NAMESPACE":"NL.TOP10NL","NUMBER":null,"OBJECT_BEGIN_DATE":"2011-08-25","ORIGINAL_ID":"43e7ae81-05e0-5ef5-a905-f99b3a73bff0","REGION_KEY":"netherlands","REGISTRATION_DATE":"2019-02-01","SOURCE_ACCURACY_M":0.1,"SOURCE_DATE":"2026-06-01","SOURCE_FEATURE_DATE":"2018-01-01","SOURCE_ID":"nl-kadaster-top10nl-high-voltage-2026-06","SOURCE_LICENSE":"CC BY 4.0","SOURCE_METHOD":"luchtfoto","SOURCE_URL":"https://api.pdok.nl/kadaster/brt-top10nl/ogc/v1","TOP10NL_CODE":481,"TOP10NL_TYPE":"hoogspanningsleiding","VISUALISATION_CODE":15210,"VOLTAGE_KV":null},"type":"Feature"},{"geometry":{"coordinates":[[5.241318,51.944322],[5.241414,51.94426],[5.243245,51.943161],[5.246645,51.942683],[5.250199,51.942211],[5.253414,51.941768],[5.256634,51.941314],[5.259906,51.940871],[5.263208,51.940411],[5.266515,51.939961],[5.269792,51.939501],[5.273155,51.939031],[5.276735,51.938543],[5.280273,51.938051],[5.283831,51.937569],[5.287441,51.937067],[5.291035,51.936575],[5.294599,51.936077],[5.298172,51.935588],[5.301674,51.935111],[5.305355,51.934594],[5.308995,51.934098],[5.312584,51.933596],[5.316204,51.933097],[5.319777,51.93261],[5.322956,51.931425],[5.324567,51.930815],[5.324812,51.930722],[5.325364,51.930513],[5.325528,51.930452],[5.327513,51.929715],[5.328481,51.929356],[5.329083,51.92913],[5.330772,51.928496],[5.331577,51.928193],[5.334684,51.92703],[5.33779,51.925867],[5.34088,51.92471],[5.344007,51.923538],[5.347097,51.922368],[5.349905,51.921315],[5.353005,51.920152],[5.355818,51.919109],[5.358595,51.917666],[5.361397,51.916223],[5.363501,51.915119],[5.366308,51.91367],[5.369074,51.912226],[5.371871,51.910777],[5.374677,51.909321],[5.377412,51.907903],[5.380182,51.906462],[5.382973,51.905019],[5.385758,51.903579],[5.388538,51.902129],[5.392093,51.902011],[5.395786,51.901916],[5.399489,51.901804],[5.403105,51.901683],[5.406111,51.901591],[5.409424,51.901508],[5.413368,51.90124],[5.41364,51.901224],[5.415304,51.901121],[5.415449,51.901112],[5.415566,51.901105],[5.415892,51.901085],[5.417548,51.900982],[5.41769,51.901004],[5.417825,51.901026],[5.420057,51.901375],[5.424007,51.901989],[5.425453,51.902217]],"type":"LineString"},"id":"44e9202a-a66d-56b8-b068-5520c43f988d","properties":{"ASSET_KIND":"official_transmission_line","EVIDENCE":"official","GEOMETRY_CONFIDENCE":"official-top10nl-1:10000-rounded-6dp-no-simplification","HEIGHT_LEVEL":0,"LOCAL_ID":"131857003","MUTATION_TYPE":"werkelijke verandering","NAME":null,"NAMESPACE":"NL.TOP10NL","NUMBER":null,"OBJECT_BEGIN_DATE":"2023-02-01","ORIGINAL_ID":"44e9202a-a66d-56b8-b068-5520c43f988d","REGION_KEY":"netherlands","REGISTRATION_DATE":"2023-02-01","SOURCE_ACCURACY_M":0.1,"SOURCE_DATE":"2026-06-01","SOURCE_FEATURE_DATE":"2022-01-01","SOURCE_ID":"nl-kadaster-top10nl-high-voltage-2026-06","SOURCE_LICENSE":"CC BY 4.0","SOURCE_METHOD":"luchtfoto","SOURCE_URL":"https://api.pdok.nl/kadaster/brt-top10nl/ogc/v1","TOP10NL_CODE":481,"TOP10NL_TYPE":"hoogspanningsleiding","VISUALISATION_CODE":15210,"VOLTAGE_KV":null},"type":"Feature"},{"geometry":{"coordinates":[[5.912457,51.638258],[5.909599,51.63765]],"type":"LineString"},"id":"45509457-293c-55b4-8763-8cc08e9a4986","properties":{"ASSET_KIND":"official_transmission_line","EVIDENCE":"official","GEOMETRY_CONFIDENCE":"official-top10nl-1:10000-rounded-6dp-no-simplification","HEIGHT_LEVEL":0,"LOCAL_ID":"122083053","MUTATION_TYPE":null,"NAME":null,"NAMESPACE":"NL.TOP10NL","NUMBER":null,"OBJECT_BEGIN_DATE":"2011-08-25","ORIGINAL_ID":"45509457-293c-55b4-8763-8cc08e9a4986","REGION_KEY":"netherlands","REGISTRATION_DATE":"2019-02-01","SOURCE_ACCURACY_M":0.1,"SOURCE_DATE":"2026-06-01","SOURCE_FEATURE_DATE":"2018-01-01","SOURCE_ID":"nl-kadaster-top10nl-high-voltage-2026-06","SOURCE_LICENSE":"CC BY 4.0","SOURCE_METHOD":"luchtfoto","SOURCE_URL":"https://api.pdok.nl/kadaster/brt-top10nl/ogc/v1","TOP10NL_CODE":481,"TOP10NL_TYPE":"hoogspanningsleiding","VISUALISATION_CODE":15210,"VOLTAGE_KV":null},"type":"Feature"},{"geometry":{"coordinates":[[5.826824,53.203646],[5.829523,53.202769],[5.833125,53.201589],[5.836269,53.200534],[5.840612,53.201074],[5.84508,53.201614],[5.849429,53.20208],[5.853363,53.202556],[5.857306,53.201137],[5.860914,53.199895],[5.864711,53.19856],[5.868515,53.197203],[5.872146,53.195913],[5.873382,53.193417],[5.874653,53.19088],[5.875023,53.190666]],"type":"LineString"},"id":"45bff3f3-1bfc-5da0-a12c-57d95766cd60","properties":{"ASSET_KIND":"official_transmission_line","EVIDENCE":"official","GEOMETRY_CONFIDENCE":"official-top10nl-1:10000-rounded-6dp-no-simplification","HEIGHT_LEVEL":0,"LOCAL_ID":"122083326","MUTATION_TYPE":null,"NAME":null,"NAMESPACE":"NL.TOP10NL","NUMBER":null,"OBJECT_BEGIN_DATE":"2011-08-25","ORIGINAL_ID":"45bff3f3-1bfc-5da0-a12c-57d95766cd60","REGION_KEY":"netherlands","REGISTRATION_DATE":"2019-02-01","SOURCE_ACCURACY_M":0.1,"SOURCE_DATE":"2026-06-01","SOURCE_FEATURE_DATE":"2018-01-01","SOURCE_ID":"nl-kadaster-top10nl-high-voltage-2026-06","SOURCE_LICENSE":"CC BY 4.0","SOURCE_METHOD":"luchtfoto","SOURCE_URL":"https://api.pdok.nl/kadaster/brt-top10nl/ogc/v1","TOP10NL_CODE":481,"TOP10NL_TYPE":"hoogspanningsleiding","VISUALISATION_CODE":15210,"VOLTAGE_KV":null},"type":"Feature"},{"geometry":{"coordinates":[[5.272171,51.374444],[5.270556,51.37406],[5.270378,51.373585],[5.270251,51.373294]],"type":"LineString"},"id":"470c9b3c-7e49-56a0-a199-98130c633d64","properties":{"ASSET_KIND":"official_transmission_line","EVIDENCE":"official","GEOMETRY_CONFIDENCE":"official-top10nl-1:10000-rounded-6dp-no-simplification","HEIGHT_LEVEL":0,"LOCAL_ID":"117600753","MUTATION_TYPE":null,"NAME":null,"NAMESPACE":"NL.TOP10NL","NUMBER":null,"OBJECT_BEGIN_DATE":"2008-11-24","ORIGINAL_ID":"470c9b3c-7e49-56a0-a199-98130c633d64","REGION_KEY":"netherlands","REGISTRATION_DATE":"2019-02-01","SOURCE_ACCURACY_M":0.1,"SOURCE_DATE":"2026-06-01","SOURCE_FEATURE_DATE":"2018-01-01","SOURCE_ID":"nl-kadaster-top10nl-high-voltage-2026-06","SOURCE_LICENSE":"CC BY 4.0","SOURCE_METHOD":"luchtfoto","SOURCE_URL":"https://api.pdok.nl/kadaster/brt-top10nl/ogc/v1","TOP10NL_CODE":481,"TOP10NL_TYPE":"hoogspanningsleiding","VISUALISATION_CODE":15210,"VOLTAGE_KV":null},"type":"Feature"},{"geometry":{"coordinates":[[5.935624,52.682743],[5.935589,52.680884]],"type":"LineString"},"id":"47437ae3-e0cb-52c4-8094-2f125a468351","properties":{"ASSET_KIND":"official_transmission_line","EVIDENCE":"official","GEOMETRY_CONFIDENCE":"official-top10nl-1:10000-rounded-6dp-no-simplification","HEIGHT_LEVEL":0,"LOCAL_ID":"122083360","MUTATION_TYPE":null,"NAME":null,"NAMESPACE":"NL.TOP10NL","NUMBER":null,"OBJECT_BEGIN_DATE":"2011-08-25","ORIGINAL_ID":"47437ae3-e0cb-52c4-8094-2f125a468351","REGION_KEY":"netherlands","REGISTRATION_DATE":"2019-02-01","SOURCE_ACCURACY_M":0.1,"SOURCE_DATE":"2026-06-01","SOURCE_FEATURE_DATE":"2018-01-01","SOURCE_ID":"nl-kadaster-top10nl-high-voltage-2026-06","SOURCE_LICENSE":"CC BY 4.0","SOURCE_METHOD":"luchtfoto","SOURCE_URL":"https://api.pdok.nl/kadaster/brt-top10nl/ogc/v1","TOP10NL_CODE":481,"TOP10NL_TYPE":"hoogspanningsleiding","VISUALISATION_CODE":15210,"VOLTAGE_KV":null},"type":"Feature"},{"geometry":{"coordinates":[[4.032779,51.459151],[4.028641,51.459006],[4.024044,51.458975],[4.019158,51.45894],[4.011872,51.458892],[4.00473,51.458861],[3.998261,51.458792],[3.994648,51.458779],[3.990376,51.45989],[3.989679,51.46007],[3.98597,51.46103],[3.982477,51.46193],[3.982286,51.461979],[3.982036,51.462043],[3.981686,51.462133],[3.978067,51.462292]],"type":"LineString"},"id":"47ebfa7c-4cce-544a-8d9c-08601aa7cc19","properties":{"ASSET_KIND":"official_transmission_line","EVIDENCE":"official","GEOMETRY_CONFIDENCE":"official-top10nl-1:10000-rounded-6dp-no-simplification","HEIGHT_LEVEL":0,"LOCAL_ID":"132561599","MUTATION_TYPE":"werkelijke verandering","NAME":null,"NAMESPACE":"NL.TOP10NL","NUMBER":null,"OBJECT_BEGIN_DATE":"2026-02-01","ORIGINAL_ID":"47ebfa7c-4cce-544a-8d9c-08601aa7cc19","REGION_KEY":"netherlands","REGISTRATION_DATE":"2026-02-01","SOURCE_ACCURACY_M":0.1,"SOURCE_DATE":"2026-06-01","SOURCE_FEATURE_DATE":"2025-01-01","SOURCE_ID":"nl-kadaster-top10nl-high-voltage-2026-06","SOURCE_LICENSE":"CC BY 4.0","SOURCE_METHOD":"luchtfoto","SOURCE_URL":"https://api.pdok.nl/kadaster/brt-top10nl/ogc/v1","TOP10NL_CODE":481,"TOP10NL_TYPE":"hoogspanningsleiding","VISUALISATION_CODE":15210,"VOLTAGE_KV":null},"type":"Feature"},{"geometry":{"coordinates":[[6.084932,52.456398],[6.085225,52.455127],[6.085307,52.454039],[6.085528,52.452376],[6.086705,52.449705],[6.087975,52.4466],[6.089302,52.443495],[6.090645,52.440365],[6.091844,52.437507],[6.091814,52.434617],[6.091797,52.431489],[6.091726,52.428529],[6.091719,52.425553],[6.091679,52.422511],[6.091648,52.419542],[6.091519,52.416175],[6.091265,52.415649],[6.090394,52.413853],[6.090133,52.413314],[6.088712,52.410432],[6.087257,52.407459],[6.085784,52.404426],[6.084279,52.401378],[6.082824,52.398365],[6.08136,52.395342],[6.080085,52.392263],[6.078827,52.389178],[6.077552,52.386063],[6.076477,52.383499],[6.075254,52.380447],[6.073927,52.377304],[6.072578,52.374005],[6.071359,52.371003],[6.07031,52.368479],[6.069096,52.36551],[6.067841,52.36253],[6.067423,52.359456],[6.066997,52.356351],[6.066572,52.353256],[6.066096,52.350147],[6.065679,52.347067],[6.065229,52.343978],[6.064786,52.340838],[6.064336,52.337713],[6.063885,52.334563],[6.063442,52.331413],[6.063798,52.328339],[6.064152,52.325154],[6.064531,52.321959],[6.064889,52.319021],[6.065243,52.315866],[6.065536,52.313482],[6.065599,52.312812],[6.065681,52.312263],[6.062555,52.310367],[6.059469,52.308446],[6.056227,52.30647],[6.052686,52.304304],[6.049121,52.302144],[6.04612,52.300262],[6.042572,52.298106],[6.039032,52.295894],[6.035468,52.293713],[6.031905,52.291542],[6.028317,52.289341],[6.02687,52.286372],[6.025373,52.283384],[6.023893,52.280385],[6.022397,52.277387],[6.020942,52.274378],[6.019422,52.271369],[6.018095,52.268692],[6.016844,52.266126],[6.015592,52.263534],[6.014546,52.261374],[6.014341,52.260952],[6.013082,52.258365],[6.012367,52.256913],[6.012337,52.256851],[6.012216,52.256604],[6.012195,52.256563],[6.012172,52.256516],[6.011966,52.256096],[6.011946,52.256057],[6.011831,52.255823],[6.01161,52.255361],[6.011215,52.254536],[6.010835,52.253741],[6.010589,52.253226],[6.010384,52.2528],[6.010361,52.252753],[6.010346,52.252722],[6.010338,52.252706],[6.01005,52.252108],[6.009761,52.251507],[6.009748,52.25148],[6.009739,52.25146],[6.009346,52.250644],[6.008557,52.249052],[6.008088,52.248107],[6.007311,52.2465],[6.0065,52.244812],[6.007769,52.242252],[6.009037,52.239657],[6.009495,52.238713],[6.009541,52.23862],[6.010281,52.237097],[6.010691,52.236247],[6.010722,52.236182],[6.011272,52.235042],[6.011365,52.23485],[6.011657,52.234254],[6.012449,52.232639],[6.012653,52.232225],[6.012679,52.232172],[6.012709,52.232112],[6.01272,52.23209],[6.012729,52.232072],[6.012761,52.232006],[6.012804,52.23192],[6.013209,52.231099],[6.013717,52.230069],[6.014993,52.227473],[6.015866,52.225434],[6.016531,52.223834],[6.016984,52.222744],[6.017026,52.222645],[6.017061,52.222565],[6.017099,52.222475],[6.017462,52.221626],[6.017569,52.221375],[6.01758,52.221348],[6.017592,52.22132],[6.017936,52.220514],[6.018159,52.219993],[6.018267,52.219741],[6.018302,52.219661],[6.018325,52.219607],[6.018348,52.219554],[6.018408,52.219414],[6.018426,52.219372],[6.018443,52.219332],[6.018905,52.218256],[6.020048,52.215556],[6.021229,52.212734],[6.020593,52.210069],[6.020062,52.207911],[6.019566,52.205909],[6.018982,52.203455],[6.020715,52.201391],[6.024281,52.200284],[6.028002,52.19914],[6.031707,52.198022],[6.035306,52.196935],[6.03531,52.196183]],"type":"LineString"},"id":"492a8305-2e36-5c79-bf06-46db90dd97ed","properties":{"ASSET_KIND":"official_transmission_line","EVIDENCE":"official","GEOMETRY_CONFIDENCE":"official-top10nl-1:10000-rounded-6dp-no-simplification","HEIGHT_LEVEL":0,"LOCAL_ID":"130362513","MUTATION_TYPE":null,"NAME":null,"NAMESPACE":"NL.TOP10NL","NUMBER":null,"OBJECT_BEGIN_DATE":"2018-02-01","ORIGINAL_ID":"492a8305-2e36-5c79-bf06-46db90dd97ed","REGION_KEY":"netherlands","REGISTRATION_DATE":"2019-02-01","SOURCE_ACCURACY_M":0.1,"SOURCE_DATE":"2026-06-01","SOURCE_FEATURE_DATE":"2018-01-01","SOURCE_ID":"nl-kadaster-top10nl-high-voltage-2026-06","SOURCE_LICENSE":"CC BY 4.0","SOURCE_METHOD":"luchtfoto","SOURCE_URL":"https://api.pdok.nl/kadaster/brt-top10nl/ogc/v1","TOP10NL_CODE":481,"TOP10NL_TYPE":"hoogspanningsleiding","VISUALISATION_CODE":15210,"VOLTAGE_KV":null},"type":"Feature"},{"geometry":{"coordinates":[[5.540895,52.572363],[5.540719,52.571649],[5.539105,52.570676],[5.538451,52.570236]],"type":"LineString"},"id":"497a3329-0d00-5e99-ad5c-f6f095c74e54","properties":{"ASSET_KIND":"official_transmission_line","EVIDENCE":"official","GEOMETRY_CONFIDENCE":"official-top10nl-1:10000-rounded-6dp-no-simplification","HEIGHT_LEVEL":0,"LOCAL_ID":"122082963","MUTATION_TYPE":null,"NAME":null,"NAMESPACE":"NL.TOP10NL","NUMBER":null,"OBJECT_BEGIN_DATE":"2011-08-25","ORIGINAL_ID":"497a3329-0d00-5e99-ad5c-f6f095c74e54","REGION_KEY":"netherlands","REGISTRATION_DATE":"2019-02-01","SOURCE_ACCURACY_M":0.1,"SOURCE_DATE":"2026-06-01","SOURCE_FEATURE_DATE":"2018-01-01","SOURCE_ID":"nl-kadaster-top10nl-high-voltage-2026-06","SOURCE_LICENSE":"CC BY 4.0","SOURCE_METHOD":"luchtfoto","SOURCE_URL":"https://api.pdok.nl/kadaster/brt-top10nl/ogc/v1","TOP10NL_CODE":481,"TOP10NL_TYPE":"hoogspanningsleiding","VISUALISATION_CODE":15210,"VOLTAGE_KV":null},"type":"Feature"},{"geometry":{"coordinates":[[5.942695,50.934741],[5.945311,50.932319],[5.947227,50.930109],[5.949974,50.92748],[5.949883,50.924771],[5.949759,50.921873],[5.949491,50.918737],[5.949321,50.916909],[5.951485,50.91574],[5.95366,50.914498],[5.956223,50.913113],[5.95654,50.911375],[5.957037,50.90866],[5.95855,50.90711],[5.96024,50.905382],[5.962352,50.903219],[5.964194,50.901365]],"type":"LineString"},"id":"4a0a22e7-2c6d-5462-bb26-6c5707f34e1c","properties":{"ASSET_KIND":"official_transmission_line","EVIDENCE":"official","GEOMETRY_CONFIDENCE":"official-top10nl-1:10000-rounded-6dp-no-simplification","HEIGHT_LEVEL":0,"LOCAL_ID":"130284817","MUTATION_TYPE":"werkelijke verandering","NAME":null,"NAMESPACE":"NL.TOP10NL","NUMBER":null,"OBJECT_BEGIN_DATE":"2017-11-01","ORIGINAL_ID":"4a0a22e7-2c6d-5462-bb26-6c5707f34e1c","REGION_KEY":"netherlands","REGISTRATION_DATE":"2017-11-01","SOURCE_ACCURACY_M":0.1,"SOURCE_DATE":"2026-06-01","SOURCE_FEATURE_DATE":"2017-01-01","SOURCE_ID":"nl-kadaster-top10nl-high-voltage-2026-06","SOURCE_LICENSE":"CC BY 4.0","SOURCE_METHOD":"luchtfoto","SOURCE_URL":"https://api.pdok.nl/kadaster/brt-top10nl/ogc/v1","TOP10NL_CODE":481,"TOP10NL_TYPE":"hoogspanningsleiding","VISUALISATION_CODE":15210,"VOLTAGE_KV":null},"type":"Feature"},{"geometry":{"coordinates":[[4.524704,52.035295],[4.524867,52.035324]],"type":"LineString"},"id":"4a1281f8-b60e-5323-bcd7-ddce2028af88","properties":{"ASSET_KIND":"official_transmission_line","EVIDENCE":"official","GEOMETRY_CONFIDENCE":"official-top10nl-1:10000-rounded-6dp-no-simplification","HEIGHT_LEVEL":-1,"LOCAL_ID":"131733217","MUTATION_TYPE":"werkelijke verandering","NAME":null,"NAMESPACE":"NL.TOP10NL","NUMBER":null,"OBJECT_BEGIN_DATE":"2022-06-01","ORIGINAL_ID":"4a1281f8-b60e-5323-bcd7-ddce2028af88","REGION_KEY":"netherlands","REGISTRATION_DATE":"2022-06-01","SOURCE_ACCURACY_M":0.1,"SOURCE_DATE":"2026-06-01","SOURCE_FEATURE_DATE":"2021-01-01","SOURCE_ID":"nl-kadaster-top10nl-high-voltage-2026-06","SOURCE_LICENSE":"CC BY 4.0","SOURCE_METHOD":"luchtfoto","SOURCE_URL":"https://api.pdok.nl/kadaster/brt-top10nl/ogc/v1","TOP10NL_CODE":481,"TOP10NL_TYPE":"hoogspanningsleiding","VISUALISATION_CODE":-15210,"VOLTAGE_KV":null},"type":"Feature"},{"geometry":{"coordinates":[[5.737315,50.873472],[5.73744,50.873471],[5.737545,50.87347],[5.73762,50.873469],[5.737754,50.873468],[5.737997,50.873465],[5.738217,50.873463],[5.738327,50.873462],[5.738413,50.873461],[5.738545,50.87346],[5.73866,50.873459],[5.73877,50.873458],[5.738803,50.873457],[5.738865,50.873457],[5.739207,50.873453],[5.739399,50.873451],[5.739485,50.873451],[5.739765,50.873448],[5.740451,50.873441],[5.740471,50.873448],[5.74097,50.873622],[5.741439,50.873785],[5.744642,50.874899],[5.748363,50.876182],[5.748958,50.876387],[5.749011,50.876405],[5.749066,50.876424],[5.749317,50.876511],[5.752976,50.877771],[5.753312,50.877888],[5.754425,50.878275],[5.757206,50.87924],[5.760467,50.880355],[5.761676,50.880771],[5.762308,50.880988],[5.762674,50.881114],[5.762966,50.881215],[5.763048,50.881243],[5.766137,50.882316],[5.769667,50.88349],[5.772852,50.884611],[5.776652,50.884895],[5.780337,50.885137],[5.785095,50.885478],[5.789604,50.885801],[5.794428,50.886141],[5.799071,50.886476],[5.803724,50.886804],[5.808415,50.887126],[5.813297,50.887477],[5.817567,50.88777],[5.821703,50.888075],[5.825379,50.888321],[5.828502,50.886724],[5.831615,50.885126],[5.835566,50.884149],[5.839555,50.883135],[5.843983,50.882028],[5.847733,50.881106],[5.852046,50.880023],[5.855939,50.879069],[5.85836,50.877244],[5.861283,50.875035],[5.864434,50.872656],[5.867689,50.870222],[5.870374,50.868196],[5.872737,50.866413],[5.876134,50.863863],[5.878334,50.862201],[5.880886,50.860278],[5.883969,50.857941],[5.884613,50.854731],[5.88498,50.854546]],"type":"LineString"},"id":"4a12a6e2-2d34-5ee2-8248-a3d35a8d4e50","properties":{"ASSET_KIND":"official_transmission_line","EVIDENCE":"official","GEOMETRY_CONFIDENCE":"official-top10nl-1:10000-rounded-6dp-no-simplification","HEIGHT_LEVEL":0,"LOCAL_ID":"122083057","MUTATION_TYPE":null,"NAME":null,"NAMESPACE":"NL.TOP10NL","NUMBER":null,"OBJECT_BEGIN_DATE":"2011-08-25","ORIGINAL_ID":"4a12a6e2-2d34-5ee2-8248-a3d35a8d4e50","REGION_KEY":"netherlands","REGISTRATION_DATE":"2019-02-01","SOURCE_ACCURACY_M":0.1,"SOURCE_DATE":"2026-06-01","SOURCE_FEATURE_DATE":"2018-01-01","SOURCE_ID":"nl-kadaster-top10nl-high-voltage-2026-06","SOURCE_LICENSE":"CC BY 4.0","SOURCE_METHOD":"luchtfoto","SOURCE_URL":"https://api.pdok.nl/kadaster/brt-top10nl/ogc/v1","TOP10NL_CODE":481,"TOP10NL_TYPE":"hoogspanningsleiding","VISUALISATION_CODE":15210,"VOLTAGE_KV":null},"type":"Feature"},{"geometry":{"coordinates":[[4.694813,52.374215],[4.69632,52.37545],[4.698382,52.377081],[4.698761,52.37977],[4.699217,52.381516],[4.699858,52.383993],[4.700257,52.38589],[4.701381,52.388033],[4.701881,52.390432],[4.702451,52.393116],[4.70299,52.395781],[4.703561,52.398442],[4.704127,52.401135],[4.704959,52.40325],[4.705092,52.406012],[4.705611,52.408613],[4.706204,52.411729],[4.706789,52.414765],[4.707361,52.417761],[4.70786,52.420252],[4.704875,52.422178],[4.701311,52.424494],[4.6994,52.425753]],"type":"LineString"},"id":"4a1d186b-fddf-5fab-9342-d1ca2f73d382","properties":{"ASSET_KIND":"official_transmission_line","EVIDENCE":"official","GEOMETRY_CONFIDENCE":"official-top10nl-1:10000-rounded-6dp-no-simplification","HEIGHT_LEVEL":0,"LOCAL_ID":"130026684","MUTATION_TYPE":"werkelijke verandering","NAME":null,"NAMESPACE":"NL.TOP10NL","NUMBER":null,"OBJECT_BEGIN_DATE":"2017-04-01","ORIGINAL_ID":"4a1d186b-fddf-5fab-9342-d1ca2f73d382","REGION_KEY":"netherlands","REGISTRATION_DATE":"2020-06-01","SOURCE_ACCURACY_M":0.1,"SOURCE_DATE":"2026-06-01","SOURCE_FEATURE_DATE":"2019-01-01","SOURCE_ID":"nl-kadaster-top10nl-high-voltage-2026-06","SOURCE_LICENSE":"CC BY 4.0","SOURCE_METHOD":"luchtfoto","SOURCE_URL":"https://api.pdok.nl/kadaster/brt-top10nl/ogc/v1","TOP10NL_CODE":481,"TOP10NL_TYPE":"hoogspanningsleiding","VISUALISATION_CODE":15210,"VOLTAGE_KV":null},"type":"Feature"},{"geometry":{"coordinates":[[6.838543,53.294953],[6.840537,53.292384],[6.844787,53.289316],[6.849265,53.286012],[6.853718,53.282732],[6.858203,53.279479],[6.862746,53.276166],[6.867119,53.272934],[6.871479,53.26973],[6.875872,53.266552],[6.880018,53.263505],[6.88413,53.260453],[6.888335,53.257412],[6.893046,53.253957],[6.897486,53.250707],[6.897808,53.246698],[6.898179,53.24279],[6.898528,53.238792],[6.898884,53.234838],[6.899255,53.230724],[6.899565,53.226782],[6.899937,53.222875],[6.900302,53.218805],[6.902811,53.214942],[6.905319,53.211079],[6.90782,53.207196],[6.91042,53.203153],[6.913034,53.199122],[6.915619,53.195072],[6.918226,53.191069],[6.920637,53.187313],[6.923029,53.183589],[6.925376,53.179934],[6.927949,53.175962],[6.930408,53.172127],[6.932936,53.168192],[6.935495,53.164232],[6.938021,53.160273],[6.940592,53.156317],[6.94313,53.152373],[6.945655,53.14843],[6.948155,53.144522],[6.949589,53.142287],[6.950698,53.140558],[6.953248,53.136622],[6.95318,53.136489],[6.953159,53.136448],[6.953149,53.136428],[6.953139,53.136408],[6.953119,53.136368],[6.953097,53.136325],[6.953063,53.136257],[6.95295,53.136035],[6.951557,53.133285],[6.951292,53.132761],[6.949432,53.129013],[6.947593,53.125272],[6.948203,53.124754]],"type":"LineString"},"id":"4a6f0a47-8f92-572a-bdf8-88e7fc8df283","properties":{"ASSET_KIND":"official_transmission_line","EVIDENCE":"official","GEOMETRY_CONFIDENCE":"official-top10nl-1:10000-rounded-6dp-no-simplification","HEIGHT_LEVEL":0,"LOCAL_ID":"122083302","MUTATION_TYPE":null,"NAME":null,"NAMESPACE":"NL.TOP10NL","NUMBER":null,"OBJECT_BEGIN_DATE":"2011-08-25","ORIGINAL_ID":"4a6f0a47-8f92-572a-bdf8-88e7fc8df283","REGION_KEY":"netherlands","REGISTRATION_DATE":"2019-02-01","SOURCE_ACCURACY_M":0.1,"SOURCE_DATE":"2026-06-01","SOURCE_FEATURE_DATE":"2018-01-01","SOURCE_ID":"nl-kadaster-top10nl-high-voltage-2026-06","SOURCE_LICENSE":"CC BY 4.0","SOURCE_METHOD":"luchtfoto","SOURCE_URL":"https://api.pdok.nl/kadaster/brt-top10nl/ogc/v1","TOP10NL_CODE":481,"TOP10NL_TYPE":"hoogspanningsleiding","VISUALISATION_CODE":15210,"VOLTAGE_KV":null},"type":"Feature"},{"geometry":{"coordinates":[[4.582664,51.664422],[4.582761,51.664912],[4.583921,51.666298],[4.585943,51.667076],[4.588421,51.668094],[4.590926,51.669163],[4.59073,51.671018],[4.589892,51.672919],[4.589017,51.674808],[4.588432,51.6767],[4.587801,51.67863],[4.58765,51.678972],[4.586971,51.680515],[4.586124,51.682399],[4.58524,51.684277],[4.584923,51.684421],[4.58487,51.684445],[4.584782,51.684485],[4.584679,51.684532],[4.584556,51.684588],[4.58454,51.684595],[4.584458,51.684632],[4.584385,51.684665],[4.584303,51.684703],[4.58404,51.684822],[4.584016,51.684833],[4.583941,51.684868],[4.583845,51.684911],[4.58368,51.684986],[4.583536,51.684991],[4.582495,51.68503]],"type":"LineString"},"id":"4a82730d-67b4-5826-b0bc-cb83e1fc7fa0","properties":{"ASSET_KIND":"official_transmission_line","EVIDENCE":"official","GEOMETRY_CONFIDENCE":"official-top10nl-1:10000-rounded-6dp-no-simplification","HEIGHT_LEVEL":0,"LOCAL_ID":"122083344","MUTATION_TYPE":null,"NAME":null,"NAMESPACE":"NL.TOP10NL","NUMBER":null,"OBJECT_BEGIN_DATE":"2011-08-25","ORIGINAL_ID":"4a82730d-67b4-5826-b0bc-cb83e1fc7fa0","REGION_KEY":"netherlands","REGISTRATION_DATE":"2020-02-01","SOURCE_ACCURACY_M":0.1,"SOURCE_DATE":"2026-06-01","SOURCE_FEATURE_DATE":"2019-01-01","SOURCE_ID":"nl-kadaster-top10nl-high-voltage-2026-06","SOURCE_LICENSE":"CC BY 4.0","SOURCE_METHOD":"luchtfoto","SOURCE_URL":"https://api.pdok.nl/kadaster/brt-top10nl/ogc/v1","TOP10NL_CODE":481,"TOP10NL_TYPE":"hoogspanningsleiding","VISUALISATION_CODE":15210,"VOLTAGE_KV":null},"type":"Feature"},{"geometry":{"coordinates":[[3.828275,51.264291],[3.827854,51.264431],[3.823686,51.265368],[3.82025,51.266135],[3.817059,51.266857],[3.813093,51.267757],[3.808644,51.268753],[3.804191,51.26976],[3.799843,51.270733],[3.79538,51.271734],[3.79093,51.272741],[3.78699,51.271745],[3.783085,51.270746],[3.77915,51.26975],[3.774626,51.270143],[3.770515,51.270503],[3.76602,51.270897],[3.761415,51.271288],[3.756915,51.271669],[3.752237,51.272093],[3.747516,51.2725],[3.742948,51.272895],[3.738477,51.273285],[3.733828,51.273687],[3.729145,51.274091],[3.724639,51.274489],[3.720848,51.274819],[3.716588,51.275184],[3.712984,51.276419],[3.709012,51.277781],[3.704861,51.279185],[3.701255,51.28045],[3.697346,51.281779],[3.693208,51.283201],[3.689511,51.284461],[3.68561,51.285805],[3.681466,51.287227],[3.677284,51.288641],[3.673145,51.290062],[3.669005,51.291492],[3.664822,51.292934],[3.660726,51.294316],[3.656634,51.295725],[3.652485,51.297134],[3.648329,51.298557],[3.644188,51.299974],[3.639516,51.300519],[3.634905,51.301065],[3.6308,51.301546],[3.626157,51.302067],[3.621676,51.302578],[3.617007,51.303134],[3.612609,51.303637],[3.60895,51.304064],[3.604296,51.304599],[3.599819,51.305124],[3.59591,51.305577],[3.591756,51.306053],[3.587005,51.306607],[3.582365,51.307147],[3.577701,51.307684],[3.573238,51.308205],[3.568757,51.308717],[3.564155,51.309236],[3.559514,51.309788],[3.554979,51.31031],[3.550324,51.310837],[3.545673,51.311379]],"type":"LineString"},"id":"4ab8b4e8-cd75-5ee9-aca6-6ebb7f7b1a2d","properties":{"ASSET_KIND":"official_transmission_line","EVIDENCE":"official","GEOMETRY_CONFIDENCE":"official-top10nl-1:10000-rounded-6dp-no-simplification","HEIGHT_LEVEL":0,"LOCAL_ID":"122083026","MUTATION_TYPE":null,"NAME":null,"NAMESPACE":"NL.TOP10NL","NUMBER":null,"OBJECT_BEGIN_DATE":"2011-08-25","ORIGINAL_ID":"4ab8b4e8-cd75-5ee9-aca6-6ebb7f7b1a2d","REGION_KEY":"netherlands","REGISTRATION_DATE":"2019-02-01","SOURCE_ACCURACY_M":0.1,"SOURCE_DATE":"2026-06-01","SOURCE_FEATURE_DATE":"2018-01-01","SOURCE_ID":"nl-kadaster-top10nl-high-voltage-2026-06","SOURCE_LICENSE":"CC BY 4.0","SOURCE_METHOD":"luchtfoto","SOURCE_URL":"https://api.pdok.nl/kadaster/brt-top10nl/ogc/v1","TOP10NL_CODE":481,"TOP10NL_TYPE":"hoogspanningsleiding","VISUALISATION_CODE":15210,"VOLTAGE_KV":null},"type":"Feature"},{"geometry":{"coordinates":[[4.632624,51.914404],[4.633573,51.915095],[4.634898,51.91607],[4.639253,51.916065],[4.643749,51.913888],[4.647168,51.912222],[4.651466,51.91014],[4.654983,51.908439],[4.659194,51.906407],[4.661944,51.903526],[4.664598,51.900756],[4.667387,51.897863],[4.669168,51.89603],[4.672383,51.892645],[4.677648,51.887234],[4.68207,51.882689],[4.68537,51.87918],[4.689628,51.878363],[4.694879,51.877316],[4.70032,51.876235],[4.705723,51.875165],[4.711117,51.874106],[4.716366,51.873105],[4.721615,51.872063],[4.726922,51.871027],[4.727902,51.87083],[4.728434,51.870723],[4.72903,51.870603],[4.729567,51.870495],[4.730179,51.870372],[4.730833,51.870241],[4.73147,51.870113],[4.731942,51.870018],[4.736609,51.869107],[4.741361,51.868168],[4.746752,51.867107],[4.751237,51.866207],[4.756562,51.865169],[4.761714,51.864125],[4.767066,51.86311],[4.772246,51.862089],[4.777474,51.861062],[4.782807,51.860006],[4.786959,51.859183],[4.787882,51.859001],[4.788034,51.85897],[4.788702,51.858838],[4.788803,51.858818],[4.788822,51.858815],[4.788867,51.858806],[4.788927,51.858794],[4.788988,51.858782],[4.789016,51.858776],[4.789093,51.858761],[4.789213,51.858737],[4.789397,51.858701],[4.789491,51.858682],[4.789582,51.858664],[4.789744,51.858632],[4.790682,51.858447],[4.793338,51.857921],[4.798765,51.856829],[4.802099,51.855156],[4.802194,51.855109],[4.802404,51.855003],[4.802603,51.851399],[4.802763,51.847848],[4.802896,51.845687],[4.803054,51.842312],[4.803233,51.838714],[4.803306,51.837506],[4.803484,51.83402],[4.803647,51.830981],[4.8038,51.828001],[4.80396,51.824479],[4.804139,51.820168],[4.804544,51.813861],[4.804784,51.808519],[4.804995,51.803166],[4.805352,51.796894],[4.805606,51.791923],[4.809817,51.789458],[4.814075,51.78704],[4.817299,51.785206],[4.820332,51.783477],[4.824551,51.781053],[4.82875,51.778628],[4.833063,51.776174],[4.837338,51.77372],[4.840226,51.772067],[4.844318,51.769712],[4.848668,51.767205],[4.852922,51.764767],[4.857012,51.762447],[4.861418,51.759899],[4.865623,51.757491],[4.865708,51.75504],[4.865776,51.752466],[4.865853,51.749121],[4.86596,51.745575],[4.86603,51.741994],[4.866081,51.738394],[4.866188,51.734831],[4.864418,51.732826],[4.862002,51.730147],[4.859221,51.726994],[4.856365,51.7238],[4.854109,51.72131],[4.84891,51.719867],[4.843634,51.718434],[4.841964,51.715416],[4.839403,51.710768],[4.837815,51.707945],[4.835746,51.704242],[4.83444,51.703293],[4.833023,51.702199]],"type":"LineString"},"id":"4ba219f1-8173-5ce8-8699-42a4481fc008","properties":{"ASSET_KIND":"official_transmission_line","EVIDENCE":"official","GEOMETRY_CONFIDENCE":"official-top10nl-1:10000-rounded-6dp-no-simplification","HEIGHT_LEVEL":0,"LOCAL_ID":"131542326","MUTATION_TYPE":"werkelijke verandering","NAME":null,"NAMESPACE":"NL.TOP10NL","NUMBER":null,"OBJECT_BEGIN_DATE":"2021-11-01","ORIGINAL_ID":"4ba219f1-8173-5ce8-8699-42a4481fc008","REGION_KEY":"netherlands","REGISTRATION_DATE":"2021-11-01","SOURCE_ACCURACY_M":0.1,"SOURCE_DATE":"2026-06-01","SOURCE_FEATURE_DATE":"2020-01-01","SOURCE_ID":"nl-kadaster-top10nl-high-voltage-2026-06","SOURCE_LICENSE":"CC BY 4.0","SOURCE_METHOD":"luchtfoto","SOURCE_URL":"https://api.pdok.nl/kadaster/brt-top10nl/ogc/v1","TOP10NL_CODE":481,"TOP10NL_TYPE":"hoogspanningsleiding","VISUALISATION_CODE":15210,"VOLTAGE_KV":null},"type":"Feature"},{"geometry":{"coordinates":[[5.761994,52.376357],[5.76172,52.376293],[5.759213,52.375789],[5.756248,52.375188],[5.752836,52.374482],[5.749435,52.373789],[5.745957,52.373094],[5.742629,52.372404],[5.739022,52.371671],[5.735617,52.370982],[5.732105,52.370259],[5.728839,52.369593],[5.72559,52.368927],[5.722185,52.368237],[5.719132,52.367618],[5.715799,52.366928],[5.712275,52.366647],[5.708945,52.366384],[5.707036,52.366236],[5.70545,52.366114],[5.705309,52.366103],[5.703739,52.365982],[5.703617,52.365972],[5.702802,52.365908],[5.702671,52.365898],[5.702527,52.365887],[5.70198,52.365844],[5.701662,52.36582],[5.701441,52.365802],[5.698099,52.365532],[5.694447,52.365245],[5.690989,52.364984],[5.687733,52.364733],[5.686605,52.364644],[5.686079,52.364602],[5.685232,52.364534],[5.684292,52.364459],[5.684169,52.36445],[5.684087,52.364443],[5.682974,52.364359],[5.681828,52.364272],[5.680902,52.364201],[5.680815,52.364195],[5.680729,52.364188],[5.679506,52.364091],[5.67828,52.363993],[5.676949,52.363887],[5.675769,52.363232],[5.674191,52.362355],[5.671831,52.361034],[5.669163,52.359535],[5.666317,52.357949],[5.664007,52.356627],[5.661212,52.355058],[5.660919,52.354615],[5.660914,52.354608],[5.660716,52.35431],[5.660635,52.354186],[5.660589,52.354117],[5.660018,52.353254],[5.659964,52.353173],[5.658549,52.351024],[5.657213,52.348993],[5.655903,52.347002],[5.654548,52.344934],[5.654962,52.342453],[5.65524,52.340394],[5.655447,52.338507],[5.655643,52.336522],[5.655823,52.334709],[5.654898,52.332717],[5.65389,52.330648],[5.651168,52.32926],[5.648462,52.327881],[5.646145,52.326697],[5.645591,52.326841]],"type":"LineString"},"id":"4bb98bba-3c9c-5076-af7c-fe18623b25e7","properties":{"ASSET_KIND":"official_transmission_line","EVIDENCE":"official","GEOMETRY_CONFIDENCE":"official-top10nl-1:10000-rounded-6dp-no-simplification","HEIGHT_LEVEL":0,"LOCAL_ID":"130390332","MUTATION_TYPE":null,"NAME":null,"NAMESPACE":"NL.TOP10NL","NUMBER":null,"OBJECT_BEGIN_DATE":"2018-02-01","ORIGINAL_ID":"4bb98bba-3c9c-5076-af7c-fe18623b25e7","REGION_KEY":"netherlands","REGISTRATION_DATE":"2019-02-01","SOURCE_ACCURACY_M":0.1,"SOURCE_DATE":"2026-06-01","SOURCE_FEATURE_DATE":"2018-01-01","SOURCE_ID":"nl-kadaster-top10nl-high-voltage-2026-06","SOURCE_LICENSE":"CC BY 4.0","SOURCE_METHOD":"luchtfoto","SOURCE_URL":"https://api.pdok.nl/kadaster/brt-top10nl/ogc/v1","TOP10NL_CODE":481,"TOP10NL_TYPE":"hoogspanningsleiding","VISUALISATION_CODE":15210,"VOLTAGE_KV":null},"type":"Feature"},{"geometry":{"coordinates":[[5.644545,52.326899],[5.644321,52.326766],[5.643369,52.326028],[5.641422,52.324517],[5.640541,52.323821],[5.639917,52.323328],[5.639593,52.323072],[5.639252,52.322803],[5.638677,52.322349],[5.638595,52.322285],[5.638448,52.322171],[5.636124,52.320367],[5.63297,52.317927],[5.629792,52.315464],[5.627347,52.315427],[5.627054,52.315421],[5.626036,52.315399],[5.618911,52.315244],[5.61508,52.313847],[5.613097,52.311582],[5.609274,52.310179],[5.605782,52.308943],[5.601962,52.30756],[5.60021,52.304921],[5.598276,52.302011],[5.59632,52.299092],[5.594367,52.296196],[5.591369,52.293796],[5.588313,52.291355],[5.585355,52.288985],[5.58224,52.286495],[5.58108,52.284231],[5.579633,52.281384],[5.578142,52.27848],[5.576676,52.275582],[5.575207,52.272691],[5.57369,52.269759],[5.572327,52.267067],[5.571878,52.266192],[5.570927,52.264337],[5.571033,52.263931],[5.571272,52.263014],[5.571279,52.262987],[5.571418,52.262455],[5.571458,52.262303],[5.571488,52.262187],[5.571602,52.261751],[5.571619,52.261684],[5.572378,52.258766],[5.573131,52.255901],[5.573864,52.253037],[5.576348,52.250474],[5.578917,52.247831],[5.581547,52.245144],[5.584176,52.242419],[5.585838,52.239613],[5.587276,52.237257],[5.588846,52.234596],[5.590431,52.231939],[5.592031,52.229267],[5.593698,52.226459],[5.595335,52.223712],[5.597025,52.220847],[5.600301,52.219049],[5.603835,52.217106],[5.607521,52.215049],[5.611329,52.21294],[5.61484,52.210977],[5.618662,52.20884],[5.622453,52.206764],[5.626062,52.204754],[5.629898,52.202621],[5.633689,52.200507],[5.637091,52.198619],[5.640728,52.196608],[5.64432,52.194583],[5.64615,52.19167],[5.647874,52.188885],[5.649635,52.186043],[5.651457,52.183112],[5.653287,52.180185],[5.65298,52.177353],[5.653047,52.174589],[5.653166,52.171442],[5.65327,52.168359],[5.653406,52.165226],[5.653511,52.162223],[5.653637,52.159066],[5.653726,52.156082],[5.653846,52.153225],[5.653951,52.15049],[5.65407,52.14745],[5.655182,52.144609],[5.656308,52.141736],[5.657247,52.139327],[5.658291,52.136712],[5.659371,52.133933],[5.660422,52.13128],[5.660296,52.128128],[5.660185,52.124947],[5.66006,52.121838],[5.659965,52.118901],[5.65984,52.115829],[5.659739,52.113],[5.659613,52.109867],[5.662111,52.107239],[5.664662,52.104559],[5.667174,52.101879],[5.669694,52.099251],[5.672259,52.096548],[5.672521,52.09347],[5.672753,52.090415],[5.672984,52.087239],[5.670309,52.084567],[5.66778,52.081955],[5.665236,52.079334],[5.662869,52.076919],[5.660655,52.074687],[5.65838,52.072351],[5.659225,52.069919],[5.660175,52.067206],[5.661162,52.064351],[5.662157,52.061515],[5.663122,52.058737],[5.664177,52.055655],[5.664454,52.055097]],"type":"LineString"},"id":"4c713edf-3d81-5701-8ba3-3e9002c7e04b","properties":{"ASSET_KIND":"official_transmission_line","EVIDENCE":"official","GEOMETRY_CONFIDENCE":"official-top10nl-1:10000-rounded-6dp-no-simplification","HEIGHT_LEVEL":0,"LOCAL_ID":"131477085","MUTATION_TYPE":"werkelijke verandering","NAME":null,"NAMESPACE":"NL.TOP10NL","NUMBER":null,"OBJECT_BEGIN_DATE":"2021-09-01","ORIGINAL_ID":"4c713edf-3d81-5701-8ba3-3e9002c7e04b","REGION_KEY":"netherlands","REGISTRATION_DATE":"2021-09-01","SOURCE_ACCURACY_M":0.1,"SOURCE_DATE":"2026-06-01","SOURCE_FEATURE_DATE":"2020-01-01","SOURCE_ID":"nl-kadaster-top10nl-high-voltage-2026-06","SOURCE_LICENSE":"CC BY 4.0","SOURCE_METHOD":"luchtfoto","SOURCE_URL":"https://api.pdok.nl/kadaster/brt-top10nl/ogc/v1","TOP10NL_CODE":481,"TOP10NL_TYPE":"hoogspanningsleiding","VISUALISATION_CODE":15210,"VOLTAGE_KV":null},"type":"Feature"},{"geometry":{"coordinates":[[5.538451,52.570236],[5.539592,52.566887],[5.540721,52.563545],[5.541902,52.560065],[5.543112,52.556462],[5.544342,52.552852],[5.545531,52.549273],[5.545734,52.54626],[5.545925,52.542646],[5.546136,52.539037],[5.546306,52.535441],[5.546528,52.531864],[5.546893,52.528702],[5.54709,52.527004],[5.547308,52.525124],[5.547403,52.52434],[5.547405,52.524327],[5.547406,52.524316],[5.54772,52.521729],[5.547743,52.52154],[5.548178,52.518049],[5.548582,52.514465],[5.545507,52.511408],[5.542433,52.508344],[5.53944,52.505373],[5.536713,52.502662],[5.533875,52.499834],[5.531077,52.49703],[5.525907,52.496626],[5.521677,52.494265],[5.517437,52.491897],[5.513207,52.489529],[5.508958,52.48718],[5.505107,52.485029],[5.502428,52.483535],[5.49929,52.481793],[5.496142,52.480032],[5.492944,52.47824],[5.489736,52.476454],[5.486528,52.474662],[5.483331,52.472876],[5.480113,52.471084],[5.476936,52.469285],[5.47376,52.467542],[5.470726,52.465843],[5.467683,52.464143],[5.464741,52.462524],[5.461769,52.460843],[5.458788,52.459181],[5.455796,52.457499],[5.452815,52.45583],[5.449823,52.454161],[5.446842,52.452498],[5.443679,52.45073],[5.440535,52.44898],[5.436995,52.446665],[5.433964,52.444648],[5.430639,52.442488],[5.426713,52.43993],[5.423104,52.437559],[5.419504,52.435206],[5.414697,52.433133],[5.4099,52.431072],[5.405083,52.428993],[5.400947,52.427212],[5.40081,52.427153],[5.400296,52.426931],[5.39825,52.426056],[5.397907,52.425909],[5.397853,52.425886],[5.397811,52.425868],[5.397765,52.425849],[5.397742,52.425839],[5.397718,52.425828],[5.39742,52.425701],[5.396587,52.425344],[5.396482,52.4253],[5.396446,52.425284],[5.396406,52.425267],[5.396332,52.425235],[5.396167,52.425165],[5.395724,52.424975],[5.395621,52.424931],[5.390929,52.422908],[5.386114,52.420827],[5.383303,52.41962],[5.381614,52.418895],[5.376931,52.41687],[5.372239,52.414851],[5.36965,52.413728],[5.369487,52.413657],[5.369393,52.413616],[5.369271,52.413564],[5.368764,52.413343],[5.368216,52.413105],[5.367558,52.41282],[5.362887,52.410801],[5.358135,52.408762],[5.355265,52.407529],[5.355226,52.407512],[5.355198,52.4075],[5.354098,52.407027],[5.353394,52.406724],[5.353296,52.406682],[5.353221,52.406649],[5.348653,52.404679],[5.348516,52.404633],[5.348357,52.40458],[5.347828,52.404404],[5.347696,52.404359],[5.3443,52.403225],[5.344177,52.403184],[5.34374,52.403038],[5.340773,52.402047],[5.34005,52.401805],[5.340003,52.401789],[5.339958,52.401774],[5.339827,52.40173],[5.339779,52.401714],[5.339739,52.401701],[5.33955,52.401638],[5.339422,52.401595],[5.339161,52.401508],[5.339051,52.401471],[5.338941,52.401434],[5.337224,52.400858],[5.337165,52.400838],[5.337108,52.400819],[5.336379,52.400574],[5.334158,52.399829],[5.329837,52.398373],[5.329703,52.398328],[5.329267,52.398181],[5.328717,52.397997],[5.328595,52.397956],[5.327626,52.397631],[5.32739,52.397552],[5.327309,52.397525],[5.327225,52.397497],[5.324385,52.396545],[5.319748,52.39499],[5.315111,52.393441],[5.310454,52.391885],[5.310291,52.39183],[5.310187,52.391796],[5.305817,52.390329],[5.301059,52.38873],[5.296271,52.38713],[5.292437,52.385829],[5.287528,52.384204],[5.28265,52.382554],[5.277498,52.380829],[5.272347,52.379091],[5.267186,52.377353],[5.262035,52.375628],[5.256896,52.373914],[5.25281,52.372531],[5.247722,52.370823],[5.242644,52.369109],[5.237566,52.367414],[5.232529,52.365724],[5.227534,52.364034],[5.222579,52.362369],[5.217614,52.36071],[5.21267,52.359032],[5.207717,52.357367],[5.202763,52.355707],[5.19781,52.354035],[5.192868,52.352368],[5.187926,52.35069],[5.182964,52.349042],[5.178032,52.347375],[5.173061,52.345695],[5.168121,52.344028],[5.163983,52.341939],[5.159746,52.339789],[5.155498,52.337638],[5.151443,52.335568],[5.15024,52.334963]],"type":"LineString"},"id":"4c8a6a7b-7cb2-5151-9e01-631eb1195943","properties":{"ASSET_KIND":"official_transmission_line","EVIDENCE":"official","GEOMETRY_CONFIDENCE":"official-top10nl-1:10000-rounded-6dp-no-simplification","HEIGHT_LEVEL":0,"LOCAL_ID":"132572944","MUTATION_TYPE":"werkelijke verandering","NAME":null,"NAMESPACE":"NL.TOP10NL","NUMBER":null,"OBJECT_BEGIN_DATE":"2026-04-01","ORIGINAL_ID":"4c8a6a7b-7cb2-5151-9e01-631eb1195943","REGION_KEY":"netherlands","REGISTRATION_DATE":"2026-04-01","SOURCE_ACCURACY_M":0.1,"SOURCE_DATE":"2026-06-01","SOURCE_FEATURE_DATE":"2025-01-01","SOURCE_ID":"nl-kadaster-top10nl-high-voltage-2026-06","SOURCE_LICENSE":"CC BY 4.0","SOURCE_METHOD":"luchtfoto","SOURCE_URL":"https://api.pdok.nl/kadaster/brt-top10nl/ogc/v1","TOP10NL_CODE":481,"TOP10NL_TYPE":"hoogspanningsleiding","VISUALISATION_CODE":15210,"VOLTAGE_KV":null},"type":"Feature"},{"geometry":{"coordinates":[[6.085408,52.635345],[6.085769,52.634703],[6.088078,52.631866],[6.090374,52.62904],[6.092705,52.626195],[6.095024,52.623365],[6.097361,52.620513],[6.099685,52.617646],[6.102021,52.614794],[6.104345,52.611956],[6.10668,52.609104],[6.108973,52.606223],[6.110927,52.603791],[6.113285,52.600916],[6.115057,52.598685],[6.117133,52.59611],[6.119389,52.593283],[6.121641,52.590555],[6.12384,52.587852],[6.124728,52.586756],[6.126973,52.584009],[6.129258,52.581182],[6.131234,52.578775],[6.133513,52.575966],[6.135816,52.573153],[6.13668,52.572061],[6.137935,52.570887]],"type":"LineString"},"id":"4d28d4bb-d67d-5556-9838-1e4930cf203d","properties":{"ASSET_KIND":"official_transmission_line","EVIDENCE":"official","GEOMETRY_CONFIDENCE":"official-top10nl-1:10000-rounded-6dp-no-simplification","HEIGHT_LEVEL":0,"LOCAL_ID":"122083033","MUTATION_TYPE":null,"NAME":null,"NAMESPACE":"NL.TOP10NL","NUMBER":null,"OBJECT_BEGIN_DATE":"2011-08-25","ORIGINAL_ID":"4d28d4bb-d67d-5556-9838-1e4930cf203d","REGION_KEY":"netherlands","REGISTRATION_DATE":"2019-02-01","SOURCE_ACCURACY_M":0.1,"SOURCE_DATE":"2026-06-01","SOURCE_FEATURE_DATE":"2018-01-01","SOURCE_ID":"nl-kadaster-top10nl-high-voltage-2026-06","SOURCE_LICENSE":"CC BY 4.0","SOURCE_METHOD":"luchtfoto","SOURCE_URL":"https://api.pdok.nl/kadaster/brt-top10nl/ogc/v1","TOP10NL_CODE":481,"TOP10NL_TYPE":"hoogspanningsleiding","VISUALISATION_CODE":15210,"VOLTAGE_KV":null},"type":"Feature"},{"geometry":{"coordinates":[[4.831775,51.700623],[4.830506,51.700158]],"type":"LineString"},"id":"4e64f345-75ea-54c2-90c3-0df39ea83706","properties":{"ASSET_KIND":"official_transmission_line","EVIDENCE":"official","GEOMETRY_CONFIDENCE":"official-top10nl-1:10000-rounded-6dp-no-simplification","HEIGHT_LEVEL":0,"LOCAL_ID":"122083315","MUTATION_TYPE":null,"NAME":null,"NAMESPACE":"NL.TOP10NL","NUMBER":null,"OBJECT_BEGIN_DATE":"2011-08-25","ORIGINAL_ID":"4e64f345-75ea-54c2-90c3-0df39ea83706","REGION_KEY":"netherlands","REGISTRATION_DATE":"2019-02-01","SOURCE_ACCURACY_M":0.1,"SOURCE_DATE":"2026-06-01","SOURCE_FEATURE_DATE":"2018-01-01","SOURCE_ID":"nl-kadaster-top10nl-high-voltage-2026-06","SOURCE_LICENSE":"CC BY 4.0","SOURCE_METHOD":"luchtfoto","SOURCE_URL":"https://api.pdok.nl/kadaster/brt-top10nl/ogc/v1","TOP10NL_CODE":481,"TOP10NL_TYPE":"hoogspanningsleiding","VISUALISATION_CODE":15210,"VOLTAGE_KV":null},"type":"Feature"},{"geometry":{"coordinates":[[4.6142,51.597981],[4.619015,51.598193],[4.623925,51.598401],[4.628603,51.598602],[4.63287,51.598787],[4.637758,51.598981],[4.642675,51.599205],[4.647555,51.599439],[4.652183,51.599626],[4.655389,51.59974],[4.658876,51.599919],[4.662227,51.600044],[4.666219,51.601607],[4.668611,51.602535],[4.670198,51.603148],[4.674198,51.604689],[4.678472,51.606348],[4.682667,51.607957],[4.686819,51.609548],[4.691173,51.611212],[4.695476,51.61288],[4.699766,51.614547],[4.704049,51.616174],[4.70818,51.617796],[4.710286,51.618595],[4.712363,51.619413],[4.71699,51.618832],[4.721589,51.618242],[4.723137,51.618045]],"type":"LineString"},"id":"4f87823f-b51f-56cb-9e1f-07a7bbcbaa3e","properties":{"ASSET_KIND":"official_transmission_line","EVIDENCE":"official","GEOMETRY_CONFIDENCE":"official-top10nl-1:10000-rounded-6dp-no-simplification","HEIGHT_LEVEL":0,"LOCAL_ID":"132440621","MUTATION_TYPE":"werkelijke verandering","NAME":null,"NAMESPACE":"NL.TOP10NL","NUMBER":null,"OBJECT_BEGIN_DATE":"2025-06-01","ORIGINAL_ID":"4f87823f-b51f-56cb-9e1f-07a7bbcbaa3e","REGION_KEY":"netherlands","REGISTRATION_DATE":"2025-06-01","SOURCE_ACCURACY_M":0.1,"SOURCE_DATE":"2026-06-01","SOURCE_FEATURE_DATE":"2024-01-01","SOURCE_ID":"nl-kadaster-top10nl-high-voltage-2026-06","SOURCE_LICENSE":"CC BY 4.0","SOURCE_METHOD":"luchtfoto","SOURCE_URL":"https://api.pdok.nl/kadaster/brt-top10nl/ogc/v1","TOP10NL_CODE":481,"TOP10NL_TYPE":"hoogspanningsleiding","VISUALISATION_CODE":15210,"VOLTAGE_KV":null},"type":"Feature"},{"geometry":{"coordinates":[[6.528046,52.613886],[6.525011,52.616413],[6.521912,52.618995],[6.518796,52.621542],[6.515713,52.624109],[6.512604,52.626661],[6.50963,52.629109],[6.507755,52.632088],[6.505863,52.635062],[6.503954,52.638031],[6.502053,52.641],[6.500176,52.643949],[6.498283,52.646933],[6.496389,52.649907],[6.494496,52.652886],[6.492617,52.655835],[6.490715,52.658804],[6.488853,52.661787],[6.487235,52.664305],[6.486942,52.664761],[6.486692,52.665152],[6.486675,52.665178],[6.486661,52.6652],[6.48584,52.666483],[6.485055,52.66771],[6.48316,52.670689],[6.481289,52.673672],[6.479319,52.676607],[6.47738,52.679477],[6.475466,52.682402],[6.473496,52.685332],[6.471573,52.688256],[6.469602,52.691191],[6.467632,52.69414],[6.465685,52.697104],[6.463933,52.700047],[6.463739,52.702394],[6.463512,52.704736],[6.46347,52.705244],[6.463318,52.707083],[6.463273,52.707653],[6.46326,52.707817],[6.463251,52.707939],[6.463247,52.707981],[6.463245,52.708013],[6.463241,52.708065],[6.463236,52.70812],[6.463232,52.708178],[6.463227,52.708242],[6.463221,52.708315],[6.463202,52.708552],[6.463199,52.708598],[6.463195,52.708648],[6.463152,52.709191],[6.463133,52.709435],[6.462976,52.711313],[6.462965,52.711433],[6.462953,52.711576],[6.462906,52.712112],[6.46405,52.71372],[6.464983,52.715404],[6.465391,52.717174],[6.465483,52.718918],[6.465543,52.720691],[6.465474,52.722844],[6.465438,52.725998],[6.465434,52.729146],[6.465548,52.730014],[6.465634,52.730667],[6.465981,52.73324],[6.46771,52.734183],[6.468609,52.734673],[6.468745,52.734748],[6.470992,52.735993],[6.472207,52.736413],[6.474297,52.737136],[6.475415,52.737326]],"type":"LineString"},"id":"4fa0d94a-651f-586a-a812-6baaa0906e56","properties":{"ASSET_KIND":"official_transmission_line","EVIDENCE":"official","GEOMETRY_CONFIDENCE":"official-top10nl-1:10000-rounded-6dp-no-simplification","HEIGHT_LEVEL":0,"LOCAL_ID":"122083361","MUTATION_TYPE":"werkelijke verandering","NAME":null,"NAMESPACE":"NL.TOP10NL","NUMBER":null,"OBJECT_BEGIN_DATE":"2011-08-25","ORIGINAL_ID":"4fa0d94a-651f-586a-a812-6baaa0906e56","REGION_KEY":"netherlands","REGISTRATION_DATE":"2023-04-01","SOURCE_ACCURACY_M":0.1,"SOURCE_DATE":"2026-06-01","SOURCE_FEATURE_DATE":"2022-01-01","SOURCE_ID":"nl-kadaster-top10nl-high-voltage-2026-06","SOURCE_LICENSE":"CC BY 4.0","SOURCE_METHOD":"luchtfoto","SOURCE_URL":"https://api.pdok.nl/kadaster/brt-top10nl/ogc/v1","TOP10NL_CODE":481,"TOP10NL_TYPE":"hoogspanningsleiding","VISUALISATION_CODE":15210,"VOLTAGE_KV":null},"type":"Feature"},{"geometry":{"coordinates":[[5.270559,51.373238],[5.270679,51.373536],[5.271357,51.373917],[5.272171,51.374444]],"type":"LineString"},"id":"509db548-a7a2-538c-bf02-cdc6fb6b4788","properties":{"ASSET_KIND":"official_transmission_line","EVIDENCE":"official","GEOMETRY_CONFIDENCE":"official-top10nl-1:10000-rounded-6dp-no-simplification","HEIGHT_LEVEL":0,"LOCAL_ID":"122083088","MUTATION_TYPE":null,"NAME":null,"NAMESPACE":"NL.TOP10NL","NUMBER":null,"OBJECT_BEGIN_DATE":"2011-08-25","ORIGINAL_ID":"509db548-a7a2-538c-bf02-cdc6fb6b4788","REGION_KEY":"netherlands","REGISTRATION_DATE":"2019-02-01","SOURCE_ACCURACY_M":0.1,"SOURCE_DATE":"2026-06-01","SOURCE_FEATURE_DATE":"2018-01-01","SOURCE_ID":"nl-kadaster-top10nl-high-voltage-2026-06","SOURCE_LICENSE":"CC BY 4.0","SOURCE_METHOD":"luchtfoto","SOURCE_URL":"https://api.pdok.nl/kadaster/brt-top10nl/ogc/v1","TOP10NL_CODE":481,"TOP10NL_TYPE":"hoogspanningsleiding","VISUALISATION_CODE":15210,"VOLTAGE_KV":null},"type":"Feature"},{"geometry":{"coordinates":[[4.849319,52.731614],[4.84809,52.733855],[4.846187,52.737267],[4.844291,52.740648],[4.842417,52.744034],[4.840542,52.747424],[4.83866,52.7508],[4.83677,52.754181],[4.834895,52.75758],[4.833019,52.760988],[4.831143,52.764337],[4.829282,52.767687],[4.827428,52.771032],[4.825528,52.774444],[4.823629,52.777856],[4.824987,52.781083],[4.826359,52.784336],[4.827703,52.787576],[4.829011,52.790703],[4.830412,52.794051],[4.831436,52.796477],[4.831778,52.79729],[4.832018,52.797862],[4.832074,52.797996],[4.832332,52.798613],[4.832343,52.798638],[4.832505,52.799027],[4.832516,52.799054],[4.832538,52.799107],[4.832567,52.799176],[4.832577,52.799199],[4.83267,52.79942],[4.832691,52.799471],[4.832704,52.799501],[4.832741,52.799592],[4.833009,52.80023],[4.834296,52.803286],[4.835727,52.806714],[4.836972,52.809654],[4.836318,52.810469],[4.835397,52.811618],[4.835115,52.81197],[4.834845,52.812306],[4.834828,52.812327],[4.834807,52.812353],[4.834794,52.81237],[4.834381,52.812884],[4.833655,52.813778],[4.832536,52.815156],[4.831761,52.81611],[4.829147,52.819349],[4.82657,52.822574],[4.823948,52.825786],[4.82134,52.829039],[4.81874,52.832251],[4.816304,52.83524],[4.813696,52.838474],[4.811109,52.841704],[4.809175,52.844071],[4.80658,52.847283],[4.804143,52.850285],[4.802065,52.852861],[4.799461,52.856086],[4.79685,52.859328],[4.794291,52.862473],[4.791769,52.865614],[4.789315,52.86862],[4.78686,52.871685],[4.784247,52.874905],[4.781626,52.878134],[4.776738,52.879833],[4.775359,52.880195]],"type":"LineString"},"id":"514a4c78-d312-50a4-a15b-f647d4533cc1","properties":{"ASSET_KIND":"official_transmission_line","EVIDENCE":"official","GEOMETRY_CONFIDENCE":"official-top10nl-1:10000-rounded-6dp-no-simplification","HEIGHT_LEVEL":0,"LOCAL_ID":"128795018","MUTATION_TYPE":"kwaliteitsverbetering","NAME":null,"NAMESPACE":"NL.TOP10NL","NUMBER":null,"OBJECT_BEGIN_DATE":"2015-08-30","ORIGINAL_ID":"514a4c78-d312-50a4-a15b-f647d4533cc1","REGION_KEY":"netherlands","REGISTRATION_DATE":"2022-06-01","SOURCE_ACCURACY_M":0.1,"SOURCE_DATE":"2026-06-01","SOURCE_FEATURE_DATE":"2021-01-01","SOURCE_ID":"nl-kadaster-top10nl-high-voltage-2026-06","SOURCE_LICENSE":"CC BY 4.0","SOURCE_METHOD":"luchtfoto","SOURCE_URL":"https://api.pdok.nl/kadaster/brt-top10nl/ogc/v1","TOP10NL_CODE":481,"TOP10NL_TYPE":"hoogspanningsleiding","VISUALISATION_CODE":15210,"VOLTAGE_KV":null},"type":"Feature"},{"geometry":{"coordinates":[[4.728021,51.836307],[4.731837,51.836397],[4.735567,51.836491],[4.739352,51.83658],[4.743114,51.836669],[4.746883,51.836763],[4.750684,51.836852],[4.754485,51.836941],[4.758286,51.837035],[4.762048,51.837118],[4.764204,51.837172],[4.764639,51.837182],[4.765288,51.837198],[4.765825,51.837212],[4.765976,51.837215],[4.766459,51.837226],[4.767054,51.83724],[4.767554,51.837252],[4.768079,51.837264],[4.76859,51.837276],[4.769106,51.837288],[4.769532,51.837298],[4.76965,51.8373],[4.769954,51.837307],[4.770388,51.837317],[4.770802,51.837327],[4.771362,51.83734],[4.771905,51.837353],[4.773443,51.837389],[4.77726,51.837477],[4.781061,51.83757],[4.781671,51.837585],[4.782109,51.837596],[4.782535,51.837606],[4.783235,51.837623],[4.784009,51.837642],[4.784718,51.83766],[4.784846,51.837663],[4.785024,51.837667],[4.785082,51.837668],[4.78513,51.837669],[4.785227,51.837671],[4.785281,51.837673],[4.785369,51.837675],[4.785426,51.837676],[4.785909,51.837687],[4.786428,51.837699],[4.786917,51.83771],[4.787927,51.837734],[4.788407,51.837745],[4.788656,51.837751],[4.792458,51.837837],[4.796321,51.837925],[4.800123,51.838021],[4.803803,51.83808],[4.807643,51.83817],[4.810724,51.838243],[4.811392,51.838258],[4.811436,51.838259],[4.811888,51.838273],[4.812268,51.838284],[4.812316,51.838285],[4.812373,51.838287],[4.812695,51.838297],[4.812723,51.838297],[4.812761,51.838298],[4.813475,51.83832],[4.814253,51.838343],[4.815241,51.838372],[4.815412,51.838376],[4.815778,51.838384],[4.816172,51.838393],[4.819035,51.83846],[4.822855,51.838548],[4.826589,51.838629],[4.830434,51.83872],[4.834275,51.838818],[4.838116,51.838893],[4.841997,51.83899],[4.845853,51.839078],[4.848134,51.83912],[4.849735,51.839162],[4.853591,51.839253],[4.857477,51.839346],[4.861349,51.83943],[4.865215,51.83953],[4.868851,51.839603],[4.870227,51.839638],[4.873566,51.839716],[4.876753,51.83978],[4.880082,51.839861],[4.883421,51.839936],[4.886814,51.84079],[4.890268,51.841648],[4.89363,51.842489],[4.896879,51.843314],[4.900278,51.844145],[4.903665,51.845009],[4.907059,51.845853],[4.910427,51.84669],[4.913861,51.847553],[4.917259,51.848407],[4.920684,51.849267],[4.923817,51.850046],[4.927012,51.850844],[4.930488,51.851717],[4.933953,51.852582],[4.937409,51.853448],[4.94087,51.854301],[4.944315,51.855163],[4.94773,51.856022],[4.951187,51.856888],[4.954592,51.857734],[4.957257,51.858415],[4.960453,51.859203],[4.96369,51.860007],[4.966993,51.860862],[4.970323,51.861663],[4.973038,51.863025],[4.975759,51.864363],[4.978485,51.865713],[4.981221,51.867056],[4.983943,51.868406],[4.986644,51.869733],[4.989207,51.871016],[4.989375,51.871016]],"type":"LineString"},"id":"51f6b602-2553-51a3-a883-a69e65a5c3aa","properties":{"ASSET_KIND":"official_transmission_line","EVIDENCE":"official","GEOMETRY_CONFIDENCE":"official-top10nl-1:10000-rounded-6dp-no-simplification","HEIGHT_LEVEL":0,"LOCAL_ID":"132220853","MUTATION_TYPE":"werkelijke verandering","NAME":null,"NAMESPACE":"NL.TOP10NL","NUMBER":null,"OBJECT_BEGIN_DATE":"2024-06-01","ORIGINAL_ID":"51f6b602-2553-51a3-a883-a69e65a5c3aa","REGION_KEY":"netherlands","REGISTRATION_DATE":"2024-06-01","SOURCE_ACCURACY_M":0.1,"SOURCE_DATE":"2026-06-01","SOURCE_FEATURE_DATE":"2023-01-01","SOURCE_ID":"nl-kadaster-top10nl-high-voltage-2026-06","SOURCE_LICENSE":"CC BY 4.0","SOURCE_METHOD":"luchtfoto","SOURCE_URL":"https://api.pdok.nl/kadaster/brt-top10nl/ogc/v1","TOP10NL_CODE":481,"TOP10NL_TYPE":"hoogspanningsleiding","VISUALISATION_CODE":15210,"VOLTAGE_KV":null},"type":"Feature"},{"geometry":{"coordinates":[[5.964343,51.225447],[5.964315,51.227454],[5.96479,51.229373],[5.967104,51.231646],[5.969429,51.233937],[5.972019,51.236485],[5.974505,51.23898],[5.974344,51.241146],[5.974152,51.243411],[5.973895,51.246215],[5.973674,51.248612],[5.973414,51.251259],[5.973209,51.254077],[5.97289,51.25704],[5.972614,51.26001],[5.972348,51.263032],[5.972074,51.266245],[5.972561,51.269066],[5.972992,51.271591],[5.97348,51.274429],[5.97402,51.277599],[5.97456,51.280768],[5.975109,51.283976],[5.975657,51.28716],[5.976173,51.290116],[5.976697,51.293215],[5.978259,51.296251],[5.979805,51.299197],[5.981374,51.302219],[5.982974,51.305251]],"type":"LineString"},"id":"525facf6-1bba-538e-b348-0465228532b5","properties":{"ASSET_KIND":"official_transmission_line","EVIDENCE":"official","GEOMETRY_CONFIDENCE":"official-top10nl-1:10000-rounded-6dp-no-simplification","HEIGHT_LEVEL":0,"LOCAL_ID":"122083140","MUTATION_TYPE":null,"NAME":null,"NAMESPACE":"NL.TOP10NL","NUMBER":null,"OBJECT_BEGIN_DATE":"2011-08-25","ORIGINAL_ID":"525facf6-1bba-538e-b348-0465228532b5","REGION_KEY":"netherlands","REGISTRATION_DATE":"2019-02-01","SOURCE_ACCURACY_M":0.1,"SOURCE_DATE":"2026-06-01","SOURCE_FEATURE_DATE":"2018-01-01","SOURCE_ID":"nl-kadaster-top10nl-high-voltage-2026-06","SOURCE_LICENSE":"CC BY 4.0","SOURCE_METHOD":"luchtfoto","SOURCE_URL":"https://api.pdok.nl/kadaster/brt-top10nl/ogc/v1","TOP10NL_CODE":481,"TOP10NL_TYPE":"hoogspanningsleiding","VISUALISATION_CODE":15210,"VOLTAGE_KV":null},"type":"Feature"},{"geometry":{"coordinates":[[5.779694,51.821103],[5.779662,51.82118],[5.777881,51.824036],[5.774289,51.826244],[5.771375,51.828047],[5.771372,51.830876],[5.771395,51.833641],[5.77293,51.836216],[5.774486,51.838866]],"type":"LineString"},"id":"52b9ac4b-5703-5976-be08-53a5dcb3cbab","properties":{"ASSET_KIND":"official_transmission_line","EVIDENCE":"official","GEOMETRY_CONFIDENCE":"official-top10nl-1:10000-rounded-6dp-no-simplification","HEIGHT_LEVEL":0,"LOCAL_ID":"122083367","MUTATION_TYPE":null,"NAME":null,"NAMESPACE":"NL.TOP10NL","NUMBER":null,"OBJECT_BEGIN_DATE":"2011-08-25","ORIGINAL_ID":"52b9ac4b-5703-5976-be08-53a5dcb3cbab","REGION_KEY":"netherlands","REGISTRATION_DATE":"2019-02-01","SOURCE_ACCURACY_M":0.1,"SOURCE_DATE":"2026-06-01","SOURCE_FEATURE_DATE":"2018-01-01","SOURCE_ID":"nl-kadaster-top10nl-high-voltage-2026-06","SOURCE_LICENSE":"CC BY 4.0","SOURCE_METHOD":"luchtfoto","SOURCE_URL":"https://api.pdok.nl/kadaster/brt-top10nl/ogc/v1","TOP10NL_CODE":481,"TOP10NL_TYPE":"hoogspanningsleiding","VISUALISATION_CODE":15210,"VOLTAGE_KV":null},"type":"Feature"},{"geometry":{"coordinates":[[4.559246,52.165314],[4.562436,52.168374]],"type":"LineString"},"id":"5374ce5c-8c98-5a7b-bdd8-87fd82abef13","properties":{"ASSET_KIND":"official_transmission_line","EVIDENCE":"official","GEOMETRY_CONFIDENCE":"official-top10nl-1:10000-rounded-6dp-no-simplification","HEIGHT_LEVEL":0,"LOCAL_ID":"131182977","MUTATION_TYPE":"werkelijke verandering","NAME":null,"NAMESPACE":"NL.TOP10NL","NUMBER":null,"OBJECT_BEGIN_DATE":"2020-06-01","ORIGINAL_ID":"5374ce5c-8c98-5a7b-bdd8-87fd82abef13","REGION_KEY":"netherlands","REGISTRATION_DATE":"2020-06-01","SOURCE_ACCURACY_M":0.1,"SOURCE_DATE":"2026-06-01","SOURCE_FEATURE_DATE":"2019-01-01","SOURCE_ID":"nl-kadaster-top10nl-high-voltage-2026-06","SOURCE_LICENSE":"CC BY 4.0","SOURCE_METHOD":"luchtfoto","SOURCE_URL":"https://api.pdok.nl/kadaster/brt-top10nl/ogc/v1","TOP10NL_CODE":481,"TOP10NL_TYPE":"hoogspanningsleiding","VISUALISATION_CODE":15210,"VOLTAGE_KV":null},"type":"Feature"},{"geometry":{"coordinates":[[5.634584,51.975314],[5.634076,51.976244],[5.634439,51.978472],[5.634797,51.980721],[5.635165,51.98296],[5.635506,51.985146],[5.635869,51.98737],[5.636226,51.989595],[5.636589,51.991836],[5.63693,51.994009],[5.63731,51.996278],[5.637685,51.998552],[5.638049,52.000825],[5.638412,52.003112],[5.638918,52.005375],[5.639405,52.007554],[5.639887,52.009711],[5.640398,52.011995],[5.640904,52.014257],[5.6412,52.015577]],"type":"LineString"},"id":"546a0be7-2506-5444-a0ec-3bcca5cfb7de","properties":{"ASSET_KIND":"official_transmission_line","EVIDENCE":"official","GEOMETRY_CONFIDENCE":"official-top10nl-1:10000-rounded-6dp-no-simplification","HEIGHT_LEVEL":0,"LOCAL_ID":"131303606","MUTATION_TYPE":"kwaliteitsverbetering","NAME":null,"NAMESPACE":"NL.TOP10NL","NUMBER":null,"OBJECT_BEGIN_DATE":"2021-02-01","ORIGINAL_ID":"546a0be7-2506-5444-a0ec-3bcca5cfb7de","REGION_KEY":"netherlands","REGISTRATION_DATE":"2021-02-01","SOURCE_ACCURACY_M":0.1,"SOURCE_DATE":"2026-06-01","SOURCE_FEATURE_DATE":"2020-01-01","SOURCE_ID":"nl-kadaster-top10nl-high-voltage-2026-06","SOURCE_LICENSE":"CC BY 4.0","SOURCE_METHOD":"luchtfoto","SOURCE_URL":"https://api.pdok.nl/kadaster/brt-top10nl/ogc/v1","TOP10NL_CODE":481,"TOP10NL_TYPE":"hoogspanningsleiding","VISUALISATION_CODE":15210,"VOLTAGE_KV":null},"type":"Feature"},{"geometry":{"coordinates":[[5.92126,51.146046],[5.921418,51.145536],[5.920396,51.144035],[5.918296,51.142623],[5.914471,51.140492],[5.910621,51.138282],[5.906848,51.136172],[5.902822,51.133889],[5.898982,51.131727],[5.893727,51.130902],[5.888252,51.129973],[5.883223,51.129194],[5.878001,51.128295],[5.87283,51.127516],[5.867273,51.126613],[5.862781,51.125884],[5.860223,51.122788],[5.858002,51.119985],[5.855723,51.117183],[5.85347,51.114444],[5.851276,51.111699],[5.848072,51.109142],[5.844742,51.106481],[5.841395,51.103756],[5.838031,51.101058],[5.835987,51.098038],[5.834026,51.095055],[5.832007,51.092046],[5.829785,51.088738],[5.827546,51.085419],[5.825324,51.082079],[5.823245,51.079717],[5.820643,51.07671],[5.817982,51.073682],[5.815354,51.07067],[5.812821,51.067794],[5.81022,51.064834],[5.809581,51.064056],[5.807823,51.061913],[5.807795,51.061879],[5.807636,51.061689],[5.807368,51.06137],[5.807192,51.061161],[5.807129,51.061085],[5.806581,51.060432],[5.806571,51.060419],[5.805903,51.059624],[5.80563,51.059298],[5.805588,51.059247],[5.805548,51.0592],[5.805303,51.058908],[5.802579,51.056054],[5.79988,51.053204],[5.797157,51.050387],[5.794476,51.047574],[5.791812,51.044777],[5.791051,51.04181],[5.790336,51.038864],[5.789561,51.035703],[5.788738,51.032262],[5.791542,51.02984],[5.79519,51.026783],[5.798647,51.023854],[5.801818,51.021162],[5.804989,51.018452],[5.807741,51.01613],[5.805504,51.012858],[5.803316,51.00958],[5.801507,51.006833],[5.797211,51.004718],[5.795132,51.002886]],"type":"LineString"},"id":"54ea7530-95bc-5f30-9020-c4a545b5963b","properties":{"ASSET_KIND":"official_transmission_line","EVIDENCE":"official","GEOMETRY_CONFIDENCE":"official-top10nl-1:10000-rounded-6dp-no-simplification","HEIGHT_LEVEL":0,"LOCAL_ID":"122082958","MUTATION_TYPE":null,"NAME":null,"NAMESPACE":"NL.TOP10NL","NUMBER":null,"OBJECT_BEGIN_DATE":"2011-08-25","ORIGINAL_ID":"54ea7530-95bc-5f30-9020-c4a545b5963b","REGION_KEY":"netherlands","REGISTRATION_DATE":"2019-06-01","SOURCE_ACCURACY_M":0.1,"SOURCE_DATE":"2026-06-01","SOURCE_FEATURE_DATE":"2018-01-01","SOURCE_ID":"nl-kadaster-top10nl-high-voltage-2026-06","SOURCE_LICENSE":"CC BY 4.0","SOURCE_METHOD":"luchtfoto","SOURCE_URL":"https://api.pdok.nl/kadaster/brt-top10nl/ogc/v1","TOP10NL_CODE":481,"TOP10NL_TYPE":"hoogspanningsleiding","VISUALISATION_CODE":15210,"VOLTAGE_KV":null},"type":"Feature"},{"geometry":{"coordinates":[[6.618611,52.340816],[6.618558,52.340924],[6.618282,52.341479],[6.618276,52.34149],[6.618274,52.341494],[6.61826,52.341522],[6.618205,52.341633],[6.618175,52.341692],[6.618096,52.34185],[6.617846,52.342345],[6.617822,52.342394],[6.617728,52.34258],[6.616548,52.344922],[6.616237,52.34554],[6.615432,52.347138],[6.614309,52.349368],[6.614451,52.352974],[6.614558,52.35684],[6.614717,52.361055],[6.614815,52.363429],[6.610476,52.366731],[6.607029,52.369329],[6.603749,52.371861],[6.601866,52.372592],[6.601272,52.372823],[6.600641,52.373068],[6.600201,52.373239],[6.598881,52.373751],[6.59862,52.373853],[6.597737,52.374197],[6.597663,52.374225],[6.597627,52.374239],[6.59759,52.374254],[6.597204,52.374404],[6.593585,52.375812],[6.592972,52.376043],[6.592071,52.376384],[6.591996,52.376412],[6.591873,52.376459],[6.591448,52.376619],[6.591333,52.376662],[6.590727,52.376892],[6.589755,52.377259],[6.589188,52.37748],[6.588884,52.377599],[6.585475,52.378931],[6.581046,52.380617],[6.576612,52.382108],[6.574051,52.382952],[6.573566,52.383111],[6.573496,52.383134],[6.573439,52.383153],[6.57253,52.383452],[6.571999,52.383627],[6.57069,52.383932],[6.568175,52.384518],[6.568113,52.384533],[6.56806,52.384545],[6.568019,52.384555],[6.567892,52.384584],[6.567814,52.384603],[6.567772,52.384612],[6.565571,52.385125],[6.565253,52.385198],[6.558931,52.386638],[6.553766,52.387805],[6.54778,52.390011],[6.541939,52.392144],[6.536194,52.394283],[6.531947,52.396543],[6.527615,52.398849],[6.525379,52.400021],[6.523,52.401268],[6.522647,52.401409],[6.521705,52.401786],[6.520715,52.402183],[6.517908,52.403308],[6.517676,52.403403],[6.517356,52.403535],[6.517326,52.403547],[6.517287,52.403563],[6.515127,52.404451],[6.514229,52.40482],[6.514005,52.404911],[6.513914,52.404949],[6.513866,52.404968],[6.513826,52.404985],[6.51246,52.405546],[6.510505,52.406332],[6.50733,52.407607],[6.507083,52.407706],[6.502231,52.409659],[6.500936,52.410191],[6.50075,52.410267],[6.500616,52.410322],[6.498628,52.411138],[6.498539,52.411175],[6.498514,52.411185],[6.498471,52.411203],[6.49717,52.411737],[6.494817,52.412391],[6.49108,52.413429],[6.489803,52.413802],[6.489249,52.413964],[6.489099,52.414008],[6.486475,52.414775],[6.484901,52.415235],[6.478647,52.417046],[6.473094,52.419784],[6.467654,52.422469],[6.461974,52.425266],[6.456524,52.427934],[6.451007,52.430651],[6.445445,52.431531],[6.439904,52.432411],[6.434353,52.433297],[6.428843,52.434156],[6.423258,52.434984],[6.417801,52.435849],[6.411699,52.436823],[6.406337,52.437693],[6.401192,52.438795],[6.396238,52.439849],[6.39122,52.440943],[6.386635,52.441935],[6.381733,52.442982],[6.378161,52.443751],[6.373909,52.445856],[6.368772,52.448332],[6.363331,52.451011],[6.358121,52.453597],[6.353203,52.455985],[6.346484,52.456118],[6.339849,52.456256],[6.333247,52.456412],[6.327123,52.456565],[6.320319,52.456716],[6.314046,52.456856],[6.307963,52.456975],[6.304384,52.457061],[6.302359,52.457109],[6.302221,52.45713],[6.302131,52.457143],[6.302055,52.457155],[6.302019,52.45716],[6.30201,52.457161],[6.301966,52.457168],[6.301172,52.457287],[6.300411,52.457401],[6.297909,52.457776],[6.296154,52.458039],[6.289706,52.458964],[6.283257,52.459928],[6.276692,52.460905],[6.270275,52.461861],[6.263466,52.462859],[6.257239,52.463781],[6.250469,52.464654],[6.243836,52.4655],[6.237373,52.466345],[6.23074,52.46719],[6.224435,52.468],[6.218659,52.468696],[6.212798,52.469431],[6.207161,52.470171],[6.201944,52.470687],[6.195796,52.471443],[6.189595,52.472173],[6.18298,52.47297],[6.176673,52.473745],[6.170588,52.47446],[6.163803,52.475277],[6.157453,52.476051],[6.15117,52.476802],[6.148727,52.480354],[6.148174,52.481026],[6.149758,52.482625],[6.152451,52.485322],[6.155045,52.487917],[6.157424,52.490308],[6.15973,52.492591],[6.162054,52.494893],[6.16392,52.496761],[6.165956,52.499625],[6.167513,52.501773],[6.16952,52.50455],[6.17155,52.507368],[6.173592,52.510208],[6.175589,52.512965],[6.177603,52.515753],[6.179624,52.51856],[6.181477,52.521119],[6.183153,52.523462],[6.185167,52.526216],[6.187345,52.529267],[6.188904,52.529313]],"type":"LineString"},"id":"55696477-0660-5174-938c-88e50a8e8cb4","properties":{"ASSET_KIND":"official_transmission_line","EVIDENCE":"official","GEOMETRY_CONFIDENCE":"official-top10nl-1:10000-rounded-6dp-no-simplification","HEIGHT_LEVEL":0,"LOCAL_ID":"131262981","MUTATION_TYPE":"kwaliteitsverbetering","NAME":null,"NAMESPACE":"NL.TOP10NL","NUMBER":null,"OBJECT_BEGIN_DATE":"2021-02-01","ORIGINAL_ID":"55696477-0660-5174-938c-88e50a8e8cb4","REGION_KEY":"netherlands","REGISTRATION_DATE":"2021-02-01","SOURCE_ACCURACY_M":0.1,"SOURCE_DATE":"2026-06-01","SOURCE_FEATURE_DATE":"2019-01-01","SOURCE_ID":"nl-kadaster-top10nl-high-voltage-2026-06","SOURCE_LICENSE":"CC BY 4.0","SOURCE_METHOD":"luchtfoto","SOURCE_URL":"https://api.pdok.nl/kadaster/brt-top10nl/ogc/v1","TOP10NL_CODE":481,"TOP10NL_TYPE":"hoogspanningsleiding","VISUALISATION_CODE":15210,"VOLTAGE_KV":null},"type":"Feature"},{"geometry":{"coordinates":[[5.656791,51.247682],[5.657486,51.247993],[5.659842,51.250407],[5.662395,51.252949],[5.665016,51.255569],[5.667025,51.257581],[5.669511,51.260046],[5.672718,51.262303],[5.675902,51.264532],[5.678849,51.266585],[5.682034,51.268842],[5.685264,51.271077],[5.688484,51.273334],[5.691579,51.275513],[5.694788,51.277751],[5.698052,51.280039],[5.701966,51.280361],[5.70581,51.280679],[5.709865,51.279283],[5.713754,51.277943],[5.717274,51.276729],[5.721469,51.275284],[5.725847,51.273774],[5.730156,51.272301],[5.733009,51.271311],[5.733669,51.271082],[5.733979,51.270949],[5.734418,51.27076],[5.734509,51.270721],[5.734532,51.270711],[5.734591,51.270686],[5.734695,51.270641],[5.734934,51.270538]],"type":"LineString"},"id":"55f1f230-5666-5d73-ab4d-60302eada971","properties":{"ASSET_KIND":"official_transmission_line","EVIDENCE":"official","GEOMETRY_CONFIDENCE":"official-top10nl-1:10000-rounded-6dp-no-simplification","HEIGHT_LEVEL":0,"LOCAL_ID":"122083112","MUTATION_TYPE":null,"NAME":null,"NAMESPACE":"NL.TOP10NL","NUMBER":null,"OBJECT_BEGIN_DATE":"2011-08-25","ORIGINAL_ID":"55f1f230-5666-5d73-ab4d-60302eada971","REGION_KEY":"netherlands","REGISTRATION_DATE":"2019-02-01","SOURCE_ACCURACY_M":0.1,"SOURCE_DATE":"2026-06-01","SOURCE_FEATURE_DATE":"2018-01-01","SOURCE_ID":"nl-kadaster-top10nl-high-voltage-2026-06","SOURCE_LICENSE":"CC BY 4.0","SOURCE_METHOD":"luchtfoto","SOURCE_URL":"https://api.pdok.nl/kadaster/brt-top10nl/ogc/v1","TOP10NL_CODE":481,"TOP10NL_TYPE":"hoogspanningsleiding","VISUALISATION_CODE":15210,"VOLTAGE_KV":null},"type":"Feature"},{"geometry":{"coordinates":[[4.679378,52.472579],[4.680009,52.472114],[4.679664,52.469397],[4.679276,52.466286],[4.67695,52.463076],[4.674802,52.46012],[4.674629,52.459904]],"type":"LineString"},"id":"566b83ab-5f31-5cbd-a357-934112b66622","properties":{"ASSET_KIND":"official_transmission_line","EVIDENCE":"official","GEOMETRY_CONFIDENCE":"official-top10nl-1:10000-rounded-6dp-no-simplification","HEIGHT_LEVEL":0,"LOCAL_ID":"130316615","MUTATION_TYPE":"werkelijke verandering","NAME":null,"NAMESPACE":"NL.TOP10NL","NUMBER":null,"OBJECT_BEGIN_DATE":"2017-11-01","ORIGINAL_ID":"566b83ab-5f31-5cbd-a357-934112b66622","REGION_KEY":"netherlands","REGISTRATION_DATE":"2017-11-01","SOURCE_ACCURACY_M":0.1,"SOURCE_DATE":"2026-06-01","SOURCE_FEATURE_DATE":"2017-01-01","SOURCE_ID":"nl-kadaster-top10nl-high-voltage-2026-06","SOURCE_LICENSE":"CC BY 4.0","SOURCE_METHOD":"luchtfoto","SOURCE_URL":"https://api.pdok.nl/kadaster/brt-top10nl/ogc/v1","TOP10NL_CODE":481,"TOP10NL_TYPE":"hoogspanningsleiding","VISUALISATION_CODE":15210,"VOLTAGE_KV":null},"type":"Feature"},{"geometry":{"coordinates":[[6.478779,53.293792],[6.479889,53.296242],[6.480888,53.298469],[6.481997,53.300906],[6.48321,53.303532],[6.484424,53.306207],[6.485589,53.308757],[6.486785,53.31132],[6.487689,53.313339],[6.488833,53.315903],[6.49015,53.318758],[6.491468,53.32164],[6.492795,53.324554],[6.494098,53.327418],[6.495432,53.330328],[6.496719,53.333133],[6.497879,53.335701],[6.499055,53.338296],[6.500254,53.340899],[6.500644,53.343763],[6.501029,53.346667],[6.501413,53.349278],[6.501513,53.349614]],"type":"LineString"},"id":"568c25e5-4e10-5a5f-adbc-4f4db53569a5","properties":{"ASSET_KIND":"official_transmission_line","EVIDENCE":"official","GEOMETRY_CONFIDENCE":"official-top10nl-1:10000-rounded-6dp-no-simplification","HEIGHT_LEVEL":0,"LOCAL_ID":"132100204","MUTATION_TYPE":"kwaliteitsverbetering","NAME":null,"NAMESPACE":"NL.TOP10NL","NUMBER":null,"OBJECT_BEGIN_DATE":"2024-02-01","ORIGINAL_ID":"568c25e5-4e10-5a5f-adbc-4f4db53569a5","REGION_KEY":"netherlands","REGISTRATION_DATE":"2024-02-01","SOURCE_ACCURACY_M":0.1,"SOURCE_DATE":"2026-06-01","SOURCE_FEATURE_DATE":"2023-01-01","SOURCE_ID":"nl-kadaster-top10nl-high-voltage-2026-06","SOURCE_LICENSE":"CC BY 4.0","SOURCE_METHOD":"luchtfoto","SOURCE_URL":"https://api.pdok.nl/kadaster/brt-top10nl/ogc/v1","TOP10NL_CODE":481,"TOP10NL_TYPE":"hoogspanningsleiding","VISUALISATION_CODE":15210,"VOLTAGE_KV":null},"type":"Feature"},{"geometry":{"coordinates":[[4.031469,51.467908],[4.031609,51.467792],[4.031948,51.465269],[4.032352,51.462206],[4.032779,51.459151]],"type":"LineString"},"id":"56950150-0c32-5a7f-abe8-436388af9aa5","properties":{"ASSET_KIND":"official_transmission_line","EVIDENCE":"official","GEOMETRY_CONFIDENCE":"official-top10nl-1:10000-rounded-6dp-no-simplification","HEIGHT_LEVEL":0,"LOCAL_ID":"122082915","MUTATION_TYPE":null,"NAME":null,"NAMESPACE":"NL.TOP10NL","NUMBER":null,"OBJECT_BEGIN_DATE":"2011-08-25","ORIGINAL_ID":"56950150-0c32-5a7f-abe8-436388af9aa5","REGION_KEY":"netherlands","REGISTRATION_DATE":"2019-02-01","SOURCE_ACCURACY_M":0.1,"SOURCE_DATE":"2026-06-01","SOURCE_FEATURE_DATE":"2018-01-01","SOURCE_ID":"nl-kadaster-top10nl-high-voltage-2026-06","SOURCE_LICENSE":"CC BY 4.0","SOURCE_METHOD":"luchtfoto","SOURCE_URL":"https://api.pdok.nl/kadaster/brt-top10nl/ogc/v1","TOP10NL_CODE":481,"TOP10NL_TYPE":"hoogspanningsleiding","VISUALISATION_CODE":15210,"VOLTAGE_KV":null},"type":"Feature"},{"geometry":{"coordinates":[[4.33258,51.699304],[4.330458,51.699459],[4.324118,51.699468],[4.323515,51.699469],[4.321014,51.699475],[4.3209,51.699475],[4.320814,51.699475],[4.316571,51.699484],[4.312275,51.699493],[4.312218,51.699493],[4.312171,51.699493],[4.309573,51.699499],[4.306413,51.700514],[4.306277,51.700557],[4.306126,51.700606],[4.306064,51.700626],[4.306042,51.700633],[4.305956,51.70066],[4.305956,51.70066],[4.305805,51.700709],[4.305694,51.700744],[4.305524,51.700799],[4.305416,51.700834],[4.305315,51.700866],[4.304702,51.701063],[4.30334,51.7015],[4.297633,51.70328],[4.296944,51.703495],[4.290474,51.705544],[4.284022,51.70757],[4.277596,51.709597],[4.271252,51.711607],[4.264789,51.713638],[4.262998,51.714205],[4.259523,51.715304],[4.259508,51.715309],[4.259437,51.715331],[4.259395,51.715344],[4.259365,51.715354],[4.259334,51.715364],[4.259327,51.715366],[4.259222,51.715399],[4.259139,51.715425],[4.25907,51.715447],[4.25882,51.715526],[4.258489,51.715631],[4.255883,51.716455],[4.252052,51.717667],[4.245587,51.719692],[4.240178,51.721401],[4.235842,51.724231],[4.231359,51.727144],[4.226415,51.730394],[4.221415,51.733643],[4.216443,51.736893],[4.211451,51.740142],[4.206661,51.743275],[4.20267,51.745889]],"type":"LineString"},"id":"5722b357-bdb0-5edb-9df7-ed0c11c6e1ac","properties":{"ASSET_KIND":"official_transmission_line","EVIDENCE":"official","GEOMETRY_CONFIDENCE":"official-top10nl-1:10000-rounded-6dp-no-simplification","HEIGHT_LEVEL":0,"LOCAL_ID":"122083218","MUTATION_TYPE":"kwaliteitsverbetering","NAME":null,"NAMESPACE":"NL.TOP10NL","NUMBER":null,"OBJECT_BEGIN_DATE":"2011-08-25","ORIGINAL_ID":"5722b357-bdb0-5edb-9df7-ed0c11c6e1ac","REGION_KEY":"netherlands","REGISTRATION_DATE":"2024-04-01","SOURCE_ACCURACY_M":0.1,"SOURCE_DATE":"2026-06-01","SOURCE_FEATURE_DATE":"2023-01-01","SOURCE_ID":"nl-kadaster-top10nl-high-voltage-2026-06","SOURCE_LICENSE":"CC BY 4.0","SOURCE_METHOD":"luchtfoto","SOURCE_URL":"https://api.pdok.nl/kadaster/brt-top10nl/ogc/v1","TOP10NL_CODE":481,"TOP10NL_TYPE":"hoogspanningsleiding","VISUALISATION_CODE":15210,"VOLTAGE_KV":null},"type":"Feature"},{"geometry":{"coordinates":[[5.761955,52.683704],[5.762431,52.68342],[5.762541,52.683354],[5.767077,52.682365],[5.768112,52.682139],[5.768138,52.682134],[5.768207,52.682119],[5.768267,52.682106],[5.768285,52.682102],[5.771988,52.681295],[5.773231,52.681025],[5.776893,52.680232],[5.781804,52.679161],[5.786551,52.678141],[5.791444,52.67707],[5.796115,52.676046],[5.800839,52.675022],[5.805521,52.673977],[5.810273,52.672941],[5.814986,52.671918],[5.815821,52.671123],[5.816609,52.6704],[5.817727,52.669265],[5.819979,52.667048],[5.822719,52.66438],[5.825435,52.661692],[5.828164,52.659047],[5.830866,52.656383],[5.833639,52.653703],[5.836348,52.651033],[5.839072,52.648349],[5.841828,52.645707],[5.844505,52.643023]],"type":"LineString"},"id":"577616dd-8fa2-52e2-9df4-91bb9f0fb80f","properties":{"ASSET_KIND":"official_transmission_line","EVIDENCE":"official","GEOMETRY_CONFIDENCE":"official-top10nl-1:10000-rounded-6dp-no-simplification","HEIGHT_LEVEL":0,"LOCAL_ID":"122083127","MUTATION_TYPE":"kwaliteitsverbetering","NAME":null,"NAMESPACE":"NL.TOP10NL","NUMBER":null,"OBJECT_BEGIN_DATE":"2011-08-25","ORIGINAL_ID":"577616dd-8fa2-52e2-9df4-91bb9f0fb80f","REGION_KEY":"netherlands","REGISTRATION_DATE":"2021-04-01","SOURCE_ACCURACY_M":0.1,"SOURCE_DATE":"2026-06-01","SOURCE_FEATURE_DATE":"2020-01-01","SOURCE_ID":"nl-kadaster-top10nl-high-voltage-2026-06","SOURCE_LICENSE":"CC BY 4.0","SOURCE_METHOD":"luchtfoto","SOURCE_URL":"https://api.pdok.nl/kadaster/brt-top10nl/ogc/v1","TOP10NL_CODE":481,"TOP10NL_TYPE":"hoogspanningsleiding","VISUALISATION_CODE":15210,"VOLTAGE_KV":null},"type":"Feature"},{"geometry":{"coordinates":[[6.098665,51.342222],[6.096031,51.34221]],"type":"LineString"},"id":"57953b86-ab1c-545f-a230-b17c8b741a6b","properties":{"ASSET_KIND":"official_transmission_line","EVIDENCE":"official","GEOMETRY_CONFIDENCE":"official-top10nl-1:10000-rounded-6dp-no-simplification","HEIGHT_LEVEL":0,"LOCAL_ID":"122083350","MUTATION_TYPE":null,"NAME":null,"NAMESPACE":"NL.TOP10NL","NUMBER":null,"OBJECT_BEGIN_DATE":"2011-08-25","ORIGINAL_ID":"57953b86-ab1c-545f-a230-b17c8b741a6b","REGION_KEY":"netherlands","REGISTRATION_DATE":"2019-02-01","SOURCE_ACCURACY_M":0.1,"SOURCE_DATE":"2026-06-01","SOURCE_FEATURE_DATE":"2018-01-01","SOURCE_ID":"nl-kadaster-top10nl-high-voltage-2026-06","SOURCE_LICENSE":"CC BY 4.0","SOURCE_METHOD":"luchtfoto","SOURCE_URL":"https://api.pdok.nl/kadaster/brt-top10nl/ogc/v1","TOP10NL_CODE":481,"TOP10NL_TYPE":"hoogspanningsleiding","VISUALISATION_CODE":15210,"VOLTAGE_KV":null},"type":"Feature"},{"geometry":{"coordinates":[[4.249624,51.37266],[4.249724,51.373065],[4.253404,51.373868],[4.25755,51.374221],[4.261596,51.374519],[4.267146,51.373953],[4.270174,51.373373]],"type":"LineString"},"id":"587e38d2-08a1-5f9b-899a-a8fd39e4f433","properties":{"ASSET_KIND":"official_transmission_line","EVIDENCE":"official","GEOMETRY_CONFIDENCE":"official-top10nl-1:10000-rounded-6dp-no-simplification","HEIGHT_LEVEL":0,"LOCAL_ID":"126563984","MUTATION_TYPE":"werkelijke verandering","NAME":null,"NAMESPACE":"NL.TOP10NL","NUMBER":null,"OBJECT_BEGIN_DATE":"2013-10-26","ORIGINAL_ID":"587e38d2-08a1-5f9b-899a-a8fd39e4f433","REGION_KEY":"netherlands","REGISTRATION_DATE":"2021-02-01","SOURCE_ACCURACY_M":0.1,"SOURCE_DATE":"2026-06-01","SOURCE_FEATURE_DATE":"2020-01-01","SOURCE_ID":"nl-kadaster-top10nl-high-voltage-2026-06","SOURCE_LICENSE":"CC BY 4.0","SOURCE_METHOD":"luchtfoto","SOURCE_URL":"https://api.pdok.nl/kadaster/brt-top10nl/ogc/v1","TOP10NL_CODE":481,"TOP10NL_TYPE":"hoogspanningsleiding","VISUALISATION_CODE":15210,"VOLTAGE_KV":null},"type":"Feature"},{"geometry":{"coordinates":[[5.670889,51.511067],[5.672169,51.510788],[5.67314,51.51178],[5.672333,51.514222],[5.671501,51.516706],[5.670777,51.518985],[5.669871,51.521747],[5.669055,51.524215],[5.667864,51.527009],[5.666672,51.529766],[5.66553,51.532444],[5.664371,51.535164],[5.663146,51.538031],[5.661904,51.540882],[5.660745,51.543618],[5.659503,51.546522],[5.65831,51.54931],[5.657117,51.552067],[5.656851,51.553905],[5.656431,51.556786],[5.656004,51.55973],[5.655592,51.562626],[5.655214,51.565334],[5.654768,51.568209],[5.654422,51.570724],[5.653977,51.573709],[5.65359,51.576417],[5.653179,51.579392],[5.65275,51.582257],[5.652322,51.5852],[5.651902,51.588149],[5.651457,51.591098],[5.65107,51.593973],[5.65065,51.596823],[5.650254,51.59962],[5.649817,51.602579],[5.649389,51.605522],[5.648985,51.608414],[5.648548,51.611399],[5.648128,51.614327],[5.647731,51.617024],[5.647311,51.619983],[5.646865,51.622943],[5.646477,51.625724],[5.64604,51.628683],[5.645619,51.631611],[5.64519,51.634528],[5.644752,51.637514],[5.644356,51.640363],[5.64391,51.643306],[5.643463,51.646182],[5.64315,51.648711],[5.642877,51.651073],[5.642638,51.65343],[5.642432,51.655787],[5.642193,51.658159],[5.642237,51.65946],[5.642274,51.660567],[5.64233,51.663023],[5.642348,51.663573],[5.642349,51.663581],[5.642351,51.663633],[5.642353,51.663704],[5.64236,51.663902],[5.642362,51.663974],[5.642364,51.664013],[5.642364,51.664035],[5.64241,51.665389],[5.642474,51.667745],[5.642492,51.668186],[5.642572,51.670117],[5.642628,51.672515],[5.642683,51.674871],[5.645014,51.676107],[5.647515,51.677426],[5.648212,51.678015]],"type":"LineString"},"id":"58d30e0a-87a9-5cc0-80ff-bd59dfc8236a","properties":{"ASSET_KIND":"official_transmission_line","EVIDENCE":"official","GEOMETRY_CONFIDENCE":"official-top10nl-1:10000-rounded-6dp-no-simplification","HEIGHT_LEVEL":0,"LOCAL_ID":"127344461","MUTATION_TYPE":null,"NAME":null,"NAMESPACE":"NL.TOP10NL","NUMBER":null,"OBJECT_BEGIN_DATE":"2014-03-29","ORIGINAL_ID":"58d30e0a-87a9-5cc0-80ff-bd59dfc8236a","REGION_KEY":"netherlands","REGISTRATION_DATE":"2019-02-01","SOURCE_ACCURACY_M":0.1,"SOURCE_DATE":"2026-06-01","SOURCE_FEATURE_DATE":"2018-01-01","SOURCE_ID":"nl-kadaster-top10nl-high-voltage-2026-06","SOURCE_LICENSE":"CC BY 4.0","SOURCE_METHOD":"luchtfoto","SOURCE_URL":"https://api.pdok.nl/kadaster/brt-top10nl/ogc/v1","TOP10NL_CODE":481,"TOP10NL_TYPE":"hoogspanningsleiding","VISUALISATION_CODE":15210,"VOLTAGE_KV":null},"type":"Feature"},{"geometry":{"coordinates":[[4.841382,51.696857],[4.840806,51.698233],[4.840249,51.699556],[4.839713,51.700796],[4.839119,51.702096],[4.838708,51.705499],[4.839715,51.707642],[4.840738,51.708565]],"type":"LineString"},"id":"58e4ae80-b5b6-5201-83ac-c0339e5581f9","properties":{"ASSET_KIND":"official_transmission_line","EVIDENCE":"official","GEOMETRY_CONFIDENCE":"official-top10nl-1:10000-rounded-6dp-no-simplification","HEIGHT_LEVEL":0,"LOCAL_ID":"122083316","MUTATION_TYPE":null,"NAME":null,"NAMESPACE":"NL.TOP10NL","NUMBER":null,"OBJECT_BEGIN_DATE":"2011-08-25","ORIGINAL_ID":"58e4ae80-b5b6-5201-83ac-c0339e5581f9","REGION_KEY":"netherlands","REGISTRATION_DATE":"2019-02-01","SOURCE_ACCURACY_M":0.1,"SOURCE_DATE":"2026-06-01","SOURCE_FEATURE_DATE":"2018-01-01","SOURCE_ID":"nl-kadaster-top10nl-high-voltage-2026-06","SOURCE_LICENSE":"CC BY 4.0","SOURCE_METHOD":"luchtfoto","SOURCE_URL":"https://api.pdok.nl/kadaster/brt-top10nl/ogc/v1","TOP10NL_CODE":481,"TOP10NL_TYPE":"hoogspanningsleiding","VISUALISATION_CODE":15210,"VOLTAGE_KV":null},"type":"Feature"},{"geometry":{"coordinates":[[6.947718,52.820469],[6.948037,52.820585],[6.948291,52.820678],[6.948451,52.820736],[6.948608,52.820793],[6.948896,52.820898],[6.949063,52.820959],[6.949168,52.820997],[6.950844,52.821609],[6.950922,52.821637],[6.951008,52.821669],[6.951641,52.821899],[6.951864,52.821981],[6.95206,52.822052],[6.953743,52.822666],[6.954849,52.82307],[6.959696,52.82484],[6.962496,52.825837],[6.965038,52.826741],[6.965698,52.826976],[6.967523,52.827641],[6.967688,52.827701],[6.970078,52.828572],[6.970204,52.828618],[6.971676,52.829154],[6.97262,52.829497],[6.97275,52.829544],[6.975161,52.830421],[6.975281,52.830465],[6.977681,52.831338],[6.977814,52.831386],[6.983687,52.833507],[6.989708,52.835707],[6.995782,52.837873],[7.00183,52.840048],[7.003607,52.843924],[7.005567,52.847986],[7.007528,52.852088],[7.009231,52.855744],[7.011205,52.859797],[7.011553,52.860543],[7.011948,52.861391],[7.012701,52.863006],[7.012721,52.863049],[7.012737,52.863084],[7.012743,52.863097],[7.012749,52.86311],[7.012763,52.863138],[7.012788,52.863193],[7.012831,52.863284],[7.012999,52.863645],[7.013044,52.863742],[7.013114,52.863891],[7.013428,52.864544],[7.013702,52.865113],[7.013729,52.86517],[7.013761,52.865235],[7.014535,52.866841],[7.014552,52.866877],[7.014873,52.867544],[7.014988,52.867782],[7.015044,52.867902],[7.016765,52.871584],[7.013317,52.875147],[7.009697,52.878834],[7.012752,52.882129],[7.015841,52.885586],[7.018985,52.88905],[7.022211,52.892546],[7.025358,52.89606],[7.028532,52.899564],[7.031661,52.902955],[7.033294,52.906465],[7.034824,52.90973],[7.036506,52.913443]],"type":"LineString"},"id":"5961d025-b0ff-5c18-8b69-19842ac528f9","properties":{"ASSET_KIND":"official_transmission_line","EVIDENCE":"official","GEOMETRY_CONFIDENCE":"official-top10nl-1:10000-rounded-6dp-no-simplification","HEIGHT_LEVEL":0,"LOCAL_ID":"122083126","MUTATION_TYPE":"werkelijke verandering","NAME":null,"NAMESPACE":"NL.TOP10NL","NUMBER":null,"OBJECT_BEGIN_DATE":"2011-08-25","ORIGINAL_ID":"5961d025-b0ff-5c18-8b69-19842ac528f9","REGION_KEY":"netherlands","REGISTRATION_DATE":"2022-02-01","SOURCE_ACCURACY_M":0.1,"SOURCE_DATE":"2026-06-01","SOURCE_FEATURE_DATE":"2021-01-01","SOURCE_ID":"nl-kadaster-top10nl-high-voltage-2026-06","SOURCE_LICENSE":"CC BY 4.0","SOURCE_METHOD":"luchtfoto","SOURCE_URL":"https://api.pdok.nl/kadaster/brt-top10nl/ogc/v1","TOP10NL_CODE":481,"TOP10NL_TYPE":"hoogspanningsleiding","VISUALISATION_CODE":15210,"VOLTAGE_KV":null},"type":"Feature"},{"geometry":{"coordinates":[[5.01143,52.337523],[5.012646,52.336445],[5.013151,52.336531]],"type":"LineString"},"id":"59874aad-cfd9-5000-b88e-267efa9c6267","properties":{"ASSET_KIND":"official_transmission_line","EVIDENCE":"official","GEOMETRY_CONFIDENCE":"official-top10nl-1:10000-rounded-6dp-no-simplification","HEIGHT_LEVEL":0,"LOCAL_ID":"122035418","MUTATION_TYPE":null,"NAME":null,"NAMESPACE":"NL.TOP10NL","NUMBER":null,"OBJECT_BEGIN_DATE":"2011-08-25","ORIGINAL_ID":"59874aad-cfd9-5000-b88e-267efa9c6267","REGION_KEY":"netherlands","REGISTRATION_DATE":"2019-02-01","SOURCE_ACCURACY_M":0.1,"SOURCE_DATE":"2026-06-01","SOURCE_FEATURE_DATE":"2018-01-01","SOURCE_ID":"nl-kadaster-top10nl-high-voltage-2026-06","SOURCE_LICENSE":"CC BY 4.0","SOURCE_METHOD":"luchtfoto","SOURCE_URL":"https://api.pdok.nl/kadaster/brt-top10nl/ogc/v1","TOP10NL_CODE":481,"TOP10NL_TYPE":"hoogspanningsleiding","VISUALISATION_CODE":15210,"VOLTAGE_KV":null},"type":"Feature"},{"geometry":{"coordinates":[[5.630173,51.317758],[5.629159,51.317278],[5.626326,51.316066],[5.62311,51.314681],[5.622382,51.313655],[5.62387,51.31173],[5.625933,51.309049],[5.627978,51.306385],[5.62688,51.304343],[5.625764,51.302295],[5.624666,51.300285],[5.623379,51.297891],[5.62203,51.295391],[5.620509,51.292556],[5.618989,51.28981],[5.617514,51.287092],[5.616039,51.284368],[5.61452,51.281589],[5.613081,51.278949],[5.613138,51.276015],[5.613195,51.273076],[5.613243,51.270149],[5.61327,51.268321],[5.61327,51.266634],[5.613316,51.265092],[5.613344,51.263533],[5.61339,51.261985],[5.613373,51.260415],[5.613426,51.258477],[5.613476,51.255923],[5.613516,51.253375],[5.613566,51.250799],[5.613598,51.248263],[5.610926,51.246262],[5.608246,51.244256],[5.605655,51.242289],[5.603306,51.240511],[5.602147,51.240166]],"type":"LineString"},"id":"59fa61ff-4ad3-587e-bdde-c33be02c9fdf","properties":{"ASSET_KIND":"official_transmission_line","EVIDENCE":"official","GEOMETRY_CONFIDENCE":"official-top10nl-1:10000-rounded-6dp-no-simplification","HEIGHT_LEVEL":0,"LOCAL_ID":"122083111","MUTATION_TYPE":null,"NAME":null,"NAMESPACE":"NL.TOP10NL","NUMBER":null,"OBJECT_BEGIN_DATE":"2011-08-25","ORIGINAL_ID":"59fa61ff-4ad3-587e-bdde-c33be02c9fdf","REGION_KEY":"netherlands","REGISTRATION_DATE":"2019-02-01","SOURCE_ACCURACY_M":0.1,"SOURCE_DATE":"2026-06-01","SOURCE_FEATURE_DATE":"2018-01-01","SOURCE_ID":"nl-kadaster-top10nl-high-voltage-2026-06","SOURCE_LICENSE":"CC BY 4.0","SOURCE_METHOD":"luchtfoto","SOURCE_URL":"https://api.pdok.nl/kadaster/brt-top10nl/ogc/v1","TOP10NL_CODE":481,"TOP10NL_TYPE":"hoogspanningsleiding","VISUALISATION_CODE":15210,"VOLTAGE_KV":null},"type":"Feature"},{"geometry":{"coordinates":[[6.469827,52.253362],[6.463417,52.252918],[6.456285,52.252434],[6.449437,52.251964],[6.44434,52.251623],[6.439263,52.252136],[6.434366,52.252622],[6.429268,52.253127],[6.42417,52.253644],[6.419064,52.254148],[6.413966,52.254661],[6.408902,52.255173],[6.403887,52.255671],[6.398905,52.256161],[6.394665,52.256627],[6.389644,52.257176],[6.38465,52.257724],[6.379752,52.258268],[6.375021,52.258788],[6.369964,52.259345],[6.365121,52.259862],[6.360099,52.260414],[6.355132,52.260663],[6.350062,52.260943],[6.34495,52.261215],[6.339852,52.261503],[6.334747,52.261765],[6.330438,52.261991],[6.325354,52.26227],[6.320249,52.262536],[6.315337,52.262791],[6.31048,52.263344],[6.305401,52.263894],[6.301091,52.264375],[6.296005,52.264933],[6.290905,52.265483],[6.285867,52.26604],[6.280691,52.266297],[6.275744,52.266534],[6.270562,52.26679],[6.265427,52.267037],[6.260328,52.267283],[6.255221,52.267538],[6.250114,52.267783],[6.245007,52.268029],[6.239893,52.268262],[6.234826,52.268784],[6.230064,52.269256],[6.22501,52.269768],[6.219949,52.270251],[6.215663,52.270664],[6.210498,52.271173],[6.205424,52.271684],[6.20039,52.272187],[6.195553,52.272403],[6.190383,52.272668],[6.18524,52.272865],[6.180083,52.273091],[6.175579,52.273317],[6.170588,52.273529],[6.167469,52.273682],[6.163991,52.275904],[6.160562,52.278123],[6.156855,52.278777],[6.15193,52.279647],[6.147483,52.280433],[6.142704,52.279281],[6.141186,52.27892],[6.136366,52.277764],[6.135632,52.27766]],"type":"LineString"},"id":"5a7e2683-95e9-5100-8875-680f3e2fb191","properties":{"ASSET_KIND":"official_transmission_line","EVIDENCE":"official","GEOMETRY_CONFIDENCE":"official-top10nl-1:10000-rounded-6dp-no-simplification","HEIGHT_LEVEL":0,"LOCAL_ID":"122083366","MUTATION_TYPE":null,"NAME":null,"NAMESPACE":"NL.TOP10NL","NUMBER":null,"OBJECT_BEGIN_DATE":"2011-08-25","ORIGINAL_ID":"5a7e2683-95e9-5100-8875-680f3e2fb191","REGION_KEY":"netherlands","REGISTRATION_DATE":"2019-02-01","SOURCE_ACCURACY_M":0.1,"SOURCE_DATE":"2026-06-01","SOURCE_FEATURE_DATE":"2018-01-01","SOURCE_ID":"nl-kadaster-top10nl-high-voltage-2026-06","SOURCE_LICENSE":"CC BY 4.0","SOURCE_METHOD":"luchtfoto","SOURCE_URL":"https://api.pdok.nl/kadaster/brt-top10nl/ogc/v1","TOP10NL_CODE":481,"TOP10NL_TYPE":"hoogspanningsleiding","VISUALISATION_CODE":15210,"VOLTAGE_KV":null},"type":"Feature"},{"geometry":{"coordinates":[[6.958147,53.3078],[6.955992,53.307971],[6.952541,53.305732],[6.949727,53.303928],[6.946548,53.301904],[6.941644,53.301872],[6.936847,53.301859],[6.932063,53.301873],[6.927379,53.301862],[6.923559,53.301839],[6.917942,53.301828],[6.913185,53.301821],[6.908632,53.301804],[6.903365,53.301799],[6.899889,53.301768],[6.894524,53.301764],[6.890024,53.301745],[6.884963,53.301757],[6.879696,53.301735],[6.874833,53.301724],[6.870088,53.301696],[6.865621,53.30092],[6.860376,53.299975],[6.85537,53.299078],[6.850956,53.298281],[6.845826,53.297378],[6.841372,53.296569],[6.837191,53.295816],[6.83334,53.294259],[6.829393,53.292662],[6.825973,53.291328],[6.821603,53.28956],[6.817881,53.288054],[6.813888,53.286445],[6.810005,53.284883],[6.806139,53.283303],[6.802274,53.281765],[6.798352,53.280203],[6.794459,53.27863],[6.790473,53.27702],[6.786996,53.27561],[6.783728,53.273561],[6.780453,53.271495],[6.7769,53.269288],[6.773404,53.26708],[6.770148,53.265023],[6.766537,53.262748],[6.762967,53.260497],[6.759619,53.25841],[6.756347,53.256343],[6.752414,53.254852],[6.748695,53.253457],[6.744896,53.252008],[6.741085,53.250569],[6.736697,53.248898],[6.733401,53.247672],[6.729522,53.246206],[6.725695,53.244764],[6.721147,53.243039],[6.717672,53.241719],[6.713759,53.240226],[6.70976,53.238717],[6.705831,53.237237],[6.701296,53.235538],[6.698677,53.234544],[6.694021,53.232761],[6.689965,53.231217],[6.68591,53.229677],[6.681873,53.22816],[6.677818,53.226626],[6.673752,53.225086],[6.669699,53.223552],[6.665778,53.222068],[6.661753,53.22053],[6.657665,53.218982],[6.653128,53.217251],[6.649525,53.215899],[6.644469,53.21649],[6.639033,53.217173],[6.633949,53.217794],[6.62833,53.218451],[6.623739,53.219033],[6.61921,53.217691],[6.614954,53.216432],[6.610651,53.215118],[6.606235,53.213778],[6.601692,53.212399],[6.599678,53.21179],[6.595356,53.210484],[6.594458,53.210212],[6.594238,53.208247],[6.593896,53.207566]],"type":"LineString"},"id":"5afbc28d-fd98-5a8b-8ee7-22ab0b12d00c","properties":{"ASSET_KIND":"official_transmission_line","EVIDENCE":"official","GEOMETRY_CONFIDENCE":"official-top10nl-1:10000-rounded-6dp-no-simplification","HEIGHT_LEVEL":0,"LOCAL_ID":"122083157","MUTATION_TYPE":null,"NAME":null,"NAMESPACE":"NL.TOP10NL","NUMBER":null,"OBJECT_BEGIN_DATE":"2011-08-25","ORIGINAL_ID":"5afbc28d-fd98-5a8b-8ee7-22ab0b12d00c","REGION_KEY":"netherlands","REGISTRATION_DATE":"2019-02-01","SOURCE_ACCURACY_M":0.1,"SOURCE_DATE":"2026-06-01","SOURCE_FEATURE_DATE":"2018-01-01","SOURCE_ID":"nl-kadaster-top10nl-high-voltage-2026-06","SOURCE_LICENSE":"CC BY 4.0","SOURCE_METHOD":"luchtfoto","SOURCE_URL":"https://api.pdok.nl/kadaster/brt-top10nl/ogc/v1","TOP10NL_CODE":481,"TOP10NL_TYPE":"hoogspanningsleiding","VISUALISATION_CODE":15210,"VOLTAGE_KV":null},"type":"Feature"},{"geometry":{"coordinates":[[5.015315,52.334914],[5.014098,52.335201],[5.014247,52.335872]],"type":"LineString"},"id":"5b4aadc8-3cae-537e-83c5-5b81393adc93","properties":{"ASSET_KIND":"official_transmission_line","EVIDENCE":"official","GEOMETRY_CONFIDENCE":"official-top10nl-1:10000-rounded-6dp-no-simplification","HEIGHT_LEVEL":0,"LOCAL_ID":"122035553","MUTATION_TYPE":null,"NAME":null,"NAMESPACE":"NL.TOP10NL","NUMBER":null,"OBJECT_BEGIN_DATE":"2011-08-25","ORIGINAL_ID":"5b4aadc8-3cae-537e-83c5-5b81393adc93","REGION_KEY":"netherlands","REGISTRATION_DATE":"2019-02-01","SOURCE_ACCURACY_M":0.1,"SOURCE_DATE":"2026-06-01","SOURCE_FEATURE_DATE":"2018-01-01","SOURCE_ID":"nl-kadaster-top10nl-high-voltage-2026-06","SOURCE_LICENSE":"CC BY 4.0","SOURCE_METHOD":"luchtfoto","SOURCE_URL":"https://api.pdok.nl/kadaster/brt-top10nl/ogc/v1","TOP10NL_CODE":481,"TOP10NL_TYPE":"hoogspanningsleiding","VISUALISATION_CODE":15210,"VOLTAGE_KV":null},"type":"Feature"},{"geometry":{"coordinates":[[5.846832,51.870566],[5.845278,51.86817],[5.844881,51.867558],[5.844826,51.866617],[5.84477,51.865659],[5.844727,51.864943],[5.84472,51.864809],[5.843349,51.863501],[5.842116,51.862323],[5.842085,51.862293],[5.842066,51.862275],[5.842048,51.862258],[5.841894,51.862111],[5.840832,51.861227],[5.840793,51.861194],[5.840354,51.860828]],"type":"LineString"},"id":"5b5ad9fe-39fc-57af-8848-29944b1492a4","properties":{"ASSET_KIND":"official_transmission_line","EVIDENCE":"official","GEOMETRY_CONFIDENCE":"official-top10nl-1:10000-rounded-6dp-no-simplification","HEIGHT_LEVEL":0,"LOCAL_ID":"124489395","MUTATION_TYPE":"kwaliteitsverbetering","NAME":null,"NAMESPACE":"NL.TOP10NL","NUMBER":null,"OBJECT_BEGIN_DATE":"2012-06-01","ORIGINAL_ID":"5b5ad9fe-39fc-57af-8848-29944b1492a4","REGION_KEY":"netherlands","REGISTRATION_DATE":"2019-04-01","SOURCE_ACCURACY_M":0.1,"SOURCE_DATE":"2026-06-01","SOURCE_FEATURE_DATE":"2018-01-01","SOURCE_ID":"nl-kadaster-top10nl-high-voltage-2026-06","SOURCE_LICENSE":"CC BY 4.0","SOURCE_METHOD":"luchtfoto","SOURCE_URL":"https://api.pdok.nl/kadaster/brt-top10nl/ogc/v1","TOP10NL_CODE":481,"TOP10NL_TYPE":"hoogspanningsleiding","VISUALISATION_CODE":15210,"VOLTAGE_KV":null},"type":"Feature"},{"geometry":{"coordinates":[[3.718494,51.430733],[3.718908,51.430945],[3.721034,51.432881],[3.723236,51.434833],[3.727037,51.435045],[3.727744,51.435385]],"type":"LineString"},"id":"5c30e5cd-513b-58bc-8e92-e8fe66a4ec20","properties":{"ASSET_KIND":"official_transmission_line","EVIDENCE":"official","GEOMETRY_CONFIDENCE":"official-top10nl-1:10000-rounded-6dp-no-simplification","HEIGHT_LEVEL":0,"LOCAL_ID":"122083275","MUTATION_TYPE":null,"NAME":null,"NAMESPACE":"NL.TOP10NL","NUMBER":null,"OBJECT_BEGIN_DATE":"2011-08-25","ORIGINAL_ID":"5c30e5cd-513b-58bc-8e92-e8fe66a4ec20","REGION_KEY":"netherlands","REGISTRATION_DATE":"2019-02-01","SOURCE_ACCURACY_M":0.1,"SOURCE_DATE":"2026-06-01","SOURCE_FEATURE_DATE":"2018-01-01","SOURCE_ID":"nl-kadaster-top10nl-high-voltage-2026-06","SOURCE_LICENSE":"CC BY 4.0","SOURCE_METHOD":"luchtfoto","SOURCE_URL":"https://api.pdok.nl/kadaster/brt-top10nl/ogc/v1","TOP10NL_CODE":481,"TOP10NL_TYPE":"hoogspanningsleiding","VISUALISATION_CODE":15210,"VOLTAGE_KV":null},"type":"Feature"},{"geometry":{"coordinates":[[5.548312,51.403617],[5.54705,51.405608],[5.546411,51.406609],[5.54458,51.4095],[5.542714,51.412447],[5.540714,51.415349],[5.538874,51.418263],[5.537177,51.421198],[5.536748,51.424059],[5.536346,51.426725],[5.535927,51.429625],[5.535568,51.43214],[5.535227,51.434459],[5.534895,51.436716],[5.533036,51.439646],[5.531195,51.442565],[5.529673,51.444981],[5.529539,51.445468],[5.529711,51.445613]],"type":"LineString"},"id":"5c8ce8a9-bb57-50a8-af7d-7312a84e1c4a","properties":{"ASSET_KIND":"official_transmission_line","EVIDENCE":"official","GEOMETRY_CONFIDENCE":"official-top10nl-1:10000-rounded-6dp-no-simplification","HEIGHT_LEVEL":0,"LOCAL_ID":"122083017","MUTATION_TYPE":null,"NAME":null,"NAMESPACE":"NL.TOP10NL","NUMBER":null,"OBJECT_BEGIN_DATE":"2011-08-25","ORIGINAL_ID":"5c8ce8a9-bb57-50a8-af7d-7312a84e1c4a","REGION_KEY":"netherlands","REGISTRATION_DATE":"2019-02-01","SOURCE_ACCURACY_M":0.1,"SOURCE_DATE":"2026-06-01","SOURCE_FEATURE_DATE":"2018-01-01","SOURCE_ID":"nl-kadaster-top10nl-high-voltage-2026-06","SOURCE_LICENSE":"CC BY 4.0","SOURCE_METHOD":"luchtfoto","SOURCE_URL":"https://api.pdok.nl/kadaster/brt-top10nl/ogc/v1","TOP10NL_CODE":481,"TOP10NL_TYPE":"hoogspanningsleiding","VISUALISATION_CODE":15210,"VOLTAGE_KV":null},"type":"Feature"},{"geometry":{"coordinates":[[4.603767,52.191594],[4.604105,52.197774],[4.604264,52.200741],[4.604284,52.201108],[4.604292,52.201226],[4.604484,52.204814],[4.604635,52.207511],[4.604778,52.210181],[4.604927,52.212791],[4.604567,52.21418],[4.604014,52.216369],[4.603131,52.219851],[4.602257,52.223298],[4.601423,52.226554],[4.604097,52.228472],[4.606425,52.230119],[4.607906,52.231156],[4.608156,52.231326],[4.609371,52.232178],[4.610829,52.233194],[4.614112,52.235494],[4.614439,52.235721],[4.61515,52.236219],[4.617062,52.237559],[4.617194,52.237652],[4.617442,52.237826],[4.620748,52.240142],[4.62374,52.242232],[4.626331,52.244051],[4.625617,52.247045],[4.621241,52.249393],[4.616821,52.251758],[4.61242,52.254108],[4.608011,52.256464],[4.603767,52.258715],[4.599436,52.261035],[4.595173,52.263323],[4.591547,52.265257],[4.590858,52.268574],[4.590218,52.27156],[4.589516,52.274483],[4.592352,52.276403],[4.595799,52.278713],[4.599351,52.281118],[4.602658,52.283434],[4.60583,52.28567],[4.609078,52.287959],[4.612229,52.290194],[4.616035,52.292909],[4.619683,52.295758],[4.618589,52.29929],[4.617471,52.302798],[4.620038,52.305039]],"type":"LineString"},"id":"5da65eeb-8909-550b-a586-121265616379","properties":{"ASSET_KIND":"official_transmission_line","EVIDENCE":"official","GEOMETRY_CONFIDENCE":"official-top10nl-1:10000-rounded-6dp-no-simplification","HEIGHT_LEVEL":0,"LOCAL_ID":"130935573","MUTATION_TYPE":"werkelijke verandering","NAME":null,"NAMESPACE":"NL.TOP10NL","NUMBER":null,"OBJECT_BEGIN_DATE":"2019-09-01","ORIGINAL_ID":"5da65eeb-8909-550b-a586-121265616379","REGION_KEY":"netherlands","REGISTRATION_DATE":"2020-06-01","SOURCE_ACCURACY_M":0.1,"SOURCE_DATE":"2026-06-01","SOURCE_FEATURE_DATE":"2019-01-01","SOURCE_ID":"nl-kadaster-top10nl-high-voltage-2026-06","SOURCE_LICENSE":"CC BY 4.0","SOURCE_METHOD":"luchtfoto","SOURCE_URL":"https://api.pdok.nl/kadaster/brt-top10nl/ogc/v1","TOP10NL_CODE":481,"TOP10NL_TYPE":"hoogspanningsleiding","VISUALISATION_CODE":15210,"VOLTAGE_KV":null},"type":"Feature"},{"geometry":{"coordinates":[[6.123085,52.501444],[6.126543,52.502274],[6.130092,52.503334],[6.13364,52.504961],[6.137233,52.506626],[6.140915,52.508434],[6.142146,52.509055],[6.145569,52.509933],[6.149644,52.51186],[6.153354,52.513637],[6.157479,52.515587],[6.161567,52.51753],[6.164837,52.519247],[6.168085,52.520953],[6.169394,52.521643],[6.173186,52.523644],[6.176956,52.525598],[6.180865,52.527652],[6.183574,52.529067],[6.18592,52.530303],[6.186182,52.530672]],"type":"LineString"},"id":"5f94acb3-9f0c-5cd1-8b40-bb35516c8831","properties":{"ASSET_KIND":"official_transmission_line","EVIDENCE":"official","GEOMETRY_CONFIDENCE":"official-top10nl-1:10000-rounded-6dp-no-simplification","HEIGHT_LEVEL":0,"LOCAL_ID":"129851227","MUTATION_TYPE":null,"NAME":null,"NAMESPACE":"NL.TOP10NL","NUMBER":null,"OBJECT_BEGIN_DATE":"2017-02-01","ORIGINAL_ID":"5f94acb3-9f0c-5cd1-8b40-bb35516c8831","REGION_KEY":"netherlands","REGISTRATION_DATE":"2019-02-01","SOURCE_ACCURACY_M":0.1,"SOURCE_DATE":"2026-06-01","SOURCE_FEATURE_DATE":"2018-01-01","SOURCE_ID":"nl-kadaster-top10nl-high-voltage-2026-06","SOURCE_LICENSE":"CC BY 4.0","SOURCE_METHOD":"luchtfoto","SOURCE_URL":"https://api.pdok.nl/kadaster/brt-top10nl/ogc/v1","TOP10NL_CODE":481,"TOP10NL_TYPE":"hoogspanningsleiding","VISUALISATION_CODE":15210,"VOLTAGE_KV":null},"type":"Feature"},{"geometry":{"coordinates":[[5.811135,52.618028],[5.811621,52.618118],[5.811618,52.620283],[5.811649,52.622709],[5.811665,52.625223],[5.81175,52.628253],[5.81184,52.630935],[5.811882,52.633641],[5.811943,52.636749],[5.811967,52.639194],[5.81203,52.641659],[5.812019,52.644583],[5.812031,52.647444],[5.812069,52.65061],[5.812092,52.653809],[5.812139,52.657004],[5.812177,52.660102],[5.813312,52.663186],[5.814462,52.666266],[5.815425,52.668838],[5.816396,52.671387],[5.817532,52.674447],[5.818659,52.677531],[5.819826,52.680576],[5.820991,52.683664],[5.8212,52.686787],[5.821384,52.689309],[5.821576,52.691826],[5.821791,52.694271],[5.822003,52.697195],[5.822206,52.700108],[5.822442,52.703031],[5.822654,52.70593],[5.822865,52.708767],[5.823112,52.71196],[5.823342,52.715135],[5.823588,52.71828],[5.825542,52.720284],[5.827842,52.7226],[5.830094,52.724907],[5.832402,52.727208],[5.834687,52.729539],[5.836972,52.731845],[5.839233,52.734166],[5.841542,52.736487],[5.843811,52.738779],[5.846081,52.741095],[5.84864,52.743681],[5.851297,52.746386],[5.853966,52.748715],[5.856636,52.751121],[5.859113,52.753359],[5.861607,52.755601],[5.864093,52.75781],[5.867005,52.76041],[5.869909,52.763042],[5.872408,52.765274],[5.871214,52.768269],[5.869987,52.771214],[5.868751,52.774222],[5.867514,52.777192],[5.866267,52.780187],[5.865255,52.782603],[5.864008,52.785674],[5.86274,52.788721],[5.861471,52.79178],[5.860203,52.794839],[5.858945,52.797866],[5.857912,52.800428],[5.856805,52.802951],[5.855783,52.805507],[5.854534,52.808502],[5.855665,52.811125],[5.856721,52.813685],[5.857937,52.816397],[5.859038,52.819148],[5.860233,52.821904],[5.861386,52.824604],[5.861863,52.825702],[5.862033,52.826094],[5.862112,52.826275],[5.862371,52.826873],[5.862571,52.827335],[5.862602,52.827407],[5.862796,52.827862],[5.863736,52.830066],[5.8649,52.832797],[5.866044,52.835547],[5.86724,52.838272],[5.868394,52.841035],[5.869559,52.843753],[5.87285,52.845839],[5.876141,52.847856],[5.879486,52.849973],[5.882777,52.852034],[5.88608,52.854113],[5.889352,52.85618],[5.892866,52.858328],[5.894729,52.859466],[5.898341,52.86176],[5.901836,52.863959],[5.905426,52.866214],[5.909038,52.868483],[5.912407,52.870568],[5.915978,52.872823],[5.919537,52.875034],[5.921012,52.877827],[5.922434,52.880594],[5.923931,52.88347],[5.925397,52.886301],[5.926873,52.889151],[5.92832,52.891897],[5.929741,52.894651],[5.930913,52.896938],[5.932367,52.899723],[5.933798,52.902426],[5.932182,52.904399],[5.930533,52.906385],[5.928759,52.908526],[5.92688,52.910808],[5.925002,52.913083],[5.923039,52.91541],[5.921066,52.917833],[5.919051,52.920256],[5.917025,52.922673],[5.915041,52.92509],[5.912983,52.927539],[5.910999,52.929968],[5.909003,52.932391],[5.906987,52.934833],[5.904983,52.937229],[5.90308,52.93875],[5.900508,52.940829],[5.897914,52.942909],[5.89533,52.944995],[5.892704,52.947049],[5.89012,52.949141],[5.887546,52.951213],[5.885739,52.952636],[5.883501,52.954445],[5.881609,52.956829],[5.879611,52.959283],[5.877636,52.961814],[5.875826,52.964057],[5.874242,52.966573],[5.872657,52.969026],[5.87102,52.971585],[5.870076,52.972115]],"type":"LineString"},"id":"603223e4-2c0f-58ee-b3c3-de0a2a19afec","properties":{"ASSET_KIND":"official_transmission_line","EVIDENCE":"official","GEOMETRY_CONFIDENCE":"official-top10nl-1:10000-rounded-6dp-no-simplification","HEIGHT_LEVEL":0,"LOCAL_ID":"130362514","MUTATION_TYPE":null,"NAME":null,"NAMESPACE":"NL.TOP10NL","NUMBER":null,"OBJECT_BEGIN_DATE":"2018-02-01","ORIGINAL_ID":"603223e4-2c0f-58ee-b3c3-de0a2a19afec","REGION_KEY":"netherlands","REGISTRATION_DATE":"2019-02-01","SOURCE_ACCURACY_M":0.1,"SOURCE_DATE":"2026-06-01","SOURCE_FEATURE_DATE":"2018-01-01","SOURCE_ID":"nl-kadaster-top10nl-high-voltage-2026-06","SOURCE_LICENSE":"CC BY 4.0","SOURCE_METHOD":"luchtfoto","SOURCE_URL":"https://api.pdok.nl/kadaster/brt-top10nl/ogc/v1","TOP10NL_CODE":481,"TOP10NL_TYPE":"hoogspanningsleiding","VISUALISATION_CODE":15210,"VOLTAGE_KV":null},"type":"Feature"},{"geometry":{"coordinates":[[5.964981,50.900538],[5.96627,50.90126]],"type":"LineString"},"id":"61b90e70-c70f-52df-9202-d1d877a131b1","properties":{"ASSET_KIND":"official_transmission_line","EVIDENCE":"official","GEOMETRY_CONFIDENCE":"official-top10nl-1:10000-rounded-6dp-no-simplification","HEIGHT_LEVEL":0,"LOCAL_ID":"103194901","MUTATION_TYPE":null,"NAME":null,"NAMESPACE":"NL.TOP10NL","NUMBER":null,"OBJECT_BEGIN_DATE":"2008-11-24","ORIGINAL_ID":"61b90e70-c70f-52df-9202-d1d877a131b1","REGION_KEY":"netherlands","REGISTRATION_DATE":"2019-02-01","SOURCE_ACCURACY_M":0.1,"SOURCE_DATE":"2026-06-01","SOURCE_FEATURE_DATE":"2018-01-01","SOURCE_ID":"nl-kadaster-top10nl-high-voltage-2026-06","SOURCE_LICENSE":"CC BY 4.0","SOURCE_METHOD":"luchtfoto","SOURCE_URL":"https://api.pdok.nl/kadaster/brt-top10nl/ogc/v1","TOP10NL_CODE":481,"TOP10NL_TYPE":"hoogspanningsleiding","VISUALISATION_CODE":15210,"VOLTAGE_KV":null},"type":"Feature"},{"geometry":{"coordinates":[[4.67556,51.848624],[4.676112,51.848318],[4.680006,51.848732],[4.684129,51.846949],[4.688643,51.845002],[4.692572,51.843763],[4.696538,51.842495],[4.700261,51.841346],[4.705179,51.84017],[4.71032,51.838955],[4.71374,51.838165],[4.716274,51.837569],[4.716526,51.837509],[4.717109,51.837372],[4.717783,51.837213],[4.717253,51.836066],[4.717243,51.835835],[4.717242,51.835796],[4.71724,51.835752],[4.717237,51.835676],[4.717235,51.835626],[4.717232,51.835549],[4.717231,51.83552],[4.71723,51.835492],[4.717229,51.835472],[4.717228,51.835442],[4.717226,51.835402],[4.717213,51.835083],[4.717163,51.833821],[4.716946,51.829176],[4.716756,51.824393],[4.712963,51.821179],[4.712805,51.818223],[4.7128,51.818048]],"type":"LineString"},"id":"623ab486-bcf8-59c5-8c73-1722d8a3785e","properties":{"ASSET_KIND":"official_transmission_line","EVIDENCE":"official","GEOMETRY_CONFIDENCE":"official-top10nl-1:10000-rounded-6dp-no-simplification","HEIGHT_LEVEL":0,"LOCAL_ID":"122082975","MUTATION_TYPE":null,"NAME":null,"NAMESPACE":"NL.TOP10NL","NUMBER":null,"OBJECT_BEGIN_DATE":"2011-08-25","ORIGINAL_ID":"623ab486-bcf8-59c5-8c73-1722d8a3785e","REGION_KEY":"netherlands","REGISTRATION_DATE":"2019-02-01","SOURCE_ACCURACY_M":0.1,"SOURCE_DATE":"2026-06-01","SOURCE_FEATURE_DATE":"2018-01-01","SOURCE_ID":"nl-kadaster-top10nl-high-voltage-2026-06","SOURCE_LICENSE":"CC BY 4.0","SOURCE_METHOD":"luchtfoto","SOURCE_URL":"https://api.pdok.nl/kadaster/brt-top10nl/ogc/v1","TOP10NL_CODE":481,"TOP10NL_TYPE":"hoogspanningsleiding","VISUALISATION_CODE":15210,"VOLTAGE_KV":null},"type":"Feature"},{"geometry":{"coordinates":[[5.665292,52.053477],[5.665178,52.053366],[5.663723,52.052402],[5.662125,52.050667],[5.661654,52.050204],[5.660213,52.048715],[5.658766,52.047199],[5.65725,52.04564],[5.655779,52.044106],[5.654295,52.042584],[5.652514,52.040682],[5.650671,52.038761],[5.648846,52.036847],[5.64706,52.034989],[5.645252,52.03307],[5.644976,52.03233],[5.644465,52.030085],[5.643948,52.027819],[5.643448,52.025612]],"type":"LineString"},"id":"631e5ce9-22b3-5869-b3a4-42c3b02fdaec","properties":{"ASSET_KIND":"official_transmission_line","EVIDENCE":"official","GEOMETRY_CONFIDENCE":"official-top10nl-1:10000-rounded-6dp-no-simplification","HEIGHT_LEVEL":0,"LOCAL_ID":"122082911","MUTATION_TYPE":null,"NAME":null,"NAMESPACE":"NL.TOP10NL","NUMBER":null,"OBJECT_BEGIN_DATE":"2011-08-25","ORIGINAL_ID":"631e5ce9-22b3-5869-b3a4-42c3b02fdaec","REGION_KEY":"netherlands","REGISTRATION_DATE":"2019-02-01","SOURCE_ACCURACY_M":0.1,"SOURCE_DATE":"2026-06-01","SOURCE_FEATURE_DATE":"2018-01-01","SOURCE_ID":"nl-kadaster-top10nl-high-voltage-2026-06","SOURCE_LICENSE":"CC BY 4.0","SOURCE_METHOD":"luchtfoto","SOURCE_URL":"https://api.pdok.nl/kadaster/brt-top10nl/ogc/v1","TOP10NL_CODE":481,"TOP10NL_TYPE":"hoogspanningsleiding","VISUALISATION_CODE":15210,"VOLTAGE_KV":null},"type":"Feature"},{"geometry":{"coordinates":[[4.308065,52.015793],[4.307307,52.016063]],"type":"LineString"},"id":"63a9a17c-bba6-597a-aa80-c67398532a62","properties":{"ASSET_KIND":"official_transmission_line","EVIDENCE":"official","GEOMETRY_CONFIDENCE":"official-top10nl-1:10000-rounded-6dp-no-simplification","HEIGHT_LEVEL":0,"LOCAL_ID":"128800228","MUTATION_TYPE":null,"NAME":null,"NAMESPACE":"NL.TOP10NL","NUMBER":null,"OBJECT_BEGIN_DATE":"2015-08-30","ORIGINAL_ID":"63a9a17c-bba6-597a-aa80-c67398532a62","REGION_KEY":"netherlands","REGISTRATION_DATE":"2015-08-30","SOURCE_ACCURACY_M":0.1,"SOURCE_DATE":"2026-06-01","SOURCE_FEATURE_DATE":"2014-01-01","SOURCE_ID":"nl-kadaster-top10nl-high-voltage-2026-06","SOURCE_LICENSE":"CC BY 4.0","SOURCE_METHOD":"luchtfoto","SOURCE_URL":"https://api.pdok.nl/kadaster/brt-top10nl/ogc/v1","TOP10NL_CODE":481,"TOP10NL_TYPE":"hoogspanningsleiding","VISUALISATION_CODE":15210,"VOLTAGE_KV":null},"type":"Feature"},{"geometry":{"coordinates":[[5.966509,50.90105],[5.965165,50.900448],[5.966085,50.899418]],"type":"LineString"},"id":"640a305a-d1cf-541d-81f4-c8556386a3ae","properties":{"ASSET_KIND":"official_transmission_line","EVIDENCE":"official","GEOMETRY_CONFIDENCE":"official-top10nl-1:10000-rounded-6dp-no-simplification","HEIGHT_LEVEL":0,"LOCAL_ID":"122082994","MUTATION_TYPE":null,"NAME":null,"NAMESPACE":"NL.TOP10NL","NUMBER":null,"OBJECT_BEGIN_DATE":"2011-08-25","ORIGINAL_ID":"640a305a-d1cf-541d-81f4-c8556386a3ae","REGION_KEY":"netherlands","REGISTRATION_DATE":"2019-02-01","SOURCE_ACCURACY_M":0.1,"SOURCE_DATE":"2026-06-01","SOURCE_FEATURE_DATE":"2018-01-01","SOURCE_ID":"nl-kadaster-top10nl-high-voltage-2026-06","SOURCE_LICENSE":"CC BY 4.0","SOURCE_METHOD":"luchtfoto","SOURCE_URL":"https://api.pdok.nl/kadaster/brt-top10nl/ogc/v1","TOP10NL_CODE":481,"TOP10NL_TYPE":"hoogspanningsleiding","VISUALISATION_CODE":15210,"VOLTAGE_KV":null},"type":"Feature"},{"geometry":{"coordinates":[[5.998199,52.882262],[5.998007,52.882388],[5.996494,52.883982],[5.994988,52.885491],[5.994842,52.885636],[5.994648,52.88583],[5.994538,52.885943],[5.994493,52.88599],[5.994455,52.886028],[5.99348,52.887027],[5.993385,52.887124],[5.992815,52.887708],[5.992264,52.888271],[5.990991,52.889573],[5.986959,52.890483],[5.982906,52.89142],[5.978895,52.892349],[5.974853,52.893297],[5.970799,52.894233],[5.966777,52.895162],[5.962723,52.89611],[5.958701,52.897032],[5.954689,52.897974],[5.950603,52.898909],[5.946559,52.89985],[5.942515,52.900797],[5.93846,52.901725],[5.934426,52.902634],[5.932788,52.904608],[5.931171,52.906562],[5.929365,52.908734],[5.927508,52.911023],[5.925619,52.913285],[5.923687,52.915593],[5.921715,52.918016],[5.919689,52.920446],[5.917653,52.922888],[5.915658,52.925305],[5.913663,52.927715],[5.911647,52.930164],[5.909599,52.932593],[5.907604,52.935016],[5.905598,52.937452],[5.903687,52.938997],[5.901115,52.941102],[5.898532,52.943194],[5.895981,52.945293],[5.893407,52.947347],[5.890824,52.949464],[5.888292,52.95155],[5.886517,52.952972],[5.884321,52.954762],[5.882428,52.957062],[5.880388,52.95951],[5.878338,52.962035],[5.876475,52.964259],[5.875039,52.966743],[5.873572,52.969221],[5.872135,52.971684],[5.871919,52.972365]],"type":"LineString"},"id":"6425334a-7fd8-5607-b765-f685b3a1b572","properties":{"ASSET_KIND":"official_transmission_line","EVIDENCE":"official","GEOMETRY_CONFIDENCE":"official-top10nl-1:10000-rounded-6dp-no-simplification","HEIGHT_LEVEL":0,"LOCAL_ID":"122083208","MUTATION_TYPE":null,"NAME":null,"NAMESPACE":"NL.TOP10NL","NUMBER":null,"OBJECT_BEGIN_DATE":"2011-08-25","ORIGINAL_ID":"6425334a-7fd8-5607-b765-f685b3a1b572","REGION_KEY":"netherlands","REGISTRATION_DATE":"2019-02-01","SOURCE_ACCURACY_M":0.1,"SOURCE_DATE":"2026-06-01","SOURCE_FEATURE_DATE":"2018-01-01","SOURCE_ID":"nl-kadaster-top10nl-high-voltage-2026-06","SOURCE_LICENSE":"CC BY 4.0","SOURCE_METHOD":"luchtfoto","SOURCE_URL":"https://api.pdok.nl/kadaster/brt-top10nl/ogc/v1","TOP10NL_CODE":481,"TOP10NL_TYPE":"hoogspanningsleiding","VISUALISATION_CODE":15210,"VOLTAGE_KV":null},"type":"Feature"},{"geometry":{"coordinates":[[4.440827,52.131596],[4.440881,52.13166],[4.442726,52.133263],[4.445702,52.135829],[4.44844,52.138219],[4.450815,52.140564],[4.453227,52.142978],[4.456272,52.146036],[4.459045,52.148786],[4.4611,52.150423],[4.461287,52.150544]],"type":"LineString"},"id":"64edf7d8-c682-5c81-9d12-03436898e8db","properties":{"ASSET_KIND":"official_transmission_line","EVIDENCE":"official","GEOMETRY_CONFIDENCE":"official-top10nl-1:10000-rounded-6dp-no-simplification","HEIGHT_LEVEL":0,"LOCAL_ID":"122083165","MUTATION_TYPE":null,"NAME":null,"NAMESPACE":"NL.TOP10NL","NUMBER":null,"OBJECT_BEGIN_DATE":"2011-08-25","ORIGINAL_ID":"64edf7d8-c682-5c81-9d12-03436898e8db","REGION_KEY":"netherlands","REGISTRATION_DATE":"2019-02-01","SOURCE_ACCURACY_M":0.1,"SOURCE_DATE":"2026-06-01","SOURCE_FEATURE_DATE":"2018-01-01","SOURCE_ID":"nl-kadaster-top10nl-high-voltage-2026-06","SOURCE_LICENSE":"CC BY 4.0","SOURCE_METHOD":"luchtfoto","SOURCE_URL":"https://api.pdok.nl/kadaster/brt-top10nl/ogc/v1","TOP10NL_CODE":481,"TOP10NL_TYPE":"hoogspanningsleiding","VISUALISATION_CODE":15210,"VOLTAGE_KV":null},"type":"Feature"},{"geometry":{"coordinates":[[6.830872,52.213873],[6.830883,52.213568],[6.830736,52.213381]],"type":"LineString"},"id":"6580f200-1689-54eb-8b77-204fc7d656f5","properties":{"ASSET_KIND":"official_transmission_line","EVIDENCE":"official","GEOMETRY_CONFIDENCE":"official-top10nl-1:10000-rounded-6dp-no-simplification","HEIGHT_LEVEL":0,"LOCAL_ID":"122083158","MUTATION_TYPE":null,"NAME":null,"NAMESPACE":"NL.TOP10NL","NUMBER":null,"OBJECT_BEGIN_DATE":"2011-08-25","ORIGINAL_ID":"6580f200-1689-54eb-8b77-204fc7d656f5","REGION_KEY":"netherlands","REGISTRATION_DATE":"2019-02-01","SOURCE_ACCURACY_M":0.1,"SOURCE_DATE":"2026-06-01","SOURCE_FEATURE_DATE":"2018-01-01","SOURCE_ID":"nl-kadaster-top10nl-high-voltage-2026-06","SOURCE_LICENSE":"CC BY 4.0","SOURCE_METHOD":"luchtfoto","SOURCE_URL":"https://api.pdok.nl/kadaster/brt-top10nl/ogc/v1","TOP10NL_CODE":481,"TOP10NL_TYPE":"hoogspanningsleiding","VISUALISATION_CODE":15210,"VOLTAGE_KV":null},"type":"Feature"},{"geometry":{"coordinates":[[4.926882,51.646693],[4.928039,51.646185],[4.931048,51.644907],[4.934063,51.643657],[4.937054,51.642397],[4.940018,51.641139],[4.942998,51.639878],[4.945966,51.638625],[4.948952,51.637364],[4.952005,51.636075],[4.954939,51.634842],[4.957919,51.633588],[4.960909,51.63233],[4.963882,51.631068],[4.966855,51.629807],[4.96984,51.628549],[4.972841,51.627284],[4.975808,51.626026],[4.978809,51.62475],[4.98177,51.623509],[4.98477,51.622241],[4.987748,51.620986],[4.990719,51.619741],[4.993725,51.618462],[4.996702,51.61721],[4.999679,51.615937],[5.002542,51.614742],[5.00575,51.613656],[5.008985,51.612567],[5.012062,51.61153],[5.015035,51.610543],[5.015778,51.608335],[5.016475,51.606142],[5.017737,51.604057],[5.019011,51.601943],[5.022097,51.600952],[5.02531,51.599911],[5.025536,51.599506]],"type":"LineString"},"id":"65be00f9-0b3e-55e1-82b1-beec4859a66e","properties":{"ASSET_KIND":"official_transmission_line","EVIDENCE":"official","GEOMETRY_CONFIDENCE":"official-top10nl-1:10000-rounded-6dp-no-simplification","HEIGHT_LEVEL":0,"LOCAL_ID":"122082914","MUTATION_TYPE":null,"NAME":null,"NAMESPACE":"NL.TOP10NL","NUMBER":null,"OBJECT_BEGIN_DATE":"2011-08-25","ORIGINAL_ID":"65be00f9-0b3e-55e1-82b1-beec4859a66e","REGION_KEY":"netherlands","REGISTRATION_DATE":"2019-02-01","SOURCE_ACCURACY_M":0.1,"SOURCE_DATE":"2026-06-01","SOURCE_FEATURE_DATE":"2018-01-01","SOURCE_ID":"nl-kadaster-top10nl-high-voltage-2026-06","SOURCE_LICENSE":"CC BY 4.0","SOURCE_METHOD":"luchtfoto","SOURCE_URL":"https://api.pdok.nl/kadaster/brt-top10nl/ogc/v1","TOP10NL_CODE":481,"TOP10NL_TYPE":"hoogspanningsleiding","VISUALISATION_CODE":15210,"VOLTAGE_KV":null},"type":"Feature"},{"geometry":{"coordinates":[[6.260032,53.013982],[6.259796,53.014951],[6.258837,53.01696],[6.257885,53.018973],[6.255287,53.02046],[6.252651,53.021939],[6.250016,53.023434],[6.247423,53.024905],[6.244793,53.026396],[6.242212,53.027863],[6.23965,53.029323],[6.237075,53.030783],[6.234513,53.032265],[6.231894,53.033714],[6.229319,53.035181],[6.226805,53.036607],[6.224192,53.038097],[6.221586,53.039572],[6.21901,53.041072],[6.216429,53.042581],[6.213829,53.044108],[6.211265,53.045582],[6.208664,53.047113],[6.206786,53.04821],[6.206113,53.048602],[6.205087,53.049199],[6.20353,53.050103],[6.201955,53.051021],[6.200898,53.051638],[6.198272,53.053172],[6.195912,53.05454],[6.193322,53.056051],[6.190757,53.057529],[6.188223,53.059021],[6.185658,53.060514],[6.183092,53.061995],[6.180521,53.063491],[6.177974,53.064991],[6.175395,53.066472],[6.172835,53.067957],[6.170269,53.069449],[6.170061,53.06957],[6.168126,53.070695],[6.167696,53.070945],[6.167578,53.071014],[6.167515,53.071051],[6.167464,53.071081],[6.165307,53.072338],[6.165092,53.072464],[6.163478,53.07272],[6.163292,53.072749],[6.161727,53.072997],[6.158312,53.073535],[6.154885,53.074076],[6.151444,53.074622],[6.148054,53.075144],[6.144607,53.0757],[6.141217,53.07623],[6.137932,53.076762],[6.134667,53.077328],[6.131351,53.077868],[6.127986,53.078424],[6.125125,53.078901],[6.121834,53.079448],[6.118755,53.079956],[6.115427,53.080507],[6.112117,53.081061],[6.108751,53.08162],[6.105448,53.08217],[6.101938,53.082756],[6.098672,53.083295],[6.095374,53.083841],[6.092057,53.084395],[6.088722,53.084949],[6.085411,53.085492],[6.08288,53.087038],[6.080434,53.088539],[6.078162,53.089945],[6.075828,53.091351],[6.073537,53.092757],[6.072392,53.093459],[6.072166,53.093598],[6.072114,53.093629],[6.071878,53.093774],[6.0718,53.093822],[6.071766,53.093843],[6.071461,53.09403],[6.071159,53.094215],[6.071042,53.094289],[6.069387,53.095323],[6.068806,53.095685],[6.068793,53.096692],[6.068792,53.096737],[6.068792,53.096748],[6.06879,53.096961],[6.068789,53.097037],[6.068788,53.097071],[6.068787,53.097177],[6.068783,53.097428],[6.068779,53.097761],[6.068779,53.09779],[6.068778,53.09782],[6.068773,53.098257],[6.068772,53.098285],[6.068772,53.098301],[6.068762,53.0991],[6.068761,53.099137],[6.068761,53.099163],[6.06876,53.099529],[6.06876,53.099542],[6.06876,53.099549],[6.068757,53.100657],[6.068757,53.100669],[6.068757,53.100685],[6.068756,53.100868],[6.068739,53.102182],[6.068734,53.102615],[6.068713,53.104903],[6.068683,53.106973],[6.068696,53.107143]],"type":"LineString"},"id":"661d3021-4ff5-5ff0-aba3-9bec57a9307a","properties":{"ASSET_KIND":"official_transmission_line","EVIDENCE":"official","GEOMETRY_CONFIDENCE":"official-top10nl-1:10000-rounded-6dp-no-simplification","HEIGHT_LEVEL":0,"LOCAL_ID":"128298716","MUTATION_TYPE":null,"NAME":null,"NAMESPACE":"NL.TOP10NL","NUMBER":null,"OBJECT_BEGIN_DATE":"2015-01-24","ORIGINAL_ID":"661d3021-4ff5-5ff0-aba3-9bec57a9307a","REGION_KEY":"netherlands","REGISTRATION_DATE":"2019-02-01","SOURCE_ACCURACY_M":0.1,"SOURCE_DATE":"2026-06-01","SOURCE_FEATURE_DATE":"2018-01-01","SOURCE_ID":"nl-kadaster-top10nl-high-voltage-2026-06","SOURCE_LICENSE":"CC BY 4.0","SOURCE_METHOD":"luchtfoto","SOURCE_URL":"https://api.pdok.nl/kadaster/brt-top10nl/ogc/v1","TOP10NL_CODE":481,"TOP10NL_TYPE":"hoogspanningsleiding","VISUALISATION_CODE":15210,"VOLTAGE_KV":null},"type":"Feature"},{"geometry":{"coordinates":[[6.111198,52.469412],[6.111638,52.469609],[6.112578,52.470587],[6.115345,52.471057],[6.11999,52.471878],[6.124539,52.471998],[6.129205,52.472118],[6.13407,52.473446],[6.137516,52.475055],[6.141429,52.476888],[6.145665,52.47887],[6.147583,52.479772],[6.150275,52.482446],[6.152957,52.48513],[6.155634,52.487814],[6.157935,52.490116],[6.160248,52.492399],[6.162555,52.494708],[6.164422,52.496609],[6.166501,52.499485],[6.167981,52.501538],[6.170066,52.504414],[6.17209,52.507218],[6.174088,52.510012],[6.176108,52.512823],[6.178144,52.515613],[6.180175,52.51842],[6.182023,52.520997],[6.183665,52.523263],[6.185702,52.526087],[6.187601,52.528712],[6.187907,52.529155],[6.187314,52.530341]],"type":"LineString"},"id":"66ee2601-f31a-5809-8c95-f98665a31317","properties":{"ASSET_KIND":"official_transmission_line","EVIDENCE":"official","GEOMETRY_CONFIDENCE":"official-top10nl-1:10000-rounded-6dp-no-simplification","HEIGHT_LEVEL":0,"LOCAL_ID":"131360748","MUTATION_TYPE":"werkelijke verandering","NAME":null,"NAMESPACE":"NL.TOP10NL","NUMBER":null,"OBJECT_BEGIN_DATE":"2021-04-01","ORIGINAL_ID":"66ee2601-f31a-5809-8c95-f98665a31317","REGION_KEY":"netherlands","REGISTRATION_DATE":"2021-04-01","SOURCE_ACCURACY_M":0.1,"SOURCE_DATE":"2026-06-01","SOURCE_FEATURE_DATE":"2020-01-01","SOURCE_ID":"nl-kadaster-top10nl-high-voltage-2026-06","SOURCE_LICENSE":"CC BY 4.0","SOURCE_METHOD":"luchtfoto","SOURCE_URL":"https://api.pdok.nl/kadaster/brt-top10nl/ogc/v1","TOP10NL_CODE":481,"TOP10NL_TYPE":"hoogspanningsleiding","VISUALISATION_CODE":15210,"VOLTAGE_KV":null},"type":"Feature"},{"geometry":{"coordinates":[[5.624703,52.040585],[5.62452,52.039696],[5.624114,52.036966],[5.623594,52.033814],[5.623136,52.030706],[5.622656,52.027557],[5.622193,52.024408],[5.621712,52.02126],[5.621226,52.018096],[5.620842,52.014959],[5.620452,52.011825],[5.62008,52.008706],[5.61969,52.005557],[5.619307,52.002508],[5.618935,51.999419],[5.618534,51.996348],[5.618151,51.99327],[5.62019,51.990369],[5.62221,51.987491],[5.624213,51.98459],[5.626227,51.981704],[5.628241,51.978814],[5.630254,51.975932],[5.632268,51.973039],[5.634298,51.970126],[5.6351,51.96703],[5.635869,51.964054],[5.636675,51.960947],[5.637399,51.958042],[5.638209,51.954916],[5.641946,51.952673],[5.645544,51.95049],[5.649286,51.948202],[5.652491,51.945748],[5.655701,51.943264],[5.65799,51.941593],[5.660751,51.939504],[5.663966,51.937065],[5.667158,51.934636],[5.670396,51.93221],[5.671155,51.929787],[5.671332,51.929517]],"type":"LineString"},"id":"66f4a62d-1218-53a7-bfa2-f91e7f15b154","properties":{"ASSET_KIND":"official_transmission_line","EVIDENCE":"official","GEOMETRY_CONFIDENCE":"official-top10nl-1:10000-rounded-6dp-no-simplification","HEIGHT_LEVEL":0,"LOCAL_ID":"130390335","MUTATION_TYPE":null,"NAME":null,"NAMESPACE":"NL.TOP10NL","NUMBER":null,"OBJECT_BEGIN_DATE":"2018-02-01","ORIGINAL_ID":"66f4a62d-1218-53a7-bfa2-f91e7f15b154","REGION_KEY":"netherlands","REGISTRATION_DATE":"2019-02-01","SOURCE_ACCURACY_M":0.1,"SOURCE_DATE":"2026-06-01","SOURCE_FEATURE_DATE":"2018-01-01","SOURCE_ID":"nl-kadaster-top10nl-high-voltage-2026-06","SOURCE_LICENSE":"CC BY 4.0","SOURCE_METHOD":"luchtfoto","SOURCE_URL":"https://api.pdok.nl/kadaster/brt-top10nl/ogc/v1","TOP10NL_CODE":481,"TOP10NL_TYPE":"hoogspanningsleiding","VISUALISATION_CODE":15210,"VOLTAGE_KV":null},"type":"Feature"},{"geometry":{"coordinates":[[6.111532,52.468978],[6.112225,52.469336],[6.113685,52.469598],[6.115844,52.469997],[6.117981,52.470364],[6.120198,52.470415],[6.122446,52.470478],[6.124747,52.470515],[6.127027,52.470572],[6.129286,52.470635],[6.131491,52.470686],[6.133166,52.471152],[6.13481,52.471625],[6.136804,52.472237],[6.138941,52.472872],[6.140897,52.473448],[6.142944,52.474054],[6.144991,52.474679],[6.147037,52.475265],[6.149084,52.475877]],"type":"LineString"},"id":"69a21d86-15d5-5e1d-86dc-c526752809ca","properties":{"ASSET_KIND":"official_transmission_line","EVIDENCE":"official","GEOMETRY_CONFIDENCE":"official-top10nl-1:10000-rounded-6dp-no-simplification","HEIGHT_LEVEL":0,"LOCAL_ID":"122083362","MUTATION_TYPE":null,"NAME":null,"NAMESPACE":"NL.TOP10NL","NUMBER":null,"OBJECT_BEGIN_DATE":"2011-08-25","ORIGINAL_ID":"69a21d86-15d5-5e1d-86dc-c526752809ca","REGION_KEY":"netherlands","REGISTRATION_DATE":"2019-02-01","SOURCE_ACCURACY_M":0.1,"SOURCE_DATE":"2026-06-01","SOURCE_FEATURE_DATE":"2018-01-01","SOURCE_ID":"nl-kadaster-top10nl-high-voltage-2026-06","SOURCE_LICENSE":"CC BY 4.0","SOURCE_METHOD":"luchtfoto","SOURCE_URL":"https://api.pdok.nl/kadaster/brt-top10nl/ogc/v1","TOP10NL_CODE":481,"TOP10NL_TYPE":"hoogspanningsleiding","VISUALISATION_CODE":15210,"VOLTAGE_KV":null},"type":"Feature"},{"geometry":{"coordinates":[[5.540156,52.576591],[5.539741,52.576803]],"type":"LineString"},"id":"6a103c25-8c68-5a6e-8d06-45b9ac1d1fbf","properties":{"ASSET_KIND":"official_transmission_line","EVIDENCE":"official","GEOMETRY_CONFIDENCE":"official-top10nl-1:10000-rounded-6dp-no-simplification","HEIGHT_LEVEL":0,"LOCAL_ID":"131103015","MUTATION_TYPE":"kwaliteitsverbetering","NAME":null,"NAMESPACE":"NL.TOP10NL","NUMBER":null,"OBJECT_BEGIN_DATE":"2020-04-01","ORIGINAL_ID":"6a103c25-8c68-5a6e-8d06-45b9ac1d1fbf","REGION_KEY":"netherlands","REGISTRATION_DATE":"2020-04-01","SOURCE_ACCURACY_M":0.1,"SOURCE_DATE":"2026-06-01","SOURCE_FEATURE_DATE":"2019-01-01","SOURCE_ID":"nl-kadaster-top10nl-high-voltage-2026-06","SOURCE_LICENSE":"CC BY 4.0","SOURCE_METHOD":"luchtfoto","SOURCE_URL":"https://api.pdok.nl/kadaster/brt-top10nl/ogc/v1","TOP10NL_CODE":481,"TOP10NL_TYPE":"hoogspanningsleiding","VISUALISATION_CODE":15210,"VOLTAGE_KV":null},"type":"Feature"},{"geometry":{"coordinates":[[5.835148,51.858546],[5.835281,51.858776],[5.835475,51.858936],[5.838878,51.861752],[5.839373,51.862162],[5.840259,51.862894],[5.840411,51.86302],[5.840432,51.863038],[5.840452,51.863055],[5.84048,51.863077],[5.840564,51.863147],[5.841631,51.864033],[5.843003,51.865172],[5.842978,51.86583],[5.842976,51.865889],[5.842974,51.865935],[5.842928,51.867173],[5.842004,51.867868],[5.841959,51.867902],[5.839877,51.869466],[5.839634,51.869649],[5.838828,51.870256],[5.838712,51.870344],[5.838485,51.870515],[5.838344,51.87062],[5.838305,51.87065],[5.838266,51.870679],[5.838225,51.87071],[5.837045,51.871599],[5.83637,51.872103],[5.836185,51.872241],[5.835976,51.872398],[5.835503,51.872751],[5.834346,51.873615],[5.833269,51.874407],[5.832169,51.875217],[5.829469,51.877232],[5.826662,51.879241],[5.823877,51.88146],[5.821068,51.883552],[5.818367,51.885555],[5.815699,51.887563],[5.812936,51.889575],[5.81012,51.891633],[5.807121,51.893801],[5.805077,51.895337],[5.80392,51.896154]],"type":"LineString"},"id":"6a7823ee-2e97-5433-b690-4e6f7dc97a10","properties":{"ASSET_KIND":"official_transmission_line","EVIDENCE":"official","GEOMETRY_CONFIDENCE":"official-top10nl-1:10000-rounded-6dp-no-simplification","HEIGHT_LEVEL":0,"LOCAL_ID":"122083109","MUTATION_TYPE":"werkelijke verandering","NAME":null,"NAMESPACE":"NL.TOP10NL","NUMBER":null,"OBJECT_BEGIN_DATE":"2011-08-25","ORIGINAL_ID":"6a7823ee-2e97-5433-b690-4e6f7dc97a10","REGION_KEY":"netherlands","REGISTRATION_DATE":"2021-04-01","SOURCE_ACCURACY_M":0.1,"SOURCE_DATE":"2026-06-01","SOURCE_FEATURE_DATE":"2020-01-01","SOURCE_ID":"nl-kadaster-top10nl-high-voltage-2026-06","SOURCE_LICENSE":"CC BY 4.0","SOURCE_METHOD":"luchtfoto","SOURCE_URL":"https://api.pdok.nl/kadaster/brt-top10nl/ogc/v1","TOP10NL_CODE":481,"TOP10NL_TYPE":"hoogspanningsleiding","VISUALISATION_CODE":15210,"VOLTAGE_KV":null},"type":"Feature"},{"geometry":{"coordinates":[[5.8731,51.883003],[5.874842,51.883916],[5.877792,51.885483],[5.880839,51.887045],[5.883878,51.888611],[5.886878,51.890219],[5.888617,51.891975],[5.89046,51.893762],[5.892223,51.895544],[5.893809,51.897115],[5.895807,51.899099],[5.897049,51.900354],[5.899556,51.902894],[5.899768,51.903095],[5.90169,51.905043],[5.903984,51.907352],[5.905332,51.909611],[5.906702,51.911866],[5.907313,51.912847],[5.906878,51.913043]],"type":"LineString"},"id":"6ab62c57-beab-5ca4-a3b0-13eb31a9a622","properties":{"ASSET_KIND":"official_transmission_line","EVIDENCE":"official","GEOMETRY_CONFIDENCE":"official-top10nl-1:10000-rounded-6dp-no-simplification","HEIGHT_LEVEL":0,"LOCAL_ID":"124489362","MUTATION_TYPE":null,"NAME":null,"NAMESPACE":"NL.TOP10NL","NUMBER":null,"OBJECT_BEGIN_DATE":"2012-06-01","ORIGINAL_ID":"6ab62c57-beab-5ca4-a3b0-13eb31a9a622","REGION_KEY":"netherlands","REGISTRATION_DATE":"2019-02-01","SOURCE_ACCURACY_M":0.1,"SOURCE_DATE":"2026-06-01","SOURCE_FEATURE_DATE":"2018-01-01","SOURCE_ID":"nl-kadaster-top10nl-high-voltage-2026-06","SOURCE_LICENSE":"CC BY 4.0","SOURCE_METHOD":"luchtfoto","SOURCE_URL":"https://api.pdok.nl/kadaster/brt-top10nl/ogc/v1","TOP10NL_CODE":481,"TOP10NL_TYPE":"hoogspanningsleiding","VISUALISATION_CODE":15210,"VOLTAGE_KV":null},"type":"Feature"},{"geometry":{"coordinates":[[6.469827,52.253362],[6.470049,52.25424],[6.469806,52.257391],[6.469571,52.260531],[6.469345,52.263676],[6.467296,52.266245],[6.465435,52.268589],[6.463457,52.271002],[6.461352,52.273705],[6.461641,52.276613],[6.461975,52.27965],[6.46226,52.282368],[6.464093,52.285117],[6.465946,52.287939],[6.467825,52.290781],[6.469756,52.293721],[6.471687,52.296609],[6.473619,52.299544],[6.474993,52.301683],[6.474751,52.302478]],"type":"LineString"},"id":"6b303196-e330-514f-97c4-f9996464e34e","properties":{"ASSET_KIND":"official_transmission_line","EVIDENCE":"official","GEOMETRY_CONFIDENCE":"official-top10nl-1:10000-rounded-6dp-no-simplification","HEIGHT_LEVEL":0,"LOCAL_ID":"122083212","MUTATION_TYPE":null,"NAME":null,"NAMESPACE":"NL.TOP10NL","NUMBER":null,"OBJECT_BEGIN_DATE":"2011-08-25","ORIGINAL_ID":"6b303196-e330-514f-97c4-f9996464e34e","REGION_KEY":"netherlands","REGISTRATION_DATE":"2019-02-01","SOURCE_ACCURACY_M":0.1,"SOURCE_DATE":"2026-06-01","SOURCE_FEATURE_DATE":"2018-01-01","SOURCE_ID":"nl-kadaster-top10nl-high-voltage-2026-06","SOURCE_LICENSE":"CC BY 4.0","SOURCE_METHOD":"luchtfoto","SOURCE_URL":"https://api.pdok.nl/kadaster/brt-top10nl/ogc/v1","TOP10NL_CODE":481,"TOP10NL_TYPE":"hoogspanningsleiding","VISUALISATION_CODE":15210,"VOLTAGE_KV":null},"type":"Feature"},{"geometry":{"coordinates":[[6.601649,52.380578],[6.600662,52.382041],[6.599685,52.383504],[6.59871,52.384959],[6.597738,52.386419],[6.596754,52.387887],[6.595791,52.389344],[6.594809,52.390803],[6.593837,52.392266],[6.592864,52.39372],[6.591892,52.395186],[6.590823,52.396454],[6.589761,52.397721],[6.588705,52.398989],[6.587952,52.400114],[6.587939,52.400141],[6.58722,52.401624],[6.586503,52.403137],[6.585514,52.404591],[6.584541,52.406041],[6.583563,52.40749],[6.58257,52.408949],[6.581702,52.410244],[6.580711,52.411699],[6.579742,52.413149],[6.579141,52.414036],[6.578759,52.414598],[6.578319,52.415251],[6.577874,52.415909],[6.577776,52.416054],[6.576792,52.417509],[6.575813,52.41896],[6.574829,52.420414],[6.574241,52.421945],[6.573648,52.423472],[6.573079,52.424944],[6.572513,52.426413],[6.571941,52.427895],[6.571375,52.429355],[6.570776,52.43081],[6.570238,52.432297],[6.569674,52.43377],[6.569084,52.435287],[6.568499,52.436804],[6.567876,52.438303],[6.567325,52.439839],[6.566759,52.441301],[6.566195,52.442765],[6.565626,52.444223],[6.565065,52.445684],[6.566014,52.447147],[6.566654,52.447685]],"type":"LineString"},"id":"6bb59742-4438-5418-90d7-98d8e3a23105","properties":{"ASSET_KIND":"official_transmission_line","EVIDENCE":"official","GEOMETRY_CONFIDENCE":"official-top10nl-1:10000-rounded-6dp-no-simplification","HEIGHT_LEVEL":0,"LOCAL_ID":"131262991","MUTATION_TYPE":"kwaliteitsverbetering","NAME":null,"NAMESPACE":"NL.TOP10NL","NUMBER":null,"OBJECT_BEGIN_DATE":"2021-02-01","ORIGINAL_ID":"6bb59742-4438-5418-90d7-98d8e3a23105","REGION_KEY":"netherlands","REGISTRATION_DATE":"2021-02-01","SOURCE_ACCURACY_M":0.1,"SOURCE_DATE":"2026-06-01","SOURCE_FEATURE_DATE":"2019-01-01","SOURCE_ID":"nl-kadaster-top10nl-high-voltage-2026-06","SOURCE_LICENSE":"CC BY 4.0","SOURCE_METHOD":"luchtfoto","SOURCE_URL":"https://api.pdok.nl/kadaster/brt-top10nl/ogc/v1","TOP10NL_CODE":481,"TOP10NL_TYPE":"hoogspanningsleiding","VISUALISATION_CODE":15210,"VOLTAGE_KV":null},"type":"Feature"},{"geometry":{"coordinates":[[5.807403,50.943659],[5.80686,50.944276],[5.806592,50.946119],[5.806303,50.948717],[5.806072,50.950746]],"type":"LineString"},"id":"6bc17392-1308-56e0-95f2-b2d8fe709046","properties":{"ASSET_KIND":"official_transmission_line","EVIDENCE":"official","GEOMETRY_CONFIDENCE":"official-top10nl-1:10000-rounded-6dp-no-simplification","HEIGHT_LEVEL":0,"LOCAL_ID":"122083285","MUTATION_TYPE":null,"NAME":null,"NAMESPACE":"NL.TOP10NL","NUMBER":null,"OBJECT_BEGIN_DATE":"2011-08-25","ORIGINAL_ID":"6bc17392-1308-56e0-95f2-b2d8fe709046","REGION_KEY":"netherlands","REGISTRATION_DATE":"2019-02-01","SOURCE_ACCURACY_M":0.1,"SOURCE_DATE":"2026-06-01","SOURCE_FEATURE_DATE":"2018-01-01","SOURCE_ID":"nl-kadaster-top10nl-high-voltage-2026-06","SOURCE_LICENSE":"CC BY 4.0","SOURCE_METHOD":"luchtfoto","SOURCE_URL":"https://api.pdok.nl/kadaster/brt-top10nl/ogc/v1","TOP10NL_CODE":481,"TOP10NL_TYPE":"hoogspanningsleiding","VISUALISATION_CODE":15210,"VOLTAGE_KV":null},"type":"Feature"},{"geometry":{"coordinates":[[5.923508,51.147088],[5.926475,51.146302],[5.929899,51.146385],[5.933758,51.14647],[5.93761,51.146583],[5.940697,51.14839],[5.943585,51.150156],[5.945733,51.151517],[5.947929,51.152867],[5.950839,51.154674],[5.95379,51.156507],[5.953524,51.158309],[5.953335,51.159634],[5.955386,51.161094],[5.957395,51.162579],[5.959836,51.164326],[5.960526,51.165653]],"type":"LineString"},"id":"6bdaca31-514a-5b7f-b763-2bee6c489f4b","properties":{"ASSET_KIND":"official_transmission_line","EVIDENCE":"official","GEOMETRY_CONFIDENCE":"official-top10nl-1:10000-rounded-6dp-no-simplification","HEIGHT_LEVEL":0,"LOCAL_ID":"122083178","MUTATION_TYPE":null,"NAME":null,"NAMESPACE":"NL.TOP10NL","NUMBER":null,"OBJECT_BEGIN_DATE":"2011-08-25","ORIGINAL_ID":"6bdaca31-514a-5b7f-b763-2bee6c489f4b","REGION_KEY":"netherlands","REGISTRATION_DATE":"2019-02-01","SOURCE_ACCURACY_M":0.1,"SOURCE_DATE":"2026-06-01","SOURCE_FEATURE_DATE":"2018-01-01","SOURCE_ID":"nl-kadaster-top10nl-high-voltage-2026-06","SOURCE_LICENSE":"CC BY 4.0","SOURCE_METHOD":"luchtfoto","SOURCE_URL":"https://api.pdok.nl/kadaster/brt-top10nl/ogc/v1","TOP10NL_CODE":481,"TOP10NL_TYPE":"hoogspanningsleiding","VISUALISATION_CODE":15210,"VOLTAGE_KV":null},"type":"Feature"},{"geometry":{"coordinates":[[5.063769,52.104507],[5.061683,52.106179],[5.059358,52.10793],[5.055755,52.109406],[5.050783,52.111454],[5.047968,52.112636],[5.045132,52.113809],[5.041049,52.115734],[5.036959,52.11765],[5.032706,52.119512],[5.027575,52.121788],[5.02347,52.124609],[5.020757,52.126275],[5.017267,52.128501],[5.013747,52.130724]],"type":"LineString"},"id":"6bdfbb2f-36e1-537e-8c32-b43a253c5d03","properties":{"ASSET_KIND":"official_transmission_line","EVIDENCE":"official","GEOMETRY_CONFIDENCE":"official-top10nl-1:10000-rounded-6dp-no-simplification","HEIGHT_LEVEL":0,"LOCAL_ID":"122034933","MUTATION_TYPE":null,"NAME":null,"NAMESPACE":"NL.TOP10NL","NUMBER":null,"OBJECT_BEGIN_DATE":"2011-08-25","ORIGINAL_ID":"6bdfbb2f-36e1-537e-8c32-b43a253c5d03","REGION_KEY":"netherlands","REGISTRATION_DATE":"2019-02-01","SOURCE_ACCURACY_M":0.1,"SOURCE_DATE":"2026-06-01","SOURCE_FEATURE_DATE":"2018-01-01","SOURCE_ID":"nl-kadaster-top10nl-high-voltage-2026-06","SOURCE_LICENSE":"CC BY 4.0","SOURCE_METHOD":"luchtfoto","SOURCE_URL":"https://api.pdok.nl/kadaster/brt-top10nl/ogc/v1","TOP10NL_CODE":481,"TOP10NL_TYPE":"hoogspanningsleiding","VISUALISATION_CODE":15210,"VOLTAGE_KV":null},"type":"Feature"},{"geometry":{"coordinates":[[5.505828,53.182697],[5.505383,53.182703],[5.501884,53.182166],[5.500566,53.179665],[5.49971,53.178063],[5.498393,53.175587],[5.498518,53.173256],[5.498642,53.170729],[5.498773,53.168209],[5.498921,53.165674],[5.49904,53.16314],[5.499194,53.160612],[5.499325,53.158096],[5.499467,53.155579],[5.499552,53.153843],[5.499716,53.150621],[5.499824,53.148602],[5.499967,53.146146],[5.500079,53.14368],[5.500222,53.141235],[5.500626,53.138875],[5.501095,53.1361],[5.50157,53.133394],[5.502045,53.130687],[5.50249,53.128005],[5.502959,53.125288],[5.503416,53.122628],[5.503897,53.119892],[5.504348,53.1172],[5.504846,53.114415],[5.505285,53.111862],[5.505724,53.109298],[5.506164,53.106778],[5.506503,53.104809],[5.506966,53.102105],[5.507006,53.09956],[5.507064,53.096925],[5.507117,53.094298],[5.507157,53.091685],[5.507209,53.0891],[5.507232,53.086487],[5.507308,53.083909],[5.507342,53.0813],[5.507412,53.078711],[5.507447,53.076012],[5.507517,53.073481],[5.507557,53.070761],[5.507621,53.067968],[5.507649,53.065194],[5.507691,53.063361],[5.507433,53.06299]],"type":"LineString"},"id":"6ddd3fab-a943-58c4-9a3d-faf0ab00b11b","properties":{"ASSET_KIND":"official_transmission_line","EVIDENCE":"official","GEOMETRY_CONFIDENCE":"official-top10nl-1:10000-rounded-6dp-no-simplification","HEIGHT_LEVEL":0,"LOCAL_ID":"122083258","MUTATION_TYPE":null,"NAME":null,"NAMESPACE":"NL.TOP10NL","NUMBER":null,"OBJECT_BEGIN_DATE":"2011-08-25","ORIGINAL_ID":"6ddd3fab-a943-58c4-9a3d-faf0ab00b11b","REGION_KEY":"netherlands","REGISTRATION_DATE":"2019-02-01","SOURCE_ACCURACY_M":0.1,"SOURCE_DATE":"2026-06-01","SOURCE_FEATURE_DATE":"2018-01-01","SOURCE_ID":"nl-kadaster-top10nl-high-voltage-2026-06","SOURCE_LICENSE":"CC BY 4.0","SOURCE_METHOD":"luchtfoto","SOURCE_URL":"https://api.pdok.nl/kadaster/brt-top10nl/ogc/v1","TOP10NL_CODE":481,"TOP10NL_TYPE":"hoogspanningsleiding","VISUALISATION_CODE":15210,"VOLTAGE_KV":null},"type":"Feature"},{"geometry":{"coordinates":[[5.920781,51.148783],[5.921035,51.148519],[5.921772,51.147417]],"type":"LineString"},"id":"6e77e706-60c6-50ce-89c3-c253b760d657","properties":{"ASSET_KIND":"official_transmission_line","EVIDENCE":"official","GEOMETRY_CONFIDENCE":"official-top10nl-1:10000-rounded-6dp-no-simplification","HEIGHT_LEVEL":0,"LOCAL_ID":"122083184","MUTATION_TYPE":null,"NAME":null,"NAMESPACE":"NL.TOP10NL","NUMBER":null,"OBJECT_BEGIN_DATE":"2011-08-25","ORIGINAL_ID":"6e77e706-60c6-50ce-89c3-c253b760d657","REGION_KEY":"netherlands","REGISTRATION_DATE":"2019-02-01","SOURCE_ACCURACY_M":0.1,"SOURCE_DATE":"2026-06-01","SOURCE_FEATURE_DATE":"2018-01-01","SOURCE_ID":"nl-kadaster-top10nl-high-voltage-2026-06","SOURCE_LICENSE":"CC BY 4.0","SOURCE_METHOD":"luchtfoto","SOURCE_URL":"https://api.pdok.nl/kadaster/brt-top10nl/ogc/v1","TOP10NL_CODE":481,"TOP10NL_TYPE":"hoogspanningsleiding","VISUALISATION_CODE":15210,"VOLTAGE_KV":null},"type":"Feature"},{"geometry":{"coordinates":[[6.065994,52.31283],[6.065638,52.315879],[6.065259,52.319039],[6.064904,52.322198],[6.064538,52.325265],[6.064168,52.328342],[6.06382,52.331406],[6.064288,52.334555],[6.064714,52.337711],[6.065173,52.34084],[6.065607,52.343955],[6.06604,52.34703],[6.066499,52.350129],[6.066958,52.353229],[6.067376,52.356334],[6.067817,52.359383],[6.069081,52.362433],[6.070371,52.365522],[6.071524,52.368286],[6.072687,52.371064],[6.073902,52.373997],[6.075136,52.376958],[6.076417,52.380024],[6.077711,52.383088],[6.078891,52.385899],[6.080297,52.388933],[6.081768,52.391961],[6.083224,52.395004],[6.084663,52.398047],[6.08611,52.40106],[6.087574,52.404109],[6.089022,52.407142],[6.090478,52.410165],[6.091859,52.413035],[6.092,52.416305],[6.092083,52.41967],[6.092173,52.422503],[6.092228,52.425408],[6.092302,52.428535],[6.09241,52.431652],[6.092509,52.434764],[6.092561,52.437558],[6.091225,52.440598],[6.089857,52.443688],[6.08848,52.446783],[6.087145,52.449863],[6.085775,52.452908],[6.080687,52.453849],[6.080371,52.453805]],"type":"LineString"},"id":"6e883a7b-a1e6-5246-ae62-17705f513bc1","properties":{"ASSET_KIND":"official_transmission_line","EVIDENCE":"official","GEOMETRY_CONFIDENCE":"official-top10nl-1:10000-rounded-6dp-no-simplification","HEIGHT_LEVEL":0,"LOCAL_ID":"130362516","MUTATION_TYPE":null,"NAME":null,"NAMESPACE":"NL.TOP10NL","NUMBER":null,"OBJECT_BEGIN_DATE":"2018-02-01","ORIGINAL_ID":"6e883a7b-a1e6-5246-ae62-17705f513bc1","REGION_KEY":"netherlands","REGISTRATION_DATE":"2019-02-01","SOURCE_ACCURACY_M":0.1,"SOURCE_DATE":"2026-06-01","SOURCE_FEATURE_DATE":"2018-01-01","SOURCE_ID":"nl-kadaster-top10nl-high-voltage-2026-06","SOURCE_LICENSE":"CC BY 4.0","SOURCE_METHOD":"luchtfoto","SOURCE_URL":"https://api.pdok.nl/kadaster/brt-top10nl/ogc/v1","TOP10NL_CODE":481,"TOP10NL_TYPE":"hoogspanningsleiding","VISUALISATION_CODE":15210,"VOLTAGE_KV":null},"type":"Feature"},{"geometry":{"coordinates":[[5.150047,52.334866],[5.147025,52.333348],[5.142475,52.331059],[5.138007,52.328771],[5.134267,52.326912],[5.130608,52.325059],[5.12695,52.323194],[5.122433,52.320905],[5.119886,52.319607],[5.118448,52.319449],[5.11699,52.319278],[5.115552,52.319088],[5.114123,52.318936],[5.112675,52.318765],[5.111176,52.3186],[5.109657,52.318404],[5.108361,52.318245],[5.106933,52.318099],[5.105474,52.317928],[5.1011,52.317415],[5.098465,52.318133],[5.098181,52.31821],[5.097122,52.318499],[5.096449,52.318683],[5.096147,52.318765],[5.091078,52.320141],[5.085644,52.321876],[5.082045,52.323503],[5.077716,52.32223],[5.072571,52.323111],[5.067885,52.323896],[5.065261,52.324751],[5.063438,52.325342],[5.063386,52.325358],[5.063334,52.325375],[5.06331,52.325383],[5.063076,52.325459],[5.062805,52.325547],[5.06256,52.325627],[5.062449,52.325663],[5.062386,52.325684],[5.062367,52.32569],[5.062319,52.325705],[5.062263,52.325724],[5.062212,52.32574],[5.062171,52.325754],[5.062127,52.325768],[5.060167,52.326406],[5.057894,52.327146],[5.053047,52.328729],[5.047854,52.33041],[5.044321,52.331573]],"type":"LineString"},"id":"6fc210d6-003f-51cc-b1e9-03b623ee517f","properties":{"ASSET_KIND":"official_transmission_line","EVIDENCE":"official","GEOMETRY_CONFIDENCE":"official-top10nl-1:10000-rounded-6dp-no-simplification","HEIGHT_LEVEL":0,"LOCAL_ID":"132572902","MUTATION_TYPE":"werkelijke verandering","NAME":null,"NAMESPACE":"NL.TOP10NL","NUMBER":null,"OBJECT_BEGIN_DATE":"2026-04-01","ORIGINAL_ID":"6fc210d6-003f-51cc-b1e9-03b623ee517f","REGION_KEY":"netherlands","REGISTRATION_DATE":"2026-04-01","SOURCE_ACCURACY_M":0.1,"SOURCE_DATE":"2026-06-01","SOURCE_FEATURE_DATE":"2025-01-01","SOURCE_ID":"nl-kadaster-top10nl-high-voltage-2026-06","SOURCE_LICENSE":"CC BY 4.0","SOURCE_METHOD":"luchtfoto","SOURCE_URL":"https://api.pdok.nl/kadaster/brt-top10nl/ogc/v1","TOP10NL_CODE":481,"TOP10NL_TYPE":"hoogspanningsleiding","VISUALISATION_CODE":15210,"VOLTAGE_KV":null},"type":"Feature"},{"geometry":{"coordinates":[[6.015745,50.866344],[6.01233,50.864421],[6.008927,50.862529],[6.005767,50.860761],[6.001774,50.858839],[5.9983,50.857187],[5.994384,50.855308],[5.990786,50.853596],[5.987189,50.851872],[5.983639,50.850153],[5.979787,50.850972],[5.975525,50.851871],[5.971283,50.852776],[5.967688,50.853545],[5.963054,50.854536],[5.958515,50.855509],[5.954787,50.85629],[5.950295,50.857249],[5.946128,50.858141],[5.94238,50.858946],[5.937614,50.858587],[5.932475,50.858176],[5.928121,50.857864],[5.922886,50.857452],[5.918676,50.857133],[5.913776,50.85675],[5.909145,50.856402],[5.904647,50.856059],[5.899758,50.855675],[5.894782,50.855298],[5.889978,50.854919],[5.887385,50.854725],[5.886175,50.854632]],"type":"LineString"},"id":"6fd7a5f4-6756-5c81-9ba9-3d65559a7e7c","properties":{"ASSET_KIND":"official_transmission_line","EVIDENCE":"official","GEOMETRY_CONFIDENCE":"official-top10nl-1:10000-rounded-6dp-no-simplification","HEIGHT_LEVEL":0,"LOCAL_ID":"122083255","MUTATION_TYPE":null,"NAME":null,"NAMESPACE":"NL.TOP10NL","NUMBER":null,"OBJECT_BEGIN_DATE":"2011-08-25","ORIGINAL_ID":"6fd7a5f4-6756-5c81-9ba9-3d65559a7e7c","REGION_KEY":"netherlands","REGISTRATION_DATE":"2019-02-01","SOURCE_ACCURACY_M":0.1,"SOURCE_DATE":"2026-06-01","SOURCE_FEATURE_DATE":"2018-01-01","SOURCE_ID":"nl-kadaster-top10nl-high-voltage-2026-06","SOURCE_LICENSE":"CC BY 4.0","SOURCE_METHOD":"luchtfoto","SOURCE_URL":"https://api.pdok.nl/kadaster/brt-top10nl/ogc/v1","TOP10NL_CODE":481,"TOP10NL_TYPE":"hoogspanningsleiding","VISUALISATION_CODE":15210,"VOLTAGE_KV":null},"type":"Feature"},{"geometry":{"coordinates":[[5.875614,53.189145],[5.87631,53.188803],[5.879869,53.187116],[5.884667,53.18758],[5.889381,53.188015],[5.894138,53.188458],[5.898888,53.18893],[5.903672,53.189373],[5.908429,53.189841],[5.91318,53.190308],[5.917595,53.191202],[5.922115,53.192142],[5.926719,53.193097],[5.93126,53.194037],[5.935969,53.195004],[5.940559,53.195955],[5.945205,53.196901],[5.949845,53.197868],[5.954457,53.198815],[5.958937,53.199745],[5.963444,53.200645],[5.968322,53.20164],[5.973199,53.202638],[5.978119,53.203645],[5.982962,53.204639],[5.987596,53.205579],[5.992412,53.206573],[5.997151,53.207525],[6.001533,53.208775],[6.005999,53.210033],[6.010429,53.21125],[6.014247,53.212331],[6.018085,53.213408],[6.021945,53.214494],[6.024455,53.213621],[6.027048,53.212727],[6.028008,53.212304]],"type":"LineString"},"id":"700c0db0-46c6-586e-98df-aca073f75145","properties":{"ASSET_KIND":"official_transmission_line","EVIDENCE":"official","GEOMETRY_CONFIDENCE":"official-top10nl-1:10000-rounded-6dp-no-simplification","HEIGHT_LEVEL":0,"LOCAL_ID":"122083259","MUTATION_TYPE":null,"NAME":null,"NAMESPACE":"NL.TOP10NL","NUMBER":null,"OBJECT_BEGIN_DATE":"2011-08-25","ORIGINAL_ID":"700c0db0-46c6-586e-98df-aca073f75145","REGION_KEY":"netherlands","REGISTRATION_DATE":"2019-02-01","SOURCE_ACCURACY_M":0.1,"SOURCE_DATE":"2026-06-01","SOURCE_FEATURE_DATE":"2018-01-01","SOURCE_ID":"nl-kadaster-top10nl-high-voltage-2026-06","SOURCE_LICENSE":"CC BY 4.0","SOURCE_METHOD":"luchtfoto","SOURCE_URL":"https://api.pdok.nl/kadaster/brt-top10nl/ogc/v1","TOP10NL_CODE":481,"TOP10NL_TYPE":"hoogspanningsleiding","VISUALISATION_CODE":15210,"VOLTAGE_KV":null},"type":"Feature"},{"geometry":{"coordinates":[[5.874408,53.190125],[5.873709,53.190362],[5.8694,53.18957],[5.866132,53.188947],[5.862836,53.188362],[5.859563,53.187748],[5.855515,53.187016],[5.852845,53.1865],[5.848558,53.185697],[5.844265,53.184905],[5.841215,53.18449],[5.836996,53.183905],[5.834179,53.18355],[5.829966,53.182986],[5.825724,53.182429],[5.821499,53.181846],[5.817436,53.18131],[5.813098,53.181293],[5.808777,53.181265],[5.804445,53.181241],[5.800101,53.181217],[5.795727,53.181189],[5.791862,53.181474],[5.788099,53.181744],[5.784293,53.182018],[5.780631,53.182274],[5.776921,53.182544],[5.772871,53.182839],[5.769282,53.183277],[5.765472,53.183661],[5.763977,53.183809],[5.760047,53.184197],[5.756386,53.18457],[5.752795,53.184943],[5.749247,53.185304],[5.745418,53.185692],[5.74247,53.185983],[5.739535,53.186285],[5.736748,53.186569],[5.733759,53.186871],[5.730728,53.187177],[5.727411,53.18752],[5.723743,53.187086],[5.720259,53.186681],[5.716817,53.186264],[5.713292,53.185859],[5.709826,53.185442],[5.706278,53.185029],[5.702675,53.184602],[5.699144,53.184189],[5.69547,53.183762],[5.691802,53.183331],[5.687938,53.182854],[5.686465,53.182693],[5.68269,53.182262],[5.679254,53.181826],[5.675754,53.181401],[5.672271,53.180984],[5.668872,53.180577],[5.665485,53.180159],[5.662038,53.179751],[5.658722,53.179351],[5.655431,53.178936],[5.652068,53.178539],[5.648806,53.178145],[5.645461,53.177737],[5.643016,53.177452],[5.639659,53.177041],[5.636428,53.176654],[5.633208,53.176277],[5.629929,53.175879],[5.626364,53.175468],[5.622811,53.175042],[5.619317,53.17463],[5.615782,53.174203],[5.612241,53.17378],[5.608658,53.173361],[5.605117,53.172934],[5.60163,53.172525],[5.598264,53.172685],[5.596656,53.172774],[5.592856,53.172956],[5.589467,53.173123],[5.585554,53.173312],[5.581962,53.173486],[5.578466,53.173664],[5.574713,53.173845],[5.573319,53.173913],[5.57102,53.174026],[5.570201,53.174066],[5.570161,53.174068],[5.570135,53.174069],[5.569969,53.174077],[5.569697,53.174091],[5.567232,53.174211],[5.566652,53.174239],[5.563497,53.174395],[5.560125,53.174536],[5.556748,53.174702],[5.553376,53.17485],[5.549969,53.175012],[5.54643,53.175171],[5.542684,53.17533],[5.53905,53.175492],[5.535428,53.175654],[5.531854,53.175812],[5.528178,53.175974],[5.52697,53.176337],[5.523392,53.177469],[5.519964,53.178547],[5.517285,53.17938],[5.513731,53.180468],[5.511314,53.181215],[5.507989,53.182253],[5.506664,53.182663],[5.506472,53.182739]],"type":"LineString"},"id":"70739ed3-3fe3-5495-a633-74f9b5e28c16","properties":{"ASSET_KIND":"official_transmission_line","EVIDENCE":"official","GEOMETRY_CONFIDENCE":"official-top10nl-1:10000-rounded-6dp-no-simplification","HEIGHT_LEVEL":0,"LOCAL_ID":"128498480","MUTATION_TYPE":null,"NAME":null,"NAMESPACE":"NL.TOP10NL","NUMBER":null,"OBJECT_BEGIN_DATE":"2015-03-28","ORIGINAL_ID":"70739ed3-3fe3-5495-a633-74f9b5e28c16","REGION_KEY":"netherlands","REGISTRATION_DATE":"2019-02-01","SOURCE_ACCURACY_M":0.1,"SOURCE_DATE":"2026-06-01","SOURCE_FEATURE_DATE":"2018-01-01","SOURCE_ID":"nl-kadaster-top10nl-high-voltage-2026-06","SOURCE_LICENSE":"CC BY 4.0","SOURCE_METHOD":"luchtfoto","SOURCE_URL":"https://api.pdok.nl/kadaster/brt-top10nl/ogc/v1","TOP10NL_CODE":481,"TOP10NL_TYPE":"hoogspanningsleiding","VISUALISATION_CODE":15210,"VOLTAGE_KV":null},"type":"Feature"},{"geometry":{"coordinates":[[4.841382,51.696857],[4.84192,51.696297]],"type":"LineString"},"id":"7075e1ca-7b4d-5a20-b0b9-28bfcad3df3c","properties":{"ASSET_KIND":"official_transmission_line","EVIDENCE":"official","GEOMETRY_CONFIDENCE":"official-top10nl-1:10000-rounded-6dp-no-simplification","HEIGHT_LEVEL":0,"LOCAL_ID":"122083116","MUTATION_TYPE":null,"NAME":null,"NAMESPACE":"NL.TOP10NL","NUMBER":null,"OBJECT_BEGIN_DATE":"2011-08-25","ORIGINAL_ID":"7075e1ca-7b4d-5a20-b0b9-28bfcad3df3c","REGION_KEY":"netherlands","REGISTRATION_DATE":"2019-02-01","SOURCE_ACCURACY_M":0.1,"SOURCE_DATE":"2026-06-01","SOURCE_FEATURE_DATE":"2018-01-01","SOURCE_ID":"nl-kadaster-top10nl-high-voltage-2026-06","SOURCE_LICENSE":"CC BY 4.0","SOURCE_METHOD":"luchtfoto","SOURCE_URL":"https://api.pdok.nl/kadaster/brt-top10nl/ogc/v1","TOP10NL_CODE":481,"TOP10NL_TYPE":"hoogspanningsleiding","VISUALISATION_CODE":15210,"VOLTAGE_KV":null},"type":"Feature"},{"geometry":{"coordinates":[[6.838543,53.294953],[6.839099,53.295481]],"type":"LineString"},"id":"7198e7e5-8855-5d0f-b4d0-bce0f12cd60b","properties":{"ASSET_KIND":"official_transmission_line","EVIDENCE":"official","GEOMETRY_CONFIDENCE":"official-top10nl-1:10000-rounded-6dp-no-simplification","HEIGHT_LEVEL":0,"LOCAL_ID":"122083298","MUTATION_TYPE":null,"NAME":null,"NAMESPACE":"NL.TOP10NL","NUMBER":null,"OBJECT_BEGIN_DATE":"2011-08-25","ORIGINAL_ID":"7198e7e5-8855-5d0f-b4d0-bce0f12cd60b","REGION_KEY":"netherlands","REGISTRATION_DATE":"2019-02-01","SOURCE_ACCURACY_M":0.1,"SOURCE_DATE":"2026-06-01","SOURCE_FEATURE_DATE":"2018-01-01","SOURCE_ID":"nl-kadaster-top10nl-high-voltage-2026-06","SOURCE_LICENSE":"CC BY 4.0","SOURCE_METHOD":"luchtfoto","SOURCE_URL":"https://api.pdok.nl/kadaster/brt-top10nl/ogc/v1","TOP10NL_CODE":481,"TOP10NL_TYPE":"hoogspanningsleiding","VISUALISATION_CODE":15210,"VOLTAGE_KV":null},"type":"Feature"},{"geometry":{"coordinates":[[4.335591,51.36206],[4.336859,51.360777],[4.337515,51.360113],[4.338325,51.359294],[4.338687,51.358927],[4.338735,51.358879],[4.338782,51.358831],[4.338937,51.358674],[4.338991,51.35862],[4.339021,51.358589],[4.339597,51.358006],[4.340216,51.35738],[4.340274,51.357328],[4.34286,51.355018]],"type":"LineString"},"id":"7233216b-e9dc-5961-94cf-9b73b639a815","properties":{"ASSET_KIND":"official_transmission_line","EVIDENCE":"official","GEOMETRY_CONFIDENCE":"official-top10nl-1:10000-rounded-6dp-no-simplification","HEIGHT_LEVEL":0,"LOCAL_ID":"126491381","MUTATION_TYPE":null,"NAME":null,"NAMESPACE":"NL.TOP10NL","NUMBER":null,"OBJECT_BEGIN_DATE":"2013-10-26","ORIGINAL_ID":"7233216b-e9dc-5961-94cf-9b73b639a815","REGION_KEY":"netherlands","REGISTRATION_DATE":"2019-02-01","SOURCE_ACCURACY_M":0.1,"SOURCE_DATE":"2026-06-01","SOURCE_FEATURE_DATE":"2018-01-01","SOURCE_ID":"nl-kadaster-top10nl-high-voltage-2026-06","SOURCE_LICENSE":"CC BY 4.0","SOURCE_METHOD":"luchtfoto","SOURCE_URL":"https://api.pdok.nl/kadaster/brt-top10nl/ogc/v1","TOP10NL_CODE":481,"TOP10NL_TYPE":"hoogspanningsleiding","VISUALISATION_CODE":15210,"VOLTAGE_KV":null},"type":"Feature"},{"geometry":{"coordinates":[[6.149084,52.475877],[6.149643,52.476928]],"type":"LineString"},"id":"73125833-5dbc-5dff-bac5-e68eb261855c","properties":{"ASSET_KIND":"official_transmission_line","EVIDENCE":"official","GEOMETRY_CONFIDENCE":"official-top10nl-1:10000-rounded-6dp-no-simplification","HEIGHT_LEVEL":0,"LOCAL_ID":"125203580","MUTATION_TYPE":null,"NAME":null,"NAMESPACE":"NL.TOP10NL","NUMBER":null,"OBJECT_BEGIN_DATE":"2012-11-05","ORIGINAL_ID":"73125833-5dbc-5dff-bac5-e68eb261855c","REGION_KEY":"netherlands","REGISTRATION_DATE":"2019-02-01","SOURCE_ACCURACY_M":0.1,"SOURCE_DATE":"2026-06-01","SOURCE_FEATURE_DATE":"2018-01-01","SOURCE_ID":"nl-kadaster-top10nl-high-voltage-2026-06","SOURCE_LICENSE":"CC BY 4.0","SOURCE_METHOD":"luchtfoto","SOURCE_URL":"https://api.pdok.nl/kadaster/brt-top10nl/ogc/v1","TOP10NL_CODE":481,"TOP10NL_TYPE":"hoogspanningsleiding","VISUALISATION_CODE":15210,"VOLTAGE_KV":null},"type":"Feature"},{"geometry":{"coordinates":[[5.101554,52.758895],[5.101684,52.758796],[5.102171,52.758366],[5.103784,52.756889],[5.10539,52.755428],[5.106901,52.754027],[5.108553,52.752527],[5.110085,52.751091],[5.111778,52.749559],[5.113296,52.748192],[5.114999,52.746625],[5.116576,52.74518],[5.118192,52.743699],[5.119853,52.742174],[5.121507,52.740665],[5.123129,52.739163],[5.124734,52.737697],[5.126471,52.736114],[5.128027,52.734684],[5.129663,52.733177],[5.131382,52.731599],[5.133057,52.73007],[5.134256,52.728954],[5.13465,52.728586],[5.135655,52.72769],[5.136278,52.727113],[5.136821,52.726609],[5.137984,52.725556],[5.139699,52.723989],[5.142401,52.723582],[5.145204,52.723156],[5.148052,52.722726],[5.150743,52.722317],[5.152357,52.722079],[5.155212,52.721641],[5.158151,52.721194],[5.161023,52.720764],[5.163898,52.720329],[5.166896,52.719874]],"type":"LineString"},"id":"73e2013d-238f-5a8e-a4ac-4a98d96a4655","properties":{"ASSET_KIND":"official_transmission_line","EVIDENCE":"official","GEOMETRY_CONFIDENCE":"official-top10nl-1:10000-rounded-6dp-no-simplification","HEIGHT_LEVEL":0,"LOCAL_ID":"122082909","MUTATION_TYPE":"kwaliteitsverbetering","NAME":null,"NAMESPACE":"NL.TOP10NL","NUMBER":null,"OBJECT_BEGIN_DATE":"2011-08-25","ORIGINAL_ID":"73e2013d-238f-5a8e-a4ac-4a98d96a4655","REGION_KEY":"netherlands","REGISTRATION_DATE":"2021-02-01","SOURCE_ACCURACY_M":0.1,"SOURCE_DATE":"2026-06-01","SOURCE_FEATURE_DATE":"2019-01-01","SOURCE_ID":"nl-kadaster-top10nl-high-voltage-2026-06","SOURCE_LICENSE":"CC BY 4.0","SOURCE_METHOD":"luchtfoto","SOURCE_URL":"https://api.pdok.nl/kadaster/brt-top10nl/ogc/v1","TOP10NL_CODE":481,"TOP10NL_TYPE":"hoogspanningsleiding","VISUALISATION_CODE":15210,"VOLTAGE_KV":null},"type":"Feature"},{"geometry":{"coordinates":[[6.48957,52.375427],[6.494703,52.375298],[6.499849,52.375156],[6.504981,52.375018],[6.510104,52.374871],[6.515236,52.374738],[6.520359,52.3746],[6.525483,52.374457],[6.530575,52.374],[6.535675,52.373543],[6.540751,52.373066],[6.545813,52.372604],[6.550904,52.372137],[6.555981,52.371679],[6.561065,52.371216],[6.566183,52.370883],[6.571286,52.37057],[6.576381,52.370246],[6.581506,52.369918],[6.586617,52.369594],[6.591725,52.369266],[6.596823,52.368962]],"type":"LineString"},"id":"74a1fdae-37a9-571b-b22e-33a171c73721","properties":{"ASSET_KIND":"official_transmission_line","EVIDENCE":"official","GEOMETRY_CONFIDENCE":"official-top10nl-1:10000-rounded-6dp-no-simplification","HEIGHT_LEVEL":0,"LOCAL_ID":"122083154","MUTATION_TYPE":null,"NAME":null,"NAMESPACE":"NL.TOP10NL","NUMBER":null,"OBJECT_BEGIN_DATE":"2011-08-25","ORIGINAL_ID":"74a1fdae-37a9-571b-b22e-33a171c73721","REGION_KEY":"netherlands","REGISTRATION_DATE":"2019-02-01","SOURCE_ACCURACY_M":0.1,"SOURCE_DATE":"2026-06-01","SOURCE_FEATURE_DATE":"2018-01-01","SOURCE_ID":"nl-kadaster-top10nl-high-voltage-2026-06","SOURCE_LICENSE":"CC BY 4.0","SOURCE_METHOD":"luchtfoto","SOURCE_URL":"https://api.pdok.nl/kadaster/brt-top10nl/ogc/v1","TOP10NL_CODE":481,"TOP10NL_TYPE":"hoogspanningsleiding","VISUALISATION_CODE":15210,"VOLTAGE_KV":null},"type":"Feature"},{"geometry":{"coordinates":[[5.671184,51.928543],[5.670806,51.928293],[5.669524,51.927398]],"type":"LineString"},"id":"74b9b7b8-e66a-5c5f-81b4-3309997357ac","properties":{"ASSET_KIND":"official_transmission_line","EVIDENCE":"official","GEOMETRY_CONFIDENCE":"official-top10nl-1:10000-rounded-6dp-no-simplification","HEIGHT_LEVEL":0,"LOCAL_ID":"122083314","MUTATION_TYPE":null,"NAME":null,"NAMESPACE":"NL.TOP10NL","NUMBER":null,"OBJECT_BEGIN_DATE":"2011-08-25","ORIGINAL_ID":"74b9b7b8-e66a-5c5f-81b4-3309997357ac","REGION_KEY":"netherlands","REGISTRATION_DATE":"2019-02-01","SOURCE_ACCURACY_M":0.1,"SOURCE_DATE":"2026-06-01","SOURCE_FEATURE_DATE":"2018-01-01","SOURCE_ID":"nl-kadaster-top10nl-high-voltage-2026-06","SOURCE_LICENSE":"CC BY 4.0","SOURCE_METHOD":"luchtfoto","SOURCE_URL":"https://api.pdok.nl/kadaster/brt-top10nl/ogc/v1","TOP10NL_CODE":481,"TOP10NL_TYPE":"hoogspanningsleiding","VISUALISATION_CODE":15210,"VOLTAGE_KV":null},"type":"Feature"},{"geometry":{"coordinates":[[6.251263,51.982318],[6.250669,51.982769]],"type":"LineString"},"id":"75006e13-8103-5152-8b58-0aa508722ee4","properties":{"ASSET_KIND":"official_transmission_line","EVIDENCE":"official","GEOMETRY_CONFIDENCE":"official-top10nl-1:10000-rounded-6dp-no-simplification","HEIGHT_LEVEL":0,"LOCAL_ID":"122083241","MUTATION_TYPE":null,"NAME":null,"NAMESPACE":"NL.TOP10NL","NUMBER":null,"OBJECT_BEGIN_DATE":"2011-08-25","ORIGINAL_ID":"75006e13-8103-5152-8b58-0aa508722ee4","REGION_KEY":"netherlands","REGISTRATION_DATE":"2019-02-01","SOURCE_ACCURACY_M":0.1,"SOURCE_DATE":"2026-06-01","SOURCE_FEATURE_DATE":"2018-01-01","SOURCE_ID":"nl-kadaster-top10nl-high-voltage-2026-06","SOURCE_LICENSE":"CC BY 4.0","SOURCE_METHOD":"luchtfoto","SOURCE_URL":"https://api.pdok.nl/kadaster/brt-top10nl/ogc/v1","TOP10NL_CODE":481,"TOP10NL_TYPE":"hoogspanningsleiding","VISUALISATION_CODE":15210,"VOLTAGE_KV":null},"type":"Feature"},{"geometry":{"coordinates":[[5.983021,51.306713],[5.984887,51.306689]],"type":"LineString"},"id":"75422ac9-77cf-58c4-b8f0-5590b1e00c3a","properties":{"ASSET_KIND":"official_transmission_line","EVIDENCE":"official","GEOMETRY_CONFIDENCE":"official-top10nl-1:10000-rounded-6dp-no-simplification","HEIGHT_LEVEL":0,"LOCAL_ID":"122083371","MUTATION_TYPE":null,"NAME":null,"NAMESPACE":"NL.TOP10NL","NUMBER":null,"OBJECT_BEGIN_DATE":"2011-08-25","ORIGINAL_ID":"75422ac9-77cf-58c4-b8f0-5590b1e00c3a","REGION_KEY":"netherlands","REGISTRATION_DATE":"2019-02-01","SOURCE_ACCURACY_M":0.1,"SOURCE_DATE":"2026-06-01","SOURCE_FEATURE_DATE":"2018-01-01","SOURCE_ID":"nl-kadaster-top10nl-high-voltage-2026-06","SOURCE_LICENSE":"CC BY 4.0","SOURCE_METHOD":"luchtfoto","SOURCE_URL":"https://api.pdok.nl/kadaster/brt-top10nl/ogc/v1","TOP10NL_CODE":481,"TOP10NL_TYPE":"hoogspanningsleiding","VISUALISATION_CODE":15210,"VOLTAGE_KV":null},"type":"Feature"},{"geometry":{"coordinates":[[5.672237,51.929186],[5.671725,51.928859],[5.671309,51.92847],[5.670923,51.928241],[5.669524,51.927398]],"type":"LineString"},"id":"75ede2ff-28f3-5931-a93a-002d72c1c50f","properties":{"ASSET_KIND":"official_transmission_line","EVIDENCE":"official","GEOMETRY_CONFIDENCE":"official-top10nl-1:10000-rounded-6dp-no-simplification","HEIGHT_LEVEL":0,"LOCAL_ID":"122083198","MUTATION_TYPE":null,"NAME":null,"NAMESPACE":"NL.TOP10NL","NUMBER":null,"OBJECT_BEGIN_DATE":"2011-08-25","ORIGINAL_ID":"75ede2ff-28f3-5931-a93a-002d72c1c50f","REGION_KEY":"netherlands","REGISTRATION_DATE":"2019-02-01","SOURCE_ACCURACY_M":0.1,"SOURCE_DATE":"2026-06-01","SOURCE_FEATURE_DATE":"2018-01-01","SOURCE_ID":"nl-kadaster-top10nl-high-voltage-2026-06","SOURCE_LICENSE":"CC BY 4.0","SOURCE_METHOD":"luchtfoto","SOURCE_URL":"https://api.pdok.nl/kadaster/brt-top10nl/ogc/v1","TOP10NL_CODE":481,"TOP10NL_TYPE":"hoogspanningsleiding","VISUALISATION_CODE":15210,"VOLTAGE_KV":null},"type":"Feature"},{"geometry":{"coordinates":[[6.017878,50.867896],[6.018128,50.867721],[6.015745,50.866344]],"type":"LineString"},"id":"7602f67b-e654-5e2a-b142-87c42e340db2","properties":{"ASSET_KIND":"official_transmission_line","EVIDENCE":"official","GEOMETRY_CONFIDENCE":"official-top10nl-1:10000-rounded-6dp-no-simplification","HEIGHT_LEVEL":0,"LOCAL_ID":"122082960","MUTATION_TYPE":null,"NAME":null,"NAMESPACE":"NL.TOP10NL","NUMBER":null,"OBJECT_BEGIN_DATE":"2011-08-25","ORIGINAL_ID":"7602f67b-e654-5e2a-b142-87c42e340db2","REGION_KEY":"netherlands","REGISTRATION_DATE":"2019-02-01","SOURCE_ACCURACY_M":0.1,"SOURCE_DATE":"2026-06-01","SOURCE_FEATURE_DATE":"2018-01-01","SOURCE_ID":"nl-kadaster-top10nl-high-voltage-2026-06","SOURCE_LICENSE":"CC BY 4.0","SOURCE_METHOD":"luchtfoto","SOURCE_URL":"https://api.pdok.nl/kadaster/brt-top10nl/ogc/v1","TOP10NL_CODE":481,"TOP10NL_TYPE":"hoogspanningsleiding","VISUALISATION_CODE":15210,"VOLTAGE_KV":null},"type":"Feature"},{"geometry":{"coordinates":[[6.958886,53.304141],[6.957778,53.302735],[6.957587,53.302717]],"type":"LineString"},"id":"763a9a6c-c849-575c-9f5a-028f613007b7","properties":{"ASSET_KIND":"official_transmission_line","EVIDENCE":"official","GEOMETRY_CONFIDENCE":"official-top10nl-1:10000-rounded-6dp-no-simplification","HEIGHT_LEVEL":0,"LOCAL_ID":"122082929","MUTATION_TYPE":null,"NAME":null,"NAMESPACE":"NL.TOP10NL","NUMBER":null,"OBJECT_BEGIN_DATE":"2011-08-25","ORIGINAL_ID":"763a9a6c-c849-575c-9f5a-028f613007b7","REGION_KEY":"netherlands","REGISTRATION_DATE":"2019-02-01","SOURCE_ACCURACY_M":0.1,"SOURCE_DATE":"2026-06-01","SOURCE_FEATURE_DATE":"2018-01-01","SOURCE_ID":"nl-kadaster-top10nl-high-voltage-2026-06","SOURCE_LICENSE":"CC BY 4.0","SOURCE_METHOD":"luchtfoto","SOURCE_URL":"https://api.pdok.nl/kadaster/brt-top10nl/ogc/v1","TOP10NL_CODE":481,"TOP10NL_TYPE":"hoogspanningsleiding","VISUALISATION_CODE":15210,"VOLTAGE_KV":null},"type":"Feature"},{"geometry":{"coordinates":[[6.856747,53.451089],[6.856816,53.45124],[6.85855,53.451302],[6.86349,53.449214],[6.868327,53.446845],[6.868906,53.445748],[6.867137,53.441798],[6.865288,53.437827]],"type":"LineString"},"id":"7694b7ea-1d66-5d1f-a264-b487326c1f51","properties":{"ASSET_KIND":"official_transmission_line","EVIDENCE":"official","GEOMETRY_CONFIDENCE":"official-top10nl-1:10000-rounded-6dp-no-simplification","HEIGHT_LEVEL":0,"LOCAL_ID":"125657820","MUTATION_TYPE":null,"NAME":null,"NAMESPACE":"NL.TOP10NL","NUMBER":null,"OBJECT_BEGIN_DATE":"2013-01-25","ORIGINAL_ID":"7694b7ea-1d66-5d1f-a264-b487326c1f51","REGION_KEY":"netherlands","REGISTRATION_DATE":"2019-02-01","SOURCE_ACCURACY_M":0.1,"SOURCE_DATE":"2026-06-01","SOURCE_FEATURE_DATE":"2018-01-01","SOURCE_ID":"nl-kadaster-top10nl-high-voltage-2026-06","SOURCE_LICENSE":"CC BY 4.0","SOURCE_METHOD":"luchtfoto","SOURCE_URL":"https://api.pdok.nl/kadaster/brt-top10nl/ogc/v1","TOP10NL_CODE":481,"TOP10NL_TYPE":"hoogspanningsleiding","VISUALISATION_CODE":15210,"VOLTAGE_KV":null},"type":"Feature"},{"geometry":{"coordinates":[[5.935589,52.680884],[5.935275,52.681592]],"type":"LineString"},"id":"76fb2dd5-c8b5-5115-a12e-b7cffa6e0917","properties":{"ASSET_KIND":"official_transmission_line","EVIDENCE":"official","GEOMETRY_CONFIDENCE":"official-top10nl-1:10000-rounded-6dp-no-simplification","HEIGHT_LEVEL":0,"LOCAL_ID":"122083150","MUTATION_TYPE":null,"NAME":null,"NAMESPACE":"NL.TOP10NL","NUMBER":null,"OBJECT_BEGIN_DATE":"2011-08-25","ORIGINAL_ID":"76fb2dd5-c8b5-5115-a12e-b7cffa6e0917","REGION_KEY":"netherlands","REGISTRATION_DATE":"2019-02-01","SOURCE_ACCURACY_M":0.1,"SOURCE_DATE":"2026-06-01","SOURCE_FEATURE_DATE":"2018-01-01","SOURCE_ID":"nl-kadaster-top10nl-high-voltage-2026-06","SOURCE_LICENSE":"CC BY 4.0","SOURCE_METHOD":"luchtfoto","SOURCE_URL":"https://api.pdok.nl/kadaster/brt-top10nl/ogc/v1","TOP10NL_CODE":481,"TOP10NL_TYPE":"hoogspanningsleiding","VISUALISATION_CODE":15210,"VOLTAGE_KV":null},"type":"Feature"},{"geometry":{"coordinates":[[4.834672,51.699271],[4.832577,51.698924]],"type":"LineString"},"id":"771fe59a-9ea9-5f00-b469-5d3dad7c3a0a","properties":{"ASSET_KIND":"official_transmission_line","EVIDENCE":"official","GEOMETRY_CONFIDENCE":"official-top10nl-1:10000-rounded-6dp-no-simplification","HEIGHT_LEVEL":0,"LOCAL_ID":"130260920","MUTATION_TYPE":"werkelijke verandering","NAME":null,"NAMESPACE":"NL.TOP10NL","NUMBER":null,"OBJECT_BEGIN_DATE":"2017-11-01","ORIGINAL_ID":"771fe59a-9ea9-5f00-b469-5d3dad7c3a0a","REGION_KEY":"netherlands","REGISTRATION_DATE":"2017-11-01","SOURCE_ACCURACY_M":0.1,"SOURCE_DATE":"2026-06-01","SOURCE_FEATURE_DATE":"2016-01-01","SOURCE_ID":"nl-kadaster-top10nl-high-voltage-2026-06","SOURCE_LICENSE":"CC BY 4.0","SOURCE_METHOD":"luchtfoto","SOURCE_URL":"https://api.pdok.nl/kadaster/brt-top10nl/ogc/v1","TOP10NL_CODE":481,"TOP10NL_TYPE":"hoogspanningsleiding","VISUALISATION_CODE":15210,"VOLTAGE_KV":null},"type":"Feature"},{"geometry":{"coordinates":[[4.564579,52.15668],[4.562375,52.158611],[4.561048,52.159617],[4.558044,52.162108]],"type":"LineString"},"id":"785fb4b2-d5e7-5873-8ff1-272f4174ef68","properties":{"ASSET_KIND":"official_transmission_line","EVIDENCE":"official","GEOMETRY_CONFIDENCE":"official-top10nl-1:10000-rounded-6dp-no-simplification","HEIGHT_LEVEL":0,"LOCAL_ID":"131183002","MUTATION_TYPE":"werkelijke verandering","NAME":null,"NAMESPACE":"NL.TOP10NL","NUMBER":null,"OBJECT_BEGIN_DATE":"2020-06-01","ORIGINAL_ID":"785fb4b2-d5e7-5873-8ff1-272f4174ef68","REGION_KEY":"netherlands","REGISTRATION_DATE":"2020-06-01","SOURCE_ACCURACY_M":0.1,"SOURCE_DATE":"2026-06-01","SOURCE_FEATURE_DATE":"2019-01-01","SOURCE_ID":"nl-kadaster-top10nl-high-voltage-2026-06","SOURCE_LICENSE":"CC BY 4.0","SOURCE_METHOD":"luchtfoto","SOURCE_URL":"https://api.pdok.nl/kadaster/brt-top10nl/ogc/v1","TOP10NL_CODE":481,"TOP10NL_TYPE":"hoogspanningsleiding","VISUALISATION_CODE":15210,"VOLTAGE_KV":null},"type":"Feature"},{"geometry":{"coordinates":[[6.897239,53.079031],[6.899619,53.079073]],"type":"LineString"},"id":"7865d9da-4e57-5cc0-922e-c8e2a6cbe2dd","properties":{"ASSET_KIND":"official_transmission_line","EVIDENCE":"official","GEOMETRY_CONFIDENCE":"official-top10nl-1:10000-rounded-6dp-no-simplification","HEIGHT_LEVEL":0,"LOCAL_ID":"122083004","MUTATION_TYPE":null,"NAME":null,"NAMESPACE":"NL.TOP10NL","NUMBER":null,"OBJECT_BEGIN_DATE":"2011-08-25","ORIGINAL_ID":"7865d9da-4e57-5cc0-922e-c8e2a6cbe2dd","REGION_KEY":"netherlands","REGISTRATION_DATE":"2019-02-01","SOURCE_ACCURACY_M":0.1,"SOURCE_DATE":"2026-06-01","SOURCE_FEATURE_DATE":"2018-01-01","SOURCE_ID":"nl-kadaster-top10nl-high-voltage-2026-06","SOURCE_LICENSE":"CC BY 4.0","SOURCE_METHOD":"luchtfoto","SOURCE_URL":"https://api.pdok.nl/kadaster/brt-top10nl/ogc/v1","TOP10NL_CODE":481,"TOP10NL_TYPE":"hoogspanningsleiding","VISUALISATION_CODE":15210,"VOLTAGE_KV":null},"type":"Feature"},{"geometry":{"coordinates":[[6.476147,53.214866],[6.478291,53.217485],[6.476157,53.220396],[6.474394,53.222799],[6.472546,53.225312],[6.470462,53.228171],[6.471154,53.2313],[6.471852,53.234447],[6.472555,53.237616],[6.471098,53.240663],[6.469419,53.243566],[6.467608,53.246415],[6.468338,53.249473],[6.469007,53.252258],[6.4697,53.255153],[6.470438,53.258279],[6.471117,53.261142],[6.471874,53.264295],[6.472947,53.267324],[6.474032,53.270441],[6.474777,53.273579],[6.475499,53.276604],[6.476246,53.279707],[6.476892,53.282369],[6.477625,53.285501],[6.478773,53.288497],[6.530675,53.29835],[6.546713,53.305178],[6.55027,53.306978],[6.554277,53.308975],[6.55784,53.310793],[6.565025,53.314419],[6.588107,53.317242],[6.592519,53.317794],[6.607432,53.320403],[6.622321,53.323004],[6.627301,53.323879],[6.632959,53.324809],[6.638301,53.325473],[6.64854,53.326895],[6.688201,53.330426],[6.693529,53.331494],[6.698922,53.332388],[6.703954,53.333267],[6.718787,53.336243],[6.735,53.350244],[6.740981,53.355388],[6.74994,53.363132],[6.752888,53.365703],[6.758953,53.370738],[6.764936,53.375734]],"type":"LineString"},"id":"7872df74-f8cd-5cab-92a6-e519ab8b8221","properties":{"ASSET_KIND":"official_transmission_line","EVIDENCE":"official","GEOMETRY_CONFIDENCE":"official-top10nl-1:10000-rounded-6dp-no-simplification","HEIGHT_LEVEL":0,"LOCAL_ID":"132100199","MUTATION_TYPE":"kwaliteitsverbetering","NAME":null,"NAMESPACE":"NL.TOP10NL","NUMBER":null,"OBJECT_BEGIN_DATE":"2024-02-01","ORIGINAL_ID":"7872df74-f8cd-5cab-92a6-e519ab8b8221","REGION_KEY":"netherlands","REGISTRATION_DATE":"2024-02-01","SOURCE_ACCURACY_M":0.1,"SOURCE_DATE":"2026-06-01","SOURCE_FEATURE_DATE":"2023-01-01","SOURCE_ID":"nl-kadaster-top10nl-high-voltage-2026-06","SOURCE_LICENSE":"CC BY 4.0","SOURCE_METHOD":"luchtfoto","SOURCE_URL":"https://api.pdok.nl/kadaster/brt-top10nl/ogc/v1","TOP10NL_CODE":481,"TOP10NL_TYPE":"hoogspanningsleiding","VISUALISATION_CODE":15210,"VOLTAGE_KV":null},"type":"Feature"},{"geometry":{"coordinates":[[4.99984,52.149955],[4.997828,52.152766],[4.995824,52.155568],[4.993804,52.158385],[4.991774,52.161252],[4.990449,52.163099],[4.989628,52.166186],[4.988865,52.169057],[4.988315,52.171123],[4.989155,52.174231],[4.989962,52.177334],[4.990794,52.180431],[4.991634,52.183534],[4.992466,52.186666],[4.992862,52.188192]],"type":"LineString"},"id":"789ee302-edee-55e2-9b8c-dac1fb858006","properties":{"ASSET_KIND":"official_transmission_line","EVIDENCE":"official","GEOMETRY_CONFIDENCE":"official-top10nl-1:10000-rounded-6dp-no-simplification","HEIGHT_LEVEL":0,"LOCAL_ID":"122082974","MUTATION_TYPE":null,"NAME":null,"NAMESPACE":"NL.TOP10NL","NUMBER":null,"OBJECT_BEGIN_DATE":"2011-08-25","ORIGINAL_ID":"789ee302-edee-55e2-9b8c-dac1fb858006","REGION_KEY":"netherlands","REGISTRATION_DATE":"2019-02-01","SOURCE_ACCURACY_M":0.1,"SOURCE_DATE":"2026-06-01","SOURCE_FEATURE_DATE":"2018-01-01","SOURCE_ID":"nl-kadaster-top10nl-high-voltage-2026-06","SOURCE_LICENSE":"CC BY 4.0","SOURCE_METHOD":"luchtfoto","SOURCE_URL":"https://api.pdok.nl/kadaster/brt-top10nl/ogc/v1","TOP10NL_CODE":481,"TOP10NL_TYPE":"hoogspanningsleiding","VISUALISATION_CODE":15210,"VOLTAGE_KV":null},"type":"Feature"},{"geometry":{"coordinates":[[5.92549,52.489977],[5.923359,52.489402],[5.920282,52.488992],[5.915994,52.488598],[5.911734,52.488219],[5.907585,52.487835],[5.903762,52.487497],[5.899698,52.487128],[5.895897,52.486789],[5.892935,52.486746],[5.89159,52.486934]],"type":"LineString"},"id":"79fd15f0-3665-55c0-8063-10eeac658d1c","properties":{"ASSET_KIND":"official_transmission_line","EVIDENCE":"official","GEOMETRY_CONFIDENCE":"official-top10nl-1:10000-rounded-6dp-no-simplification","HEIGHT_LEVEL":0,"LOCAL_ID":"132083977","MUTATION_TYPE":"kwaliteitsverbetering","NAME":null,"NAMESPACE":"NL.TOP10NL","NUMBER":null,"OBJECT_BEGIN_DATE":"2024-02-01","ORIGINAL_ID":"79fd15f0-3665-55c0-8063-10eeac658d1c","REGION_KEY":"netherlands","REGISTRATION_DATE":"2024-02-01","SOURCE_ACCURACY_M":0.1,"SOURCE_DATE":"2026-06-01","SOURCE_FEATURE_DATE":"2022-01-01","SOURCE_ID":"nl-kadaster-top10nl-high-voltage-2026-06","SOURCE_LICENSE":"CC BY 4.0","SOURCE_METHOD":"luchtfoto","SOURCE_URL":"https://api.pdok.nl/kadaster/brt-top10nl/ogc/v1","TOP10NL_CODE":481,"TOP10NL_TYPE":"hoogspanningsleiding","VISUALISATION_CODE":15210,"VOLTAGE_KV":null},"type":"Feature"},{"geometry":{"coordinates":[[4.30519,52.016156],[4.306496,52.015749]],"type":"LineString"},"id":"7cb85d24-d2ae-5822-9c2c-5c4e96ac602e","properties":{"ASSET_KIND":"official_transmission_line","EVIDENCE":"official","GEOMETRY_CONFIDENCE":"official-top10nl-1:10000-rounded-6dp-no-simplification","HEIGHT_LEVEL":0,"LOCAL_ID":"128800223","MUTATION_TYPE":null,"NAME":null,"NAMESPACE":"NL.TOP10NL","NUMBER":null,"OBJECT_BEGIN_DATE":"2015-08-30","ORIGINAL_ID":"7cb85d24-d2ae-5822-9c2c-5c4e96ac602e","REGION_KEY":"netherlands","REGISTRATION_DATE":"2015-08-30","SOURCE_ACCURACY_M":0.1,"SOURCE_DATE":"2026-06-01","SOURCE_FEATURE_DATE":"2014-01-01","SOURCE_ID":"nl-kadaster-top10nl-high-voltage-2026-06","SOURCE_LICENSE":"CC BY 4.0","SOURCE_METHOD":"luchtfoto","SOURCE_URL":"https://api.pdok.nl/kadaster/brt-top10nl/ogc/v1","TOP10NL_CODE":481,"TOP10NL_TYPE":"hoogspanningsleiding","VISUALISATION_CODE":15210,"VOLTAGE_KV":null},"type":"Feature"},{"geometry":{"coordinates":[[5.842122,51.94282],[5.84116,51.942733],[5.84035,51.940802],[5.839228,51.938244],[5.838152,51.935658],[5.837042,51.933093],[5.836071,51.930912],[5.835079,51.928765],[5.834109,51.92664],[5.833181,51.924509],[5.832161,51.922297],[5.831002,51.919728],[5.830034,51.917573],[5.829139,51.915548],[5.828238,51.91351],[5.827205,51.911284],[5.82702,51.910867],[5.827004,51.910833],[5.826738,51.910233],[5.826721,51.910195],[5.826702,51.910152],[5.826684,51.910111],[5.826501,51.909701],[5.826259,51.909156],[5.825707,51.907938],[5.825314,51.907069],[5.824939,51.905613],[5.826634,51.903132],[5.826637,51.903126],[5.827875,51.901249],[5.828278,51.900637],[5.828335,51.900552],[5.829047,51.89951],[5.829986,51.898133],[5.830002,51.89811],[5.831495,51.895862],[5.833317,51.893179],[5.834687,51.891101],[5.836298,51.888672],[5.837935,51.886285],[5.839378,51.884145]],"type":"LineString"},"id":"7cf2a892-7cc0-551d-8320-23f3215d611b","properties":{"ASSET_KIND":"official_transmission_line","EVIDENCE":"official","GEOMETRY_CONFIDENCE":"official-top10nl-1:10000-rounded-6dp-no-simplification","HEIGHT_LEVEL":0,"LOCAL_ID":"122083290","MUTATION_TYPE":null,"NAME":null,"NAMESPACE":"NL.TOP10NL","NUMBER":null,"OBJECT_BEGIN_DATE":"2011-08-25","ORIGINAL_ID":"7cf2a892-7cc0-551d-8320-23f3215d611b","REGION_KEY":"netherlands","REGISTRATION_DATE":"2019-02-01","SOURCE_ACCURACY_M":0.1,"SOURCE_DATE":"2026-06-01","SOURCE_FEATURE_DATE":"2018-01-01","SOURCE_ID":"nl-kadaster-top10nl-high-voltage-2026-06","SOURCE_LICENSE":"CC BY 4.0","SOURCE_METHOD":"luchtfoto","SOURCE_URL":"https://api.pdok.nl/kadaster/brt-top10nl/ogc/v1","TOP10NL_CODE":481,"TOP10NL_TYPE":"hoogspanningsleiding","VISUALISATION_CODE":15210,"VOLTAGE_KV":null},"type":"Feature"},{"geometry":{"coordinates":[[5.624056,51.456844],[5.627264,51.457034],[5.630861,51.457289],[5.63489,51.457941],[5.639418,51.45864],[5.643939,51.459351],[5.648513,51.460095],[5.652989,51.460761],[5.657544,51.461526],[5.661118,51.462073],[5.664792,51.461127],[5.666047,51.459576]],"type":"LineString"},"id":"7d00ea00-39ce-5b30-8543-7d5966901e83","properties":{"ASSET_KIND":"official_transmission_line","EVIDENCE":"official","GEOMETRY_CONFIDENCE":"official-top10nl-1:10000-rounded-6dp-no-simplification","HEIGHT_LEVEL":0,"LOCAL_ID":"130388309","MUTATION_TYPE":null,"NAME":null,"NAMESPACE":"NL.TOP10NL","NUMBER":null,"OBJECT_BEGIN_DATE":"2018-02-01","ORIGINAL_ID":"7d00ea00-39ce-5b30-8543-7d5966901e83","REGION_KEY":"netherlands","REGISTRATION_DATE":"2019-02-01","SOURCE_ACCURACY_M":0.1,"SOURCE_DATE":"2026-06-01","SOURCE_FEATURE_DATE":"2018-01-01","SOURCE_ID":"nl-kadaster-top10nl-high-voltage-2026-06","SOURCE_LICENSE":"CC BY 4.0","SOURCE_METHOD":"luchtfoto","SOURCE_URL":"https://api.pdok.nl/kadaster/brt-top10nl/ogc/v1","TOP10NL_CODE":481,"TOP10NL_TYPE":"hoogspanningsleiding","VISUALISATION_CODE":15210,"VOLTAGE_KV":null},"type":"Feature"},{"geometry":{"coordinates":[[6.186243,52.53065],[6.186325,52.530191],[6.185191,52.529622],[6.181446,52.527654],[6.177535,52.525604],[6.173459,52.52347],[6.169647,52.521476],[6.168326,52.52078],[6.165072,52.51906],[6.161802,52.51735],[6.157726,52.515413],[6.153579,52.513467],[6.149885,52.511683],[6.145794,52.509756],[6.141756,52.507812],[6.138004,52.506022],[6.134449,52.504326],[6.130862,52.502677],[6.126936,52.501801],[6.123334,52.501112]],"type":"LineString"},"id":"7e2e29db-6c65-5edd-a3e4-10b03178f02f","properties":{"ASSET_KIND":"official_transmission_line","EVIDENCE":"official","GEOMETRY_CONFIDENCE":"official-top10nl-1:10000-rounded-6dp-no-simplification","HEIGHT_LEVEL":0,"LOCAL_ID":"122083098","MUTATION_TYPE":null,"NAME":null,"NAMESPACE":"NL.TOP10NL","NUMBER":null,"OBJECT_BEGIN_DATE":"2011-08-25","ORIGINAL_ID":"7e2e29db-6c65-5edd-a3e4-10b03178f02f","REGION_KEY":"netherlands","REGISTRATION_DATE":"2019-02-01","SOURCE_ACCURACY_M":0.1,"SOURCE_DATE":"2026-06-01","SOURCE_FEATURE_DATE":"2018-01-01","SOURCE_ID":"nl-kadaster-top10nl-high-voltage-2026-06","SOURCE_LICENSE":"CC BY 4.0","SOURCE_METHOD":"luchtfoto","SOURCE_URL":"https://api.pdok.nl/kadaster/brt-top10nl/ogc/v1","TOP10NL_CODE":481,"TOP10NL_TYPE":"hoogspanningsleiding","VISUALISATION_CODE":15210,"VOLTAGE_KV":null},"type":"Feature"},{"geometry":{"coordinates":[[6.086283,52.637017],[6.085274,52.636258],[6.085285,52.635847]],"type":"LineString"},"id":"7f126afa-9057-5b7b-b2c7-22e160de01d4","properties":{"ASSET_KIND":"official_transmission_line","EVIDENCE":"official","GEOMETRY_CONFIDENCE":"official-top10nl-1:10000-rounded-6dp-no-simplification","HEIGHT_LEVEL":0,"LOCAL_ID":"130819299","MUTATION_TYPE":"werkelijke verandering","NAME":null,"NAMESPACE":"NL.TOP10NL","NUMBER":null,"OBJECT_BEGIN_DATE":"2019-04-01","ORIGINAL_ID":"7f126afa-9057-5b7b-b2c7-22e160de01d4","REGION_KEY":"netherlands","REGISTRATION_DATE":"2019-04-01","SOURCE_ACCURACY_M":0.1,"SOURCE_DATE":"2026-06-01","SOURCE_FEATURE_DATE":"2018-01-01","SOURCE_ID":"nl-kadaster-top10nl-high-voltage-2026-06","SOURCE_LICENSE":"CC BY 4.0","SOURCE_METHOD":"luchtfoto","SOURCE_URL":"https://api.pdok.nl/kadaster/brt-top10nl/ogc/v1","TOP10NL_CODE":481,"TOP10NL_TYPE":"hoogspanningsleiding","VISUALISATION_CODE":15210,"VOLTAGE_KV":null},"type":"Feature"},{"geometry":{"coordinates":[[5.872493,52.972414],[5.872584,52.971791],[5.874018,52.969315],[5.875486,52.966863],[5.876926,52.96437],[5.87763,52.964145],[5.879823,52.964553],[5.883486,52.96521],[5.887359,52.96593],[5.891083,52.966596],[5.894786,52.96725],[5.896178,52.968882],[5.899384,52.969442],[5.903055,52.97051],[5.90644,52.971477],[5.90846,52.973499],[5.907202,52.97541],[5.905808,52.977496],[5.904415,52.979588],[5.903021,52.981666],[5.90163,52.983762],[5.900104,52.986024],[5.898705,52.988095],[5.897527,52.989908],[5.896256,52.991815],[5.894912,52.993785],[5.893423,52.996065],[5.892005,52.99813],[5.890661,53.00019],[5.889271,53.002222],[5.887816,53.0044],[5.884935,53.006236],[5.883808,53.006964],[5.880954,53.008789],[5.878302,53.010455],[5.875688,53.012116],[5.874153,53.013084],[5.873082,53.01376],[5.871267,53.014916],[5.871176,53.014974],[5.871121,53.015009],[5.870449,53.015437],[5.869785,53.015861],[5.868268,53.016832],[5.866346,53.018069],[5.863841,53.019645],[5.861383,53.02122],[5.858924,53.022801],[5.856428,53.024338],[5.853941,53.025907],[5.853396,53.026286],[5.851094,53.027748],[5.848782,53.029222],[5.846489,53.030695],[5.844187,53.032158],[5.841875,53.033642],[5.83971,53.034964],[5.837481,53.03637],[5.836529,53.037007],[5.833689,53.038797],[5.831127,53.040445],[5.828601,53.042032],[5.82601,53.043674],[5.823355,53.045351],[5.820726,53.046999],[5.819227,53.047964],[5.816682,53.049584],[5.814285,53.051108],[5.811851,53.052649],[5.809704,53.054026],[5.807295,53.05557],[5.804776,53.05716],[5.802404,53.05864],[5.799675,53.060362],[5.798671,53.061004],[5.795809,53.062824],[5.793206,53.064486],[5.790575,53.066166],[5.78795,53.067811],[5.785297,53.069457],[5.7827,53.071136],[5.780075,53.072786],[5.77745,53.074456],[5.776563,53.07506],[5.773951,53.076675],[5.771353,53.078329],[5.768811,53.079919],[5.76624,53.081564],[5.764325,53.083388],[5.762458,53.085226],[5.760605,53.087008],[5.75871,53.088857],[5.756808,53.090695],[5.754906,53.09251],[5.753017,53.094352],[5.751115,53.096189],[5.74924,53.09803],[5.748529,53.098705],[5.74641,53.100783],[5.744402,53.102688],[5.74407,53.102983]],"type":"LineString"},"id":"7fd7d0db-2b03-5be5-9f92-49207e874629","properties":{"ASSET_KIND":"official_transmission_line","EVIDENCE":"official","GEOMETRY_CONFIDENCE":"official-top10nl-1:10000-rounded-6dp-no-simplification","HEIGHT_LEVEL":0,"LOCAL_ID":"130362515","MUTATION_TYPE":null,"NAME":null,"NAMESPACE":"NL.TOP10NL","NUMBER":null,"OBJECT_BEGIN_DATE":"2018-02-01","ORIGINAL_ID":"7fd7d0db-2b03-5be5-9f92-49207e874629","REGION_KEY":"netherlands","REGISTRATION_DATE":"2019-02-01","SOURCE_ACCURACY_M":0.1,"SOURCE_DATE":"2026-06-01","SOURCE_FEATURE_DATE":"2018-01-01","SOURCE_ID":"nl-kadaster-top10nl-high-voltage-2026-06","SOURCE_LICENSE":"CC BY 4.0","SOURCE_METHOD":"luchtfoto","SOURCE_URL":"https://api.pdok.nl/kadaster/brt-top10nl/ogc/v1","TOP10NL_CODE":481,"TOP10NL_TYPE":"hoogspanningsleiding","VISUALISATION_CODE":15210,"VOLTAGE_KV":null},"type":"Feature"},{"geometry":{"coordinates":[[4.875476,52.428811],[4.873731,52.428434],[4.873575,52.428292],[4.873535,52.428256],[4.873479,52.428204],[4.873445,52.428173],[4.87339,52.428122],[4.873376,52.42811],[4.873328,52.428066],[4.873097,52.427854],[4.873039,52.427801],[4.872982,52.42775],[4.872968,52.427733],[4.872913,52.427686],[4.872744,52.427531],[4.872693,52.427485],[4.872649,52.427445],[4.872614,52.427412],[4.872524,52.42733],[4.872468,52.427278],[4.872411,52.427227],[4.872353,52.427173],[4.872308,52.427133],[4.872265,52.427093],[4.872226,52.427057],[4.872162,52.426999],[4.870806,52.425372],[4.870016,52.424423],[4.869789,52.424152],[4.869745,52.424099],[4.867426,52.421298],[4.867369,52.421228],[4.867021,52.420805],[4.866511,52.420184],[4.866013,52.419579],[4.865466,52.418913],[4.864402,52.417628],[4.864141,52.417297]],"type":"LineString"},"id":"800e138c-e98f-517d-b787-fb1bd9b2c0c4","properties":{"ASSET_KIND":"official_transmission_line","EVIDENCE":"official","GEOMETRY_CONFIDENCE":"official-top10nl-1:10000-rounded-6dp-no-simplification","HEIGHT_LEVEL":0,"LOCAL_ID":"122083075","MUTATION_TYPE":"kwaliteitsverbetering","NAME":null,"NAMESPACE":"NL.TOP10NL","NUMBER":null,"OBJECT_BEGIN_DATE":"2011-08-25","ORIGINAL_ID":"800e138c-e98f-517d-b787-fb1bd9b2c0c4","REGION_KEY":"netherlands","REGISTRATION_DATE":"2024-06-01","SOURCE_ACCURACY_M":0.1,"SOURCE_DATE":"2026-06-01","SOURCE_FEATURE_DATE":"2023-01-01","SOURCE_ID":"nl-kadaster-top10nl-high-voltage-2026-06","SOURCE_LICENSE":"CC BY 4.0","SOURCE_METHOD":"luchtfoto","SOURCE_URL":"https://api.pdok.nl/kadaster/brt-top10nl/ogc/v1","TOP10NL_CODE":481,"TOP10NL_TYPE":"hoogspanningsleiding","VISUALISATION_CODE":15210,"VOLTAGE_KV":null},"type":"Feature"},{"geometry":{"coordinates":[[5.01143,52.337523],[5.012457,52.335924]],"type":"LineString"},"id":"80746586-baaa-551a-b2e0-5bd2d536104c","properties":{"ASSET_KIND":"official_transmission_line","EVIDENCE":"official","GEOMETRY_CONFIDENCE":"official-top10nl-1:10000-rounded-6dp-no-simplification","HEIGHT_LEVEL":0,"LOCAL_ID":"122083309","MUTATION_TYPE":null,"NAME":null,"NAMESPACE":"NL.TOP10NL","NUMBER":null,"OBJECT_BEGIN_DATE":"2011-08-25","ORIGINAL_ID":"80746586-baaa-551a-b2e0-5bd2d536104c","REGION_KEY":"netherlands","REGISTRATION_DATE":"2019-02-01","SOURCE_ACCURACY_M":0.1,"SOURCE_DATE":"2026-06-01","SOURCE_FEATURE_DATE":"2018-01-01","SOURCE_ID":"nl-kadaster-top10nl-high-voltage-2026-06","SOURCE_LICENSE":"CC BY 4.0","SOURCE_METHOD":"luchtfoto","SOURCE_URL":"https://api.pdok.nl/kadaster/brt-top10nl/ogc/v1","TOP10NL_CODE":481,"TOP10NL_TYPE":"hoogspanningsleiding","VISUALISATION_CODE":15210,"VOLTAGE_KV":null},"type":"Feature"},{"geometry":{"coordinates":[[5.97001,50.902394],[5.967193,50.901434]],"type":"LineString"},"id":"81a2e3d1-3962-5de9-be77-0cb89209b9e7","properties":{"ASSET_KIND":"official_transmission_line","EVIDENCE":"official","GEOMETRY_CONFIDENCE":"official-top10nl-1:10000-rounded-6dp-no-simplification","HEIGHT_LEVEL":0,"LOCAL_ID":"103194255","MUTATION_TYPE":null,"NAME":null,"NAMESPACE":"NL.TOP10NL","NUMBER":null,"OBJECT_BEGIN_DATE":"2008-11-24","ORIGINAL_ID":"81a2e3d1-3962-5de9-be77-0cb89209b9e7","REGION_KEY":"netherlands","REGISTRATION_DATE":"2019-02-01","SOURCE_ACCURACY_M":0.1,"SOURCE_DATE":"2026-06-01","SOURCE_FEATURE_DATE":"2018-01-01","SOURCE_ID":"nl-kadaster-top10nl-high-voltage-2026-06","SOURCE_LICENSE":"CC BY 4.0","SOURCE_METHOD":"luchtfoto","SOURCE_URL":"https://api.pdok.nl/kadaster/brt-top10nl/ogc/v1","TOP10NL_CODE":481,"TOP10NL_TYPE":"hoogspanningsleiding","VISUALISATION_CODE":15210,"VOLTAGE_KV":null},"type":"Feature"},{"geometry":{"coordinates":[[6.053402,51.200624],[6.054218,51.199834],[6.057014,51.197499],[6.05982,51.195133],[6.062695,51.192766],[6.065461,51.190457],[6.067989,51.188325],[6.06902,51.185717],[6.070207,51.182801],[6.071268,51.180206],[6.072319,51.177636],[6.073398,51.174928],[6.074535,51.172069],[6.075672,51.169291],[6.076713,51.166677],[6.077792,51.164032],[6.078919,51.161235],[6.080028,51.158527],[6.081146,51.155738],[6.079146,51.153078],[6.077279,51.150532],[6.075373,51.147986],[6.073426,51.145364],[6.071468,51.142718],[6.069552,51.140128],[6.067463,51.137325],[6.065475,51.134622],[6.063723,51.132258],[6.061766,51.129605],[6.059801,51.126971],[6.057774,51.124249],[6.055063,51.121883],[6.052383,51.119524],[6.049603,51.117077],[6.046822,51.114623],[6.044133,51.112288],[6.041424,51.109903],[6.038988,51.107756],[6.035415,51.106356],[6.031901,51.104983],[6.02839,51.103613],[6.024889,51.102246],[6.021271,51.100838],[6.017878,51.099509],[6.013994,51.097981],[6.010062,51.096437],[6.006179,51.094914],[6.002142,51.093326],[5.998195,51.091777],[5.99457,51.090363],[5.992584,51.088042],[5.990525,51.08561],[5.988345,51.083083],[5.986353,51.080738],[5.98426,51.07829],[5.982162,51.075848],[5.980014,51.073315],[5.977908,51.070853],[5.975713,51.068286],[5.973501,51.065693],[5.971403,51.06322],[5.969273,51.060733],[5.967152,51.058251],[5.96495,51.055663],[5.96278,51.05313],[5.96048,51.050427],[5.958384,51.047959],[5.95628,51.045486],[5.954087,51.042918],[5.951894,51.04034],[5.949799,51.037908],[5.947647,51.035345],[5.946786,51.034344]],"type":"LineString"},"id":"8397deeb-c051-5de1-997e-0c71bc946346","properties":{"ASSET_KIND":"official_transmission_line","EVIDENCE":"official","GEOMETRY_CONFIDENCE":"official-top10nl-1:10000-rounded-6dp-no-simplification","HEIGHT_LEVEL":0,"LOCAL_ID":"130369835","MUTATION_TYPE":null,"NAME":null,"NAMESPACE":"NL.TOP10NL","NUMBER":null,"OBJECT_BEGIN_DATE":"2018-02-01","ORIGINAL_ID":"8397deeb-c051-5de1-997e-0c71bc946346","REGION_KEY":"netherlands","REGISTRATION_DATE":"2019-02-01","SOURCE_ACCURACY_M":0.1,"SOURCE_DATE":"2026-06-01","SOURCE_FEATURE_DATE":"2018-01-01","SOURCE_ID":"nl-kadaster-top10nl-high-voltage-2026-06","SOURCE_LICENSE":"CC BY 4.0","SOURCE_METHOD":"luchtfoto","SOURCE_URL":"https://api.pdok.nl/kadaster/brt-top10nl/ogc/v1","TOP10NL_CODE":481,"TOP10NL_TYPE":"hoogspanningsleiding","VISUALISATION_CODE":15210,"VOLTAGE_KV":null},"type":"Feature"},{"geometry":{"coordinates":[[6.89796,53.077432],[6.896308,53.075817],[6.89443,53.073651],[6.892579,53.071518],[6.890696,53.069363],[6.888838,53.067227],[6.88713,53.065232],[6.885293,53.063111],[6.883462,53.061004],[6.881709,53.058968],[6.879976,53.056966],[6.878224,53.054937],[6.876492,53.05295],[6.874778,53.050948],[6.872733,53.048772],[6.870851,53.046768],[6.868905,53.044715],[6.867022,53.042688],[6.865529,53.041067],[6.863459,53.038869],[6.861533,53.036838],[6.859619,53.034793],[6.857688,53.032777],[6.855806,53.030732],[6.853893,53.028701],[6.851999,53.02667],[6.850139,53.024699],[6.848245,53.022672],[6.846339,53.020637],[6.844407,53.018573],[6.842482,53.016516],[6.840551,53.014455],[6.838659,53.012439],[6.836799,53.010449],[6.834848,53.008347],[6.832886,53.006268],[6.831065,53.004318],[6.829232,53.002354],[6.828251,52.999886],[6.827405,52.997741],[6.826485,52.995422],[6.825571,52.993108],[6.824665,52.990812],[6.823759,52.988524],[6.822788,52.986173]],"type":"LineString"},"id":"841c6035-b5d8-51c9-8fe4-0790b99a3ace","properties":{"ASSET_KIND":"official_transmission_line","EVIDENCE":"official","GEOMETRY_CONFIDENCE":"official-top10nl-1:10000-rounded-6dp-no-simplification","HEIGHT_LEVEL":0,"LOCAL_ID":"130390334","MUTATION_TYPE":null,"NAME":null,"NAMESPACE":"NL.TOP10NL","NUMBER":null,"OBJECT_BEGIN_DATE":"2018-02-01","ORIGINAL_ID":"841c6035-b5d8-51c9-8fe4-0790b99a3ace","REGION_KEY":"netherlands","REGISTRATION_DATE":"2019-02-01","SOURCE_ACCURACY_M":0.1,"SOURCE_DATE":"2026-06-01","SOURCE_FEATURE_DATE":"2018-01-01","SOURCE_ID":"nl-kadaster-top10nl-high-voltage-2026-06","SOURCE_LICENSE":"CC BY 4.0","SOURCE_METHOD":"luchtfoto","SOURCE_URL":"https://api.pdok.nl/kadaster/brt-top10nl/ogc/v1","TOP10NL_CODE":481,"TOP10NL_TYPE":"hoogspanningsleiding","VISUALISATION_CODE":15210,"VOLTAGE_KV":null},"type":"Feature"},{"geometry":{"coordinates":[[4.588682,51.961964],[4.588655,51.961986]],"type":"LineString"},"id":"8500e11b-eb5a-5ca0-8655-bcbddf463592","properties":{"ASSET_KIND":"official_transmission_line","EVIDENCE":"official","GEOMETRY_CONFIDENCE":"official-top10nl-1:10000-rounded-6dp-no-simplification","HEIGHT_LEVEL":-1,"LOCAL_ID":"131534689","MUTATION_TYPE":"werkelijke verandering","NAME":null,"NAMESPACE":"NL.TOP10NL","NUMBER":null,"OBJECT_BEGIN_DATE":"2021-11-01","ORIGINAL_ID":"8500e11b-eb5a-5ca0-8655-bcbddf463592","REGION_KEY":"netherlands","REGISTRATION_DATE":"2021-11-01","SOURCE_ACCURACY_M":0.1,"SOURCE_DATE":"2026-06-01","SOURCE_FEATURE_DATE":"2020-01-01","SOURCE_ID":"nl-kadaster-top10nl-high-voltage-2026-06","SOURCE_LICENSE":"CC BY 4.0","SOURCE_METHOD":"luchtfoto","SOURCE_URL":"https://api.pdok.nl/kadaster/brt-top10nl/ogc/v1","TOP10NL_CODE":481,"TOP10NL_TYPE":"hoogspanningsleiding","VISUALISATION_CODE":-15210,"VOLTAGE_KV":null},"type":"Feature"},{"geometry":{"coordinates":[[4.021748,51.955233],[4.022349,51.954122],[4.022299,51.953944],[4.022257,51.953796],[4.022231,51.953703],[4.022213,51.953641],[4.022179,51.95352],[4.022151,51.953422],[4.021862,51.952407],[4.021839,51.952325],[4.021799,51.952183],[4.021762,51.952055],[4.021728,51.951935],[4.021589,51.951445],[4.022127,51.950565],[4.022146,51.950532],[4.022264,51.950339],[4.022357,51.950187],[4.022459,51.95002],[4.022562,51.949851],[4.022674,51.949667],[4.022785,51.949486],[4.022818,51.949431],[4.022854,51.949372],[4.023427,51.948434],[4.023771,51.947867],[4.025182,51.94554],[4.026942,51.942648],[4.028696,51.939763],[4.030455,51.936875],[4.032204,51.933977],[4.033973,51.931092],[4.035815,51.928068],[4.03861,51.927229],[4.043628,51.928369],[4.047627,51.929308],[4.052002,51.930314],[4.056356,51.931338],[4.060721,51.932336],[4.065096,51.933364],[4.069723,51.934426],[4.074077,51.934586],[4.078226,51.934716],[4.082591,51.934853],[4.087181,51.934312],[4.091761,51.933726],[4.094309,51.931232],[4.097463,51.928108],[4.100407,51.92518],[4.103392,51.922054],[4.107399,51.920905],[4.110625,51.919464],[4.115543,51.917253],[4.120185,51.915158],[4.124533,51.913213],[4.12766,51.910578],[4.130383,51.908287],[4.133659,51.905547],[4.137067,51.902782],[4.140184,51.900244],[4.143539,51.897495],[4.146606,51.895035],[4.149744,51.892481],[4.152881,51.88994],[4.155975,51.887405],[4.160288,51.884864],[4.164607,51.88228],[4.16861,51.879891],[4.172703,51.87747],[4.176773,51.875104],[4.180682,51.872824],[4.184084,51.870876],[4.187272,51.869037],[4.190354,51.867265],[4.19352,51.865432],[4.197718,51.863505],[4.201304,51.861871],[4.205522,51.859944],[4.209644,51.858071],[4.214345,51.855922],[4.218867,51.853962],[4.223378,51.852011],[4.228149,51.849946],[4.23207,51.848262],[4.236819,51.846193],[4.242737,51.844753],[4.24789,51.843487],[4.253264,51.842181],[4.259091,51.840758],[4.264259,51.839482],[4.26508,51.839189]],"type":"LineString"},"id":"85d10cf6-0bd0-572c-be20-04154e87b14f","properties":{"ASSET_KIND":"official_transmission_line","EVIDENCE":"official","GEOMETRY_CONFIDENCE":"official-top10nl-1:10000-rounded-6dp-no-simplification","HEIGHT_LEVEL":0,"LOCAL_ID":"127094909","MUTATION_TYPE":null,"NAME":null,"NAMESPACE":"NL.TOP10NL","NUMBER":null,"OBJECT_BEGIN_DATE":"2014-01-24","ORIGINAL_ID":"85d10cf6-0bd0-572c-be20-04154e87b14f","REGION_KEY":"netherlands","REGISTRATION_DATE":"2019-02-01","SOURCE_ACCURACY_M":0.1,"SOURCE_DATE":"2026-06-01","SOURCE_FEATURE_DATE":"2018-01-01","SOURCE_ID":"nl-kadaster-top10nl-high-voltage-2026-06","SOURCE_LICENSE":"CC BY 4.0","SOURCE_METHOD":"luchtfoto","SOURCE_URL":"https://api.pdok.nl/kadaster/brt-top10nl/ogc/v1","TOP10NL_CODE":481,"TOP10NL_TYPE":"hoogspanningsleiding","VISUALISATION_CODE":15210,"VOLTAGE_KV":null},"type":"Feature"},{"geometry":{"coordinates":[[5.64758,51.678403],[5.646567,51.678182],[5.64406,51.678889],[5.642331,51.679376],[5.642194,51.679415],[5.642186,51.679417],[5.641641,51.679573],[5.641435,51.679632],[5.641365,51.679652],[5.641283,51.679676],[5.641166,51.679709],[5.640937,51.679775],[5.640664,51.679853],[5.640473,51.679908],[5.639424,51.680209],[5.639333,51.680235],[5.639188,51.680276],[5.638894,51.68036],[5.638299,51.680531],[5.638254,51.680544],[5.638208,51.680557],[5.637898,51.680646],[5.633668,51.681833],[5.629303,51.683078],[5.624955,51.684317],[5.620466,51.684494],[5.615666,51.684671],[5.611051,51.684868],[5.606318,51.685066],[5.601661,51.685268],[5.596877,51.685465],[5.592734,51.685624],[5.588876,51.685762],[5.585508,51.687799],[5.582676,51.689473],[5.579525,51.691385],[5.578686,51.694219],[5.577897,51.696875],[5.577008,51.699788],[5.576647,51.702249],[5.576262,51.704695],[5.575893,51.707136],[5.57545,51.710016],[5.572708,51.71157],[5.569706,51.713282],[5.570138,51.715857],[5.570155,51.71781],[5.570196,51.719747],[5.569075,51.721807],[5.568973,51.723765],[5.568808,51.726635],[5.568682,51.729012],[5.568543,51.731976],[5.568426,51.73439],[5.568278,51.737364],[5.56812,51.74005],[5.567963,51.743014],[5.566134,51.745352],[5.564061,51.748009],[5.561987,51.750641],[5.560233,51.75289],[5.558999,51.754468],[5.558908,51.754584],[5.558766,51.754766],[5.558529,51.75507],[5.557386,51.756316],[5.55735,51.756356],[5.557338,51.756369],[5.55731,51.756399],[5.557278,51.756435],[5.557242,51.756474],[5.557183,51.756538],[5.557155,51.756569],[5.557127,51.756599],[5.556987,51.756752],[5.556495,51.757288],[5.555669,51.758184],[5.555624,51.758232],[5.554126,51.759857],[5.553258,51.762262],[5.553174,51.762497],[5.552122,51.763321],[5.551991,51.764405]],"type":"LineString"},"id":"86073b63-8ea9-5ee6-8cca-007a8500227a","properties":{"ASSET_KIND":"official_transmission_line","EVIDENCE":"official","GEOMETRY_CONFIDENCE":"official-top10nl-1:10000-rounded-6dp-no-simplification","HEIGHT_LEVEL":0,"LOCAL_ID":"122083113","MUTATION_TYPE":null,"NAME":null,"NAMESPACE":"NL.TOP10NL","NUMBER":null,"OBJECT_BEGIN_DATE":"2011-08-25","ORIGINAL_ID":"86073b63-8ea9-5ee6-8cca-007a8500227a","REGION_KEY":"netherlands","REGISTRATION_DATE":"2019-06-01","SOURCE_ACCURACY_M":0.1,"SOURCE_DATE":"2026-06-01","SOURCE_FEATURE_DATE":"2018-01-01","SOURCE_ID":"nl-kadaster-top10nl-high-voltage-2026-06","SOURCE_LICENSE":"CC BY 4.0","SOURCE_METHOD":"luchtfoto","SOURCE_URL":"https://api.pdok.nl/kadaster/brt-top10nl/ogc/v1","TOP10NL_CODE":481,"TOP10NL_TYPE":"hoogspanningsleiding","VISUALISATION_CODE":15210,"VOLTAGE_KV":null},"type":"Feature"},{"geometry":{"coordinates":[[5.794023,51.00105],[5.790975,51.000183],[5.790156,50.998709],[5.789424,50.997247],[5.788391,50.995351],[5.787446,50.993569],[5.786396,50.990795],[5.785552,50.988516],[5.78458,50.985875],[5.784202,50.984823],[5.784163,50.984714],[5.783706,50.983441],[5.783637,50.983246],[5.785206,50.980705],[5.785361,50.980448],[5.786534,50.978507],[5.786624,50.978358],[5.786694,50.97825],[5.787023,50.97774],[5.787046,50.977705],[5.787593,50.97686],[5.788071,50.97612],[5.787867,50.974669],[5.787867,50.974669],[5.787864,50.974648],[5.787859,50.974616],[5.787855,50.974586],[5.787849,50.974541],[5.787845,50.974511],[5.787834,50.974432],[5.787828,50.974391],[5.787822,50.974348],[5.787818,50.97432],[5.787816,50.974311],[5.787795,50.97416],[5.787679,50.973954],[5.787619,50.973848],[5.787514,50.97366],[5.787513,50.97366],[5.787271,50.97323],[5.787196,50.973095],[5.787183,50.973073],[5.7871,50.972924],[5.786977,50.972707],[5.786962,50.97268],[5.786805,50.972401],[5.786656,50.972137],[5.785421,50.969945],[5.785233,50.969611],[5.785184,50.969524],[5.784838,50.968909],[5.784359,50.96806],[5.784525,50.966135],[5.784762,50.963599],[5.784992,50.960884],[5.785005,50.960729],[5.785268,50.957836],[5.784977,50.956947],[5.784777,50.956337],[5.784638,50.955914],[5.78441,50.955255],[5.784356,50.955099],[5.784338,50.955049],[5.784337,50.955045],[5.78432,50.954995],[5.784009,50.9541],[5.783272,50.951936],[5.782838,50.950677],[5.782516,50.949742],[5.782114,50.94855],[5.781942,50.948038],[5.781934,50.948016],[5.781925,50.94799],[5.781919,50.947972],[5.781906,50.947933],[5.781896,50.947902],[5.781894,50.947897],[5.781887,50.947876],[5.78188,50.947854],[5.781838,50.947729],[5.7818,50.947617],[5.781778,50.94755],[5.781763,50.947508],[5.78175,50.947469],[5.781597,50.947011],[5.781179,50.945765],[5.779721,50.944366],[5.77572,50.943605],[5.773994,50.94328],[5.773607,50.943207],[5.77339,50.943166],[5.772456,50.94299],[5.772026,50.942909],[5.771898,50.942885],[5.771782,50.942863],[5.771748,50.942856],[5.771697,50.942846],[5.771645,50.942836],[5.770786,50.942673],[5.77031,50.942582],[5.769775,50.94248],[5.76934,50.942397],[5.768953,50.942327],[5.767409,50.942047],[5.766979,50.941969],[5.76687,50.941948],[5.763977,50.941392],[5.761554,50.94016],[5.758726,50.938692],[5.755975,50.937267],[5.753341,50.93592],[5.750542,50.934512],[5.74904,50.932163],[5.747624,50.929977],[5.746287,50.927929],[5.744776,50.925653],[5.742615,50.923529],[5.741003,50.921942],[5.738883,50.91982],[5.737164,50.91813],[5.735302,50.916277],[5.733152,50.91419],[5.731435,50.912476],[5.729632,50.910727],[5.727873,50.908445],[5.726047,50.906132],[5.724617,50.904272],[5.723303,50.902582],[5.722039,50.90103],[5.72085,50.899509],[5.720384,50.898911],[5.719498,50.897776],[5.718709,50.89675],[5.718661,50.896687],[5.718633,50.896651],[5.718591,50.896596],[5.71855,50.896543],[5.718049,50.895892],[5.717454,50.89514],[5.716176,50.893525],[5.716913,50.890903],[5.717482,50.888874],[5.718032,50.886833],[5.718573,50.884774],[5.71917,50.882751],[5.719739,50.880643],[5.720242,50.878856],[5.720801,50.876779],[5.720605,50.876574],[5.718932,50.874824],[5.717769,50.873598],[5.717737,50.873565],[5.717707,50.873533],[5.717632,50.873454],[5.717608,50.873429],[5.717586,50.873406],[5.717568,50.873387],[5.716956,50.872742],[5.71665,50.872422],[5.716215,50.871968],[5.715836,50.871572]],"type":"LineString"},"id":"8614c4af-727e-568c-b9f7-08c8d72970f3","properties":{"ASSET_KIND":"official_transmission_line","EVIDENCE":"official","GEOMETRY_CONFIDENCE":"official-top10nl-1:10000-rounded-6dp-no-simplification","HEIGHT_LEVEL":0,"LOCAL_ID":"122083028","MUTATION_TYPE":"kwaliteitsverbetering","NAME":null,"NAMESPACE":"NL.TOP10NL","NUMBER":null,"OBJECT_BEGIN_DATE":"2011-08-25","ORIGINAL_ID":"8614c4af-727e-568c-b9f7-08c8d72970f3","REGION_KEY":"netherlands","REGISTRATION_DATE":"2021-04-01","SOURCE_ACCURACY_M":0.1,"SOURCE_DATE":"2026-06-01","SOURCE_FEATURE_DATE":"2020-01-01","SOURCE_ID":"nl-kadaster-top10nl-high-voltage-2026-06","SOURCE_LICENSE":"CC BY 4.0","SOURCE_METHOD":"luchtfoto","SOURCE_URL":"https://api.pdok.nl/kadaster/brt-top10nl/ogc/v1","TOP10NL_CODE":481,"TOP10NL_TYPE":"hoogspanningsleiding","VISUALISATION_CODE":15210,"VOLTAGE_KV":null},"type":"Feature"},{"geometry":{"coordinates":[[5.969823,50.90273],[5.973556,50.903563],[5.977135,50.904372],[5.979882,50.904996],[5.982517,50.905586],[5.986728,50.906518],[5.989564,50.908577],[5.992433,50.910651],[5.995116,50.91259],[5.997873,50.914615],[6.000911,50.916738],[6.003974,50.918968],[6.007045,50.921172],[6.00841,50.922885],[6.010517,50.925433],[6.012355,50.927689],[6.014377,50.930171],[6.016375,50.932623],[6.017854,50.934472],[6.017317,50.936665],[6.016802,50.938762],[6.016311,50.940869],[6.015827,50.94285],[6.015411,50.944741],[6.014968,50.946655],[6.014407,50.948878],[6.013894,50.951086],[6.013365,50.953335],[6.009405,50.954714],[6.005675,50.956011],[6.001706,50.957394],[5.997929,50.958742],[5.994723,50.959818],[5.993596,50.962231],[5.992398,50.964731],[5.991075,50.967463],[5.989896,50.969939],[5.988616,50.972593],[5.98731,50.97539],[5.985917,50.978299],[5.984617,50.981011],[5.983285,50.983773],[5.981171,50.985333],[5.980688,50.985689]],"type":"LineString"},"id":"864a166a-74b0-539b-a70e-6f0921ffcb52","properties":{"ASSET_KIND":"official_transmission_line","EVIDENCE":"official","GEOMETRY_CONFIDENCE":"official-top10nl-1:10000-rounded-6dp-no-simplification","HEIGHT_LEVEL":0,"LOCAL_ID":"130284816","MUTATION_TYPE":"werkelijke verandering","NAME":null,"NAMESPACE":"NL.TOP10NL","NUMBER":null,"OBJECT_BEGIN_DATE":"2017-11-01","ORIGINAL_ID":"864a166a-74b0-539b-a70e-6f0921ffcb52","REGION_KEY":"netherlands","REGISTRATION_DATE":"2017-11-01","SOURCE_ACCURACY_M":0.1,"SOURCE_DATE":"2026-06-01","SOURCE_FEATURE_DATE":"2017-01-01","SOURCE_ID":"nl-kadaster-top10nl-high-voltage-2026-06","SOURCE_LICENSE":"CC BY 4.0","SOURCE_METHOD":"luchtfoto","SOURCE_URL":"https://api.pdok.nl/kadaster/brt-top10nl/ogc/v1","TOP10NL_CODE":481,"TOP10NL_TYPE":"hoogspanningsleiding","VISUALISATION_CODE":15210,"VOLTAGE_KV":null},"type":"Feature"},{"geometry":{"coordinates":[[6.75878,52.248012],[6.759568,52.247128],[6.760608,52.244527]],"type":"LineString"},"id":"86a5c72f-6aec-58f0-810f-e09057829e15","properties":{"ASSET_KIND":"official_transmission_line","EVIDENCE":"official","GEOMETRY_CONFIDENCE":"official-top10nl-1:10000-rounded-6dp-no-simplification","HEIGHT_LEVEL":0,"LOCAL_ID":"122083269","MUTATION_TYPE":null,"NAME":null,"NAMESPACE":"NL.TOP10NL","NUMBER":null,"OBJECT_BEGIN_DATE":"2011-08-25","ORIGINAL_ID":"86a5c72f-6aec-58f0-810f-e09057829e15","REGION_KEY":"netherlands","REGISTRATION_DATE":"2019-02-01","SOURCE_ACCURACY_M":0.1,"SOURCE_DATE":"2026-06-01","SOURCE_FEATURE_DATE":"2018-01-01","SOURCE_ID":"nl-kadaster-top10nl-high-voltage-2026-06","SOURCE_LICENSE":"CC BY 4.0","SOURCE_METHOD":"luchtfoto","SOURCE_URL":"https://api.pdok.nl/kadaster/brt-top10nl/ogc/v1","TOP10NL_CODE":481,"TOP10NL_TYPE":"hoogspanningsleiding","VISUALISATION_CODE":15210,"VOLTAGE_KV":null},"type":"Feature"},{"geometry":{"coordinates":[[5.966085,50.899418],[5.967964,50.897571],[5.968125,50.897441]],"type":"LineString"},"id":"86d783ae-41c6-524e-9e25-556cf52276cd","properties":{"ASSET_KIND":"official_transmission_line","EVIDENCE":"official","GEOMETRY_CONFIDENCE":"official-top10nl-1:10000-rounded-6dp-no-simplification","HEIGHT_LEVEL":0,"LOCAL_ID":"122083089","MUTATION_TYPE":null,"NAME":null,"NAMESPACE":"NL.TOP10NL","NUMBER":null,"OBJECT_BEGIN_DATE":"2011-08-25","ORIGINAL_ID":"86d783ae-41c6-524e-9e25-556cf52276cd","REGION_KEY":"netherlands","REGISTRATION_DATE":"2019-02-01","SOURCE_ACCURACY_M":0.1,"SOURCE_DATE":"2026-06-01","SOURCE_FEATURE_DATE":"2018-01-01","SOURCE_ID":"nl-kadaster-top10nl-high-voltage-2026-06","SOURCE_LICENSE":"CC BY 4.0","SOURCE_METHOD":"luchtfoto","SOURCE_URL":"https://api.pdok.nl/kadaster/brt-top10nl/ogc/v1","TOP10NL_CODE":481,"TOP10NL_TYPE":"hoogspanningsleiding","VISUALISATION_CODE":15210,"VOLTAGE_KV":null},"type":"Feature"},{"geometry":{"coordinates":[[6.188112,52.531754],[6.186901,52.532051],[6.182557,52.533768],[6.178603,52.535305],[6.174676,52.537361],[6.170969,52.539276],[6.16723,52.541205],[6.163318,52.54326],[6.159609,52.545165],[6.157382,52.547939],[6.155046,52.550796],[6.15274,52.553639],[6.150434,52.556495],[6.148112,52.559304],[6.145789,52.562147],[6.143545,52.56495],[6.141261,52.567763],[6.139832,52.569517],[6.138394,52.571251],[6.135225,52.571489],[6.130361,52.571911],[6.12522,52.572363],[6.120126,52.572791],[6.115001,52.573229],[6.11024,52.573645],[6.104972,52.574092],[6.102334,52.574326],[6.097569,52.573035],[6.094565,52.572226],[6.08984,52.570949],[6.085132,52.569658],[6.081189,52.568622],[6.076369,52.567311],[6.071534,52.566001],[6.066731,52.564689],[6.061912,52.563373],[6.057086,52.562071],[6.052244,52.560755],[6.047418,52.559443],[6.042633,52.558174],[6.037935,52.55689],[6.033331,52.557065],[6.028662,52.55724],[6.024521,52.55878],[6.020222,52.560355],[6.015891,52.561973],[6.01171,52.563561],[6.007267,52.565194],[6.002888,52.56684],[5.998509,52.568482],[5.99409,52.570129],[5.991462,52.571109],[5.988968,52.574374],[5.988895,52.574472],[5.987529,52.576318],[5.987508,52.576347],[5.987455,52.576418],[5.98621,52.5781],[5.986123,52.578214],[5.983419,52.581768],[5.980675,52.585388],[5.977798,52.589191],[5.972559,52.590885],[5.966123,52.589674],[5.959552,52.588459],[5.954484,52.587517],[5.949767,52.58664],[5.946553,52.587825],[5.942414,52.589367],[5.938243,52.590904],[5.934578,52.592279],[5.930121,52.593904],[5.925737,52.595553],[5.921802,52.597006],[5.9174,52.598645],[5.913007,52.600293],[5.908557,52.601942],[5.904163,52.60358],[5.899704,52.605194],[5.895285,52.606852],[5.890874,52.60849],[5.886486,52.610127],[5.882315,52.612006],[5.878152,52.61386],[5.872106,52.616494],[5.865492,52.619465],[5.861691,52.621176],[5.858067,52.620258],[5.85204,52.61874],[5.845948,52.617178],[5.841076,52.615955],[5.834295,52.61599],[5.828911,52.616006],[5.8224,52.616025],[5.816873,52.61603],[5.81231,52.617178],[5.811151,52.617192]],"type":"LineString"},"id":"8a48b313-32cb-57dd-b11c-428088778c07","properties":{"ASSET_KIND":"official_transmission_line","EVIDENCE":"official","GEOMETRY_CONFIDENCE":"official-top10nl-1:10000-rounded-6dp-no-simplification","HEIGHT_LEVEL":0,"LOCAL_ID":"128644262","MUTATION_TYPE":null,"NAME":null,"NAMESPACE":"NL.TOP10NL","NUMBER":null,"OBJECT_BEGIN_DATE":"2015-05-31","ORIGINAL_ID":"8a48b313-32cb-57dd-b11c-428088778c07","REGION_KEY":"netherlands","REGISTRATION_DATE":"2019-02-01","SOURCE_ACCURACY_M":0.1,"SOURCE_DATE":"2026-06-01","SOURCE_FEATURE_DATE":"2018-01-01","SOURCE_ID":"nl-kadaster-top10nl-high-voltage-2026-06","SOURCE_LICENSE":"CC BY 4.0","SOURCE_METHOD":"luchtfoto","SOURCE_URL":"https://api.pdok.nl/kadaster/brt-top10nl/ogc/v1","TOP10NL_CODE":481,"TOP10NL_TYPE":"hoogspanningsleiding","VISUALISATION_CODE":15210,"VOLTAGE_KV":null},"type":"Feature"},{"geometry":{"coordinates":[[4.581947,51.663601],[4.58264,51.663077],[4.584079,51.662013],[4.586333,51.660358],[4.586781,51.659562],[4.585215,51.659141],[4.580814,51.657952],[4.576449,51.656774],[4.572516,51.655729],[4.568192,51.654577],[4.565344,51.653009],[4.56193,51.651088],[4.558486,51.649147],[4.555049,51.647211],[4.551628,51.645278],[4.54817,51.643359],[4.545257,51.641701],[4.54203,51.639882],[4.538816,51.638095],[4.535596,51.636281],[4.532441,51.634503],[4.528896,51.632686],[4.52538,51.630887],[4.521743,51.629025],[4.518098,51.627153],[4.51449,51.625299],[4.510868,51.62345],[4.507246,51.621596],[4.503647,51.619715],[4.502291,51.616951],[4.500958,51.614151],[4.499611,51.611351],[4.49877,51.609621],[4.497445,51.606826],[4.496105,51.604035],[4.494773,51.601226],[4.493492,51.598404],[4.492087,51.595617],[4.490733,51.592826],[4.489423,51.590021],[4.48807,51.58723],[4.488692,51.584283],[4.489273,51.581552],[4.489931,51.578587],[4.489649,51.575692],[4.489554,51.574698],[4.489503,51.574161],[4.489438,51.573473],[4.489386,51.572927],[4.489363,51.57141],[4.489362,51.571278],[4.489357,51.570977],[4.489357,51.570969],[4.489357,51.570942],[4.489356,51.570873],[4.489343,51.570002],[4.489321,51.567077],[4.489269,51.564205],[4.489213,51.561586],[4.488455,51.558687],[4.487681,51.555846],[4.486936,51.55297],[4.486178,51.550071],[4.485447,51.547289],[4.485377,51.547079]],"type":"LineString"},"id":"8a90adf6-8395-5b3b-9996-9522156b1037","properties":{"ASSET_KIND":"official_transmission_line","EVIDENCE":"official","GEOMETRY_CONFIDENCE":"official-top10nl-1:10000-rounded-6dp-no-simplification","HEIGHT_LEVEL":0,"LOCAL_ID":"131297307","MUTATION_TYPE":"werkelijke verandering","NAME":null,"NAMESPACE":"NL.TOP10NL","NUMBER":null,"OBJECT_BEGIN_DATE":"2021-02-01","ORIGINAL_ID":"8a90adf6-8395-5b3b-9996-9522156b1037","REGION_KEY":"netherlands","REGISTRATION_DATE":"2021-02-01","SOURCE_ACCURACY_M":0.1,"SOURCE_DATE":"2026-06-01","SOURCE_FEATURE_DATE":"2020-01-01","SOURCE_ID":"nl-kadaster-top10nl-high-voltage-2026-06","SOURCE_LICENSE":"CC BY 4.0","SOURCE_METHOD":"luchtfoto","SOURCE_URL":"https://api.pdok.nl/kadaster/brt-top10nl/ogc/v1","TOP10NL_CODE":481,"TOP10NL_TYPE":"hoogspanningsleiding","VISUALISATION_CODE":15210,"VOLTAGE_KV":null},"type":"Feature"},{"geometry":{"coordinates":[[3.545673,51.311379],[3.542711,51.313621],[3.539757,51.315857],[3.53674,51.318141],[3.533767,51.32037],[3.530774,51.322621],[3.527786,51.324873],[3.525254,51.326798],[3.522308,51.32902],[3.519282,51.331293],[3.516255,51.33358],[3.513264,51.335843],[3.510191,51.338081],[3.509947,51.338328]],"type":"LineString"},"id":"8ac0c2db-cb8f-5bf7-ba82-2210cb165a4a","properties":{"ASSET_KIND":"official_transmission_line","EVIDENCE":"official","GEOMETRY_CONFIDENCE":"official-top10nl-1:10000-rounded-6dp-no-simplification","HEIGHT_LEVEL":0,"LOCAL_ID":"122082954","MUTATION_TYPE":null,"NAME":null,"NAMESPACE":"NL.TOP10NL","NUMBER":null,"OBJECT_BEGIN_DATE":"2011-08-25","ORIGINAL_ID":"8ac0c2db-cb8f-5bf7-ba82-2210cb165a4a","REGION_KEY":"netherlands","REGISTRATION_DATE":"2019-02-01","SOURCE_ACCURACY_M":0.1,"SOURCE_DATE":"2026-06-01","SOURCE_FEATURE_DATE":"2018-01-01","SOURCE_ID":"nl-kadaster-top10nl-high-voltage-2026-06","SOURCE_LICENSE":"CC BY 4.0","SOURCE_METHOD":"luchtfoto","SOURCE_URL":"https://api.pdok.nl/kadaster/brt-top10nl/ogc/v1","TOP10NL_CODE":481,"TOP10NL_TYPE":"hoogspanningsleiding","VISUALISATION_CODE":15210,"VOLTAGE_KV":null},"type":"Feature"},{"geometry":{"coordinates":[[6.630707,52.356928],[6.630379,52.357798],[6.628365,52.358456],[6.628281,52.358484],[6.627141,52.358865],[6.627039,52.3589],[6.627016,52.358906],[6.626905,52.358944],[6.626872,52.358954],[6.62673,52.359002],[6.626657,52.359026],[6.626587,52.359049],[6.626516,52.359073],[6.626448,52.359096],[6.62639,52.359115],[6.62623,52.359169],[6.625879,52.359286],[6.625772,52.359322],[6.625755,52.359327],[6.621384,52.360793],[6.61788,52.361962],[6.61499,52.3638],[6.613237,52.365227],[6.610894,52.366923],[6.609556,52.368906],[6.60814,52.370947],[6.606513,52.373359],[6.604886,52.375765],[6.603245,52.378166],[6.601649,52.380578]],"type":"LineString"},"id":"8af2cd37-c273-5690-a674-e3137ba84b4f","properties":{"ASSET_KIND":"official_transmission_line","EVIDENCE":"official","GEOMETRY_CONFIDENCE":"official-top10nl-1:10000-rounded-6dp-no-simplification","HEIGHT_LEVEL":0,"LOCAL_ID":"122083007","MUTATION_TYPE":null,"NAME":null,"NAMESPACE":"NL.TOP10NL","NUMBER":null,"OBJECT_BEGIN_DATE":"2011-08-25","ORIGINAL_ID":"8af2cd37-c273-5690-a674-e3137ba84b4f","REGION_KEY":"netherlands","REGISTRATION_DATE":"2019-02-01","SOURCE_ACCURACY_M":0.1,"SOURCE_DATE":"2026-06-01","SOURCE_FEATURE_DATE":"2018-01-01","SOURCE_ID":"nl-kadaster-top10nl-high-voltage-2026-06","SOURCE_LICENSE":"CC BY 4.0","SOURCE_METHOD":"luchtfoto","SOURCE_URL":"https://api.pdok.nl/kadaster/brt-top10nl/ogc/v1","TOP10NL_CODE":481,"TOP10NL_TYPE":"hoogspanningsleiding","VISUALISATION_CODE":15210,"VOLTAGE_KV":null},"type":"Feature"},{"geometry":{"coordinates":[[4.273267,51.373645],[4.277575,51.375381],[4.282278,51.375162],[4.283265,51.3751],[4.283913,51.375086],[4.288758,51.37486],[4.294252,51.37462],[4.299755,51.374381],[4.305157,51.374128],[4.308385,51.373815]],"type":"LineString"},"id":"8c2d8277-7a13-53ce-9c91-b9df8a2efa9f","properties":{"ASSET_KIND":"official_transmission_line","EVIDENCE":"official","GEOMETRY_CONFIDENCE":"official-top10nl-1:10000-rounded-6dp-no-simplification","HEIGHT_LEVEL":0,"LOCAL_ID":"131292560","MUTATION_TYPE":"werkelijke verandering","NAME":null,"NAMESPACE":"NL.TOP10NL","NUMBER":null,"OBJECT_BEGIN_DATE":"2021-02-01","ORIGINAL_ID":"8c2d8277-7a13-53ce-9c91-b9df8a2efa9f","REGION_KEY":"netherlands","REGISTRATION_DATE":"2022-04-01","SOURCE_ACCURACY_M":0.1,"SOURCE_DATE":"2026-06-01","SOURCE_FEATURE_DATE":"2021-01-01","SOURCE_ID":"nl-kadaster-top10nl-high-voltage-2026-06","SOURCE_LICENSE":"CC BY 4.0","SOURCE_METHOD":"luchtfoto","SOURCE_URL":"https://api.pdok.nl/kadaster/brt-top10nl/ogc/v1","TOP10NL_CODE":481,"TOP10NL_TYPE":"hoogspanningsleiding","VISUALISATION_CODE":15210,"VOLTAGE_KV":null},"type":"Feature"},{"geometry":{"coordinates":[[6.681475,52.319456],[6.677891,52.321085],[6.670982,52.32199],[6.66405,52.322831],[6.657045,52.32373],[6.650177,52.324609],[6.643342,52.325524],[6.636345,52.326391],[6.629445,52.327274],[6.626866,52.327615],[6.626815,52.327622],[6.626764,52.327629],[6.626723,52.327634],[6.625182,52.327838],[6.624878,52.328436],[6.624408,52.329361],[6.624395,52.329386],[6.624385,52.329405],[6.624377,52.329421],[6.624356,52.329462],[6.624341,52.329492],[6.624337,52.3295],[6.623355,52.331432],[6.623297,52.331546],[6.621839,52.334432],[6.620213,52.337599],[6.620151,52.33772],[6.619164,52.339705],[6.619137,52.339759],[6.618621,52.340796],[6.618611,52.340816]],"type":"LineString"},"id":"8c48f2c9-bfa2-5995-aedf-631820dc15f3","properties":{"ASSET_KIND":"official_transmission_line","EVIDENCE":"official","GEOMETRY_CONFIDENCE":"official-top10nl-1:10000-rounded-6dp-no-simplification","HEIGHT_LEVEL":0,"LOCAL_ID":"130711435","MUTATION_TYPE":"kwaliteitsverbetering","NAME":null,"NAMESPACE":"NL.TOP10NL","NUMBER":null,"OBJECT_BEGIN_DATE":"2018-11-01","ORIGINAL_ID":"8c48f2c9-bfa2-5995-aedf-631820dc15f3","REGION_KEY":"netherlands","REGISTRATION_DATE":"2019-02-01","SOURCE_ACCURACY_M":0.1,"SOURCE_DATE":"2026-06-01","SOURCE_FEATURE_DATE":"2018-01-01","SOURCE_ID":"nl-kadaster-top10nl-high-voltage-2026-06","SOURCE_LICENSE":"CC BY 4.0","SOURCE_METHOD":"luchtfoto","SOURCE_URL":"https://api.pdok.nl/kadaster/brt-top10nl/ogc/v1","TOP10NL_CODE":481,"TOP10NL_TYPE":"hoogspanningsleiding","VISUALISATION_CODE":15210,"VOLTAGE_KV":null},"type":"Feature"},{"geometry":{"coordinates":[[4.607706,51.573496],[4.608303,51.572732]],"type":"LineString"},"id":"8c625d30-2d23-56ac-a02a-232a7bb934a8","properties":{"ASSET_KIND":"official_transmission_line","EVIDENCE":"official","GEOMETRY_CONFIDENCE":"official-top10nl-1:10000-rounded-6dp-no-simplification","HEIGHT_LEVEL":0,"LOCAL_ID":"122034966","MUTATION_TYPE":null,"NAME":null,"NAMESPACE":"NL.TOP10NL","NUMBER":null,"OBJECT_BEGIN_DATE":"2011-08-25","ORIGINAL_ID":"8c625d30-2d23-56ac-a02a-232a7bb934a8","REGION_KEY":"netherlands","REGISTRATION_DATE":"2019-02-01","SOURCE_ACCURACY_M":0.1,"SOURCE_DATE":"2026-06-01","SOURCE_FEATURE_DATE":"2018-01-01","SOURCE_ID":"nl-kadaster-top10nl-high-voltage-2026-06","SOURCE_LICENSE":"CC BY 4.0","SOURCE_METHOD":"luchtfoto","SOURCE_URL":"https://api.pdok.nl/kadaster/brt-top10nl/ogc/v1","TOP10NL_CODE":481,"TOP10NL_TYPE":"hoogspanningsleiding","VISUALISATION_CODE":15210,"VOLTAGE_KV":null},"type":"Feature"},{"geometry":{"coordinates":[[6.086346,51.452048],[6.087436,51.450722],[6.089406,51.448397],[6.09134,51.446106],[6.093161,51.443981],[6.09414,51.441439],[6.094993,51.439126],[6.096028,51.436303],[6.097086,51.433481],[6.098128,51.430639],[6.099156,51.427864],[6.099855,51.425922],[6.100774,51.423494],[6.101758,51.420848],[6.102698,51.418301],[6.103638,51.415778],[6.104563,51.413232],[6.105518,51.410675],[6.106399,51.408324],[6.10731,51.405887],[6.108271,51.403292],[6.109101,51.401022],[6.109522,51.399861],[6.109526,51.399851],[6.109894,51.398837],[6.110199,51.398024],[6.110211,51.397992],[6.110212,51.397989],[6.110215,51.397982],[6.110643,51.396838],[6.110674,51.396757],[6.110886,51.396176],[6.111649,51.394096],[6.111691,51.39398],[6.111703,51.393948],[6.111709,51.393931],[6.111716,51.393914],[6.111727,51.393884],[6.11174,51.393847],[6.111818,51.393636],[6.111848,51.393554],[6.111876,51.393479],[6.111903,51.393404],[6.111928,51.393336],[6.11203,51.393059],[6.11204,51.393033],[6.112048,51.39301],[6.112114,51.39283],[6.1122,51.392601],[6.112245,51.392481],[6.112318,51.392285],[6.112352,51.392194],[6.112388,51.392097],[6.112419,51.392014],[6.112476,51.391863],[6.112544,51.39168],[6.112565,51.391623],[6.112589,51.391559],[6.112613,51.391496],[6.112646,51.391407],[6.112747,51.391137],[6.112755,51.391115],[6.112821,51.39094],[6.112625,51.390568],[6.112444,51.390225]],"type":"LineString"},"id":"8db3e90b-95f6-5c3d-b169-a065d63b61fd","properties":{"ASSET_KIND":"official_transmission_line","EVIDENCE":"official","GEOMETRY_CONFIDENCE":"official-top10nl-1:10000-rounded-6dp-no-simplification","HEIGHT_LEVEL":0,"LOCAL_ID":"122082948","MUTATION_TYPE":null,"NAME":null,"NAMESPACE":"NL.TOP10NL","NUMBER":null,"OBJECT_BEGIN_DATE":"2011-08-25","ORIGINAL_ID":"8db3e90b-95f6-5c3d-b169-a065d63b61fd","REGION_KEY":"netherlands","REGISTRATION_DATE":"2019-02-01","SOURCE_ACCURACY_M":0.1,"SOURCE_DATE":"2026-06-01","SOURCE_FEATURE_DATE":"2018-01-01","SOURCE_ID":"nl-kadaster-top10nl-high-voltage-2026-06","SOURCE_LICENSE":"CC BY 4.0","SOURCE_METHOD":"luchtfoto","SOURCE_URL":"https://api.pdok.nl/kadaster/brt-top10nl/ogc/v1","TOP10NL_CODE":481,"TOP10NL_TYPE":"hoogspanningsleiding","VISUALISATION_CODE":15210,"VOLTAGE_KV":null},"type":"Feature"},{"geometry":{"coordinates":[[6.597116,52.574544],[6.596903,52.574894],[6.593319,52.575448],[6.588318,52.576198],[6.583259,52.576954],[6.578266,52.577758],[6.573199,52.578523],[6.569027,52.579161],[6.566046,52.581738],[6.563049,52.584305],[6.560052,52.586867],[6.557053,52.5894],[6.554063,52.591981],[6.551057,52.594543],[6.548066,52.5971],[6.545074,52.599652],[6.542051,52.602229],[6.539099,52.604775],[6.536,52.607303],[6.533735,52.609212],[6.530578,52.611674],[6.528046,52.613886]],"type":"LineString"},"id":"8dd9db11-36ab-5d42-93d1-596c4ce42425","properties":{"ASSET_KIND":"official_transmission_line","EVIDENCE":"official","GEOMETRY_CONFIDENCE":"official-top10nl-1:10000-rounded-6dp-no-simplification","HEIGHT_LEVEL":0,"LOCAL_ID":"122082940","MUTATION_TYPE":null,"NAME":null,"NAMESPACE":"NL.TOP10NL","NUMBER":null,"OBJECT_BEGIN_DATE":"2011-08-25","ORIGINAL_ID":"8dd9db11-36ab-5d42-93d1-596c4ce42425","REGION_KEY":"netherlands","REGISTRATION_DATE":"2019-02-01","SOURCE_ACCURACY_M":0.1,"SOURCE_DATE":"2026-06-01","SOURCE_FEATURE_DATE":"2018-01-01","SOURCE_ID":"nl-kadaster-top10nl-high-voltage-2026-06","SOURCE_LICENSE":"CC BY 4.0","SOURCE_METHOD":"luchtfoto","SOURCE_URL":"https://api.pdok.nl/kadaster/brt-top10nl/ogc/v1","TOP10NL_CODE":481,"TOP10NL_TYPE":"hoogspanningsleiding","VISUALISATION_CODE":15210,"VOLTAGE_KV":null},"type":"Feature"},{"geometry":{"coordinates":[[6.948203,53.124754],[6.949836,53.123707]],"type":"LineString"},"id":"8e51f8a8-1a91-5eef-aa2e-51abb65d6b16","properties":{"ASSET_KIND":"official_transmission_line","EVIDENCE":"official","GEOMETRY_CONFIDENCE":"official-top10nl-1:10000-rounded-6dp-no-simplification","HEIGHT_LEVEL":0,"LOCAL_ID":"122083301","MUTATION_TYPE":null,"NAME":null,"NAMESPACE":"NL.TOP10NL","NUMBER":null,"OBJECT_BEGIN_DATE":"2011-08-25","ORIGINAL_ID":"8e51f8a8-1a91-5eef-aa2e-51abb65d6b16","REGION_KEY":"netherlands","REGISTRATION_DATE":"2019-02-01","SOURCE_ACCURACY_M":0.1,"SOURCE_DATE":"2026-06-01","SOURCE_FEATURE_DATE":"2018-01-01","SOURCE_ID":"nl-kadaster-top10nl-high-voltage-2026-06","SOURCE_LICENSE":"CC BY 4.0","SOURCE_METHOD":"luchtfoto","SOURCE_URL":"https://api.pdok.nl/kadaster/brt-top10nl/ogc/v1","TOP10NL_CODE":481,"TOP10NL_TYPE":"hoogspanningsleiding","VISUALISATION_CODE":15210,"VOLTAGE_KV":null},"type":"Feature"},{"geometry":{"coordinates":[[5.341252,52.167147],[5.341226,52.167034],[5.340076,52.165661],[5.338661,52.163153],[5.337231,52.160617],[5.336022,52.158381],[5.335145,52.155496],[5.334289,52.152605],[5.333428,52.149652],[5.33206,52.146822],[5.329243,52.144873],[5.326082,52.14459],[5.322178,52.14423],[5.318279,52.143872],[5.314565,52.143805],[5.311127,52.143948],[5.307775,52.144091],[5.304197,52.144234],[5.300443,52.144383],[5.296226,52.144565],[5.291869,52.14475],[5.287476,52.144935],[5.283098,52.145117],[5.278927,52.145286],[5.275742,52.146891],[5.272551,52.148517],[5.26932,52.150134],[5.266059,52.151782],[5.262994,52.153328],[5.259792,52.154944],[5.256535,52.156582],[5.253283,52.158218],[5.248994,52.158441],[5.246157,52.157405],[5.2433,52.156344],[5.240444,52.155274],[5.237436,52.154176],[5.234469,52.153072],[5.231586,52.152483],[5.228397,52.151833],[5.225203,52.151182],[5.22172,52.15098],[5.218152,52.150795],[5.214675,52.150595],[5.211213,52.150399],[5.20771,52.150211],[5.204173,52.150005],[5.200741,52.149814],[5.197188,52.149629],[5.193701,52.149425],[5.190204,52.149237],[5.18632,52.149026],[5.181577,52.148625],[5.176835,52.148221],[5.172238,52.14783],[5.167641,52.147425],[5.163035,52.147043],[5.158674,52.146691],[5.154348,52.146299],[5.149695,52.145905],[5.145037,52.145523],[5.14049,52.145111],[5.135835,52.144555],[5.131205,52.143998],[5.126628,52.143431],[5.121973,52.142858],[5.117672,52.142322],[5.115098,52.140002],[5.112516,52.137667],[5.109926,52.135315],[5.107342,52.132959],[5.104692,52.130628]],"type":"LineString"},"id":"8e973797-cc6e-51b4-958e-3216762bcd58","properties":{"ASSET_KIND":"official_transmission_line","EVIDENCE":"official","GEOMETRY_CONFIDENCE":"official-top10nl-1:10000-rounded-6dp-no-simplification","HEIGHT_LEVEL":0,"LOCAL_ID":"122083216","MUTATION_TYPE":null,"NAME":null,"NAMESPACE":"NL.TOP10NL","NUMBER":null,"OBJECT_BEGIN_DATE":"2011-08-25","ORIGINAL_ID":"8e973797-cc6e-51b4-958e-3216762bcd58","REGION_KEY":"netherlands","REGISTRATION_DATE":"2019-02-01","SOURCE_ACCURACY_M":0.1,"SOURCE_DATE":"2026-06-01","SOURCE_FEATURE_DATE":"2018-01-01","SOURCE_ID":"nl-kadaster-top10nl-high-voltage-2026-06","SOURCE_LICENSE":"CC BY 4.0","SOURCE_METHOD":"luchtfoto","SOURCE_URL":"https://api.pdok.nl/kadaster/brt-top10nl/ogc/v1","TOP10NL_CODE":481,"TOP10NL_TYPE":"hoogspanningsleiding","VISUALISATION_CODE":15210,"VOLTAGE_KV":null},"type":"Feature"},{"geometry":{"coordinates":[[6.011916,52.536876],[6.009428,52.537095],[6.00694,52.537315],[6.004556,52.537525],[6.002171,52.537735],[5.999771,52.537946],[5.997372,52.538165],[5.994987,52.538375],[5.992587,52.538585],[5.990202,52.538794],[5.987817,52.539004],[5.985417,52.539214],[5.983018,52.539433],[5.980559,52.539652],[5.978086,52.539862],[5.975599,52.540225],[5.973174,52.540704],[5.970838,52.541318],[5.968562,52.542021],[5.966391,52.542822],[5.964191,52.543642],[5.962225,52.54438],[5.960245,52.545117],[5.958279,52.545855],[5.956313,52.546592],[5.954332,52.54732],[5.952337,52.548067],[5.950356,52.548813],[5.94836,52.549551],[5.946398,52.549425],[5.94445,52.5493],[5.942488,52.549165],[5.94054,52.549039],[5.938581,52.548006],[5.936637,52.546972],[5.935702,52.546536]],"type":"LineString"},"id":"8f0048bc-8a27-5db8-9b72-c179f321db85","properties":{"ASSET_KIND":"official_transmission_line","EVIDENCE":"official","GEOMETRY_CONFIDENCE":"official-top10nl-1:10000-rounded-6dp-no-simplification","HEIGHT_LEVEL":0,"LOCAL_ID":"122082924","MUTATION_TYPE":"kwaliteitsverbetering","NAME":null,"NAMESPACE":"NL.TOP10NL","NUMBER":null,"OBJECT_BEGIN_DATE":"2011-08-25","ORIGINAL_ID":"8f0048bc-8a27-5db8-9b72-c179f321db85","REGION_KEY":"netherlands","REGISTRATION_DATE":"2026-02-01","SOURCE_ACCURACY_M":0.1,"SOURCE_DATE":"2026-06-01","SOURCE_FEATURE_DATE":"2025-01-01","SOURCE_ID":"nl-kadaster-top10nl-high-voltage-2026-06","SOURCE_LICENSE":"CC BY 4.0","SOURCE_METHOD":"luchtfoto","SOURCE_URL":"https://api.pdok.nl/kadaster/brt-top10nl/ogc/v1","TOP10NL_CODE":481,"TOP10NL_TYPE":"hoogspanningsleiding","VISUALISATION_CODE":15210,"VOLTAGE_KV":null},"type":"Feature"},{"geometry":{"coordinates":[[6.466872,53.21583],[6.467428,53.218209],[6.467956,53.220656],[6.46843,53.222774],[6.469065,53.225595],[6.469619,53.228182],[6.470261,53.23099],[6.470892,53.233951],[6.471553,53.236894],[6.471731,53.237692]],"type":"LineString"},"id":"8f342c18-35d2-5bdf-a512-1f2888457350","properties":{"ASSET_KIND":"official_transmission_line","EVIDENCE":"official","GEOMETRY_CONFIDENCE":"official-top10nl-1:10000-rounded-6dp-no-simplification","HEIGHT_LEVEL":0,"LOCAL_ID":"132350597","MUTATION_TYPE":"werkelijke verandering","NAME":null,"NAMESPACE":"NL.TOP10NL","NUMBER":null,"OBJECT_BEGIN_DATE":"2025-02-01","ORIGINAL_ID":"8f342c18-35d2-5bdf-a512-1f2888457350","REGION_KEY":"netherlands","REGISTRATION_DATE":"2025-02-01","SOURCE_ACCURACY_M":0.1,"SOURCE_DATE":"2026-06-01","SOURCE_FEATURE_DATE":"2024-01-01","SOURCE_ID":"nl-kadaster-top10nl-high-voltage-2026-06","SOURCE_LICENSE":"CC BY 4.0","SOURCE_METHOD":"luchtfoto","SOURCE_URL":"https://api.pdok.nl/kadaster/brt-top10nl/ogc/v1","TOP10NL_CODE":481,"TOP10NL_TYPE":"hoogspanningsleiding","VISUALISATION_CODE":15210,"VOLTAGE_KV":null},"type":"Feature"},{"geometry":{"coordinates":[[4.836067,52.633679],[4.836051,52.634422],[4.839682,52.637199],[4.843418,52.640001],[4.847121,52.642814],[4.850816,52.645617],[4.854367,52.648277],[4.858071,52.651076],[4.861783,52.653875]],"type":"LineString"},"id":"8f83643f-336a-5bdb-be65-239d137f4490","properties":{"ASSET_KIND":"official_transmission_line","EVIDENCE":"official","GEOMETRY_CONFIDENCE":"official-top10nl-1:10000-rounded-6dp-no-simplification","HEIGHT_LEVEL":0,"LOCAL_ID":"128795037","MUTATION_TYPE":null,"NAME":null,"NAMESPACE":"NL.TOP10NL","NUMBER":null,"OBJECT_BEGIN_DATE":"2015-08-30","ORIGINAL_ID":"8f83643f-336a-5bdb-be65-239d137f4490","REGION_KEY":"netherlands","REGISTRATION_DATE":"2019-02-01","SOURCE_ACCURACY_M":0.1,"SOURCE_DATE":"2026-06-01","SOURCE_FEATURE_DATE":"2018-01-01","SOURCE_ID":"nl-kadaster-top10nl-high-voltage-2026-06","SOURCE_LICENSE":"CC BY 4.0","SOURCE_METHOD":"luchtfoto","SOURCE_URL":"https://api.pdok.nl/kadaster/brt-top10nl/ogc/v1","TOP10NL_CODE":481,"TOP10NL_TYPE":"hoogspanningsleiding","VISUALISATION_CODE":15210,"VOLTAGE_KV":null},"type":"Feature"},{"geometry":{"coordinates":[[5.786525,50.984664],[5.786556,50.983817],[5.786696,50.981111],[5.78836,50.978528],[5.789646,50.976441],[5.790181,50.974037],[5.790336,50.973877]],"type":"LineString"},"id":"8f910204-50fa-575b-8890-fe179da65ef9","properties":{"ASSET_KIND":"official_transmission_line","EVIDENCE":"official","GEOMETRY_CONFIDENCE":"official-top10nl-1:10000-rounded-6dp-no-simplification","HEIGHT_LEVEL":0,"LOCAL_ID":"122083286","MUTATION_TYPE":null,"NAME":null,"NAMESPACE":"NL.TOP10NL","NUMBER":null,"OBJECT_BEGIN_DATE":"2011-08-25","ORIGINAL_ID":"8f910204-50fa-575b-8890-fe179da65ef9","REGION_KEY":"netherlands","REGISTRATION_DATE":"2019-02-01","SOURCE_ACCURACY_M":0.1,"SOURCE_DATE":"2026-06-01","SOURCE_FEATURE_DATE":"2018-01-01","SOURCE_ID":"nl-kadaster-top10nl-high-voltage-2026-06","SOURCE_LICENSE":"CC BY 4.0","SOURCE_METHOD":"luchtfoto","SOURCE_URL":"https://api.pdok.nl/kadaster/brt-top10nl/ogc/v1","TOP10NL_CODE":481,"TOP10NL_TYPE":"hoogspanningsleiding","VISUALISATION_CODE":15210,"VOLTAGE_KV":null},"type":"Feature"},{"geometry":{"coordinates":[[5.966539,51.693337],[5.965671,51.693363],[5.961009,51.693065],[5.955924,51.692739],[5.95105,51.692435],[5.946469,51.691102],[5.942024,51.689796],[5.937776,51.689944],[5.933511,51.690093],[5.928943,51.690249],[5.925097,51.690371],[5.920946,51.690515],[5.916736,51.690663],[5.912401,51.690811],[5.90889,51.68933],[5.905401,51.68786],[5.902988,51.686843],[5.902687,51.686716],[5.901216,51.68609],[5.901158,51.686065],[5.901098,51.68604],[5.901049,51.686019],[5.899593,51.685399],[5.899198,51.685231],[5.899167,51.685218],[5.89914,51.685206],[5.89911,51.685193],[5.899031,51.68516],[5.898706,51.685021],[5.896444,51.684063],[5.894879,51.6834],[5.89439,51.683192],[5.894341,51.683172],[5.894258,51.683137],[5.894192,51.683109],[5.893708,51.682903],[5.893148,51.682666],[5.893061,51.682629],[5.892972,51.682592],[5.892876,51.682551],[5.892795,51.682516],[5.892218,51.682272],[5.892098,51.682221],[5.892037,51.682195],[5.891746,51.682072],[5.891679,51.682043],[5.891597,51.682009],[5.891386,51.681919],[5.891282,51.681875],[5.891265,51.681868],[5.891101,51.681798],[5.889334,51.68105],[5.8874,51.68023],[5.886469,51.680427],[5.886185,51.680487],[5.885954,51.680536]],"type":"LineString"},"id":"90b6b364-112c-59cd-af44-f69e32168a8d","properties":{"ASSET_KIND":"official_transmission_line","EVIDENCE":"official","GEOMETRY_CONFIDENCE":"official-top10nl-1:10000-rounded-6dp-no-simplification","HEIGHT_LEVEL":0,"LOCAL_ID":"122082921","MUTATION_TYPE":null,"NAME":null,"NAMESPACE":"NL.TOP10NL","NUMBER":null,"OBJECT_BEGIN_DATE":"2011-08-25","ORIGINAL_ID":"90b6b364-112c-59cd-af44-f69e32168a8d","REGION_KEY":"netherlands","REGISTRATION_DATE":"2019-02-01","SOURCE_ACCURACY_M":0.1,"SOURCE_DATE":"2026-06-01","SOURCE_FEATURE_DATE":"2018-01-01","SOURCE_ID":"nl-kadaster-top10nl-high-voltage-2026-06","SOURCE_LICENSE":"CC BY 4.0","SOURCE_METHOD":"luchtfoto","SOURCE_URL":"https://api.pdok.nl/kadaster/brt-top10nl/ogc/v1","TOP10NL_CODE":481,"TOP10NL_TYPE":"hoogspanningsleiding","VISUALISATION_CODE":15210,"VOLTAGE_KV":null},"type":"Feature"},{"geometry":{"coordinates":[[4.308065,52.015793],[4.309153,52.013593],[4.310214,52.011544],[4.310579,52.010815],[4.311155,52.007986],[4.311309,52.007473],[4.311335,52.007387],[4.311397,52.007181],[4.311403,52.007162],[4.311554,52.00666],[4.311707,52.006153],[4.311751,52.006007],[4.311771,52.00594],[4.311779,52.005913],[4.3118,52.005844],[4.311809,52.005813],[4.311863,52.005634],[4.311889,52.005547],[4.31194,52.005378],[4.312916,52.002164],[4.315219,51.999493],[4.317682,51.996667],[4.319572,51.994249],[4.322315,51.991604],[4.323942,51.989807],[4.324898,51.98875],[4.325957,51.987744],[4.32771,51.986078],[4.328602,51.985145],[4.329628,51.984072],[4.329785,51.983907],[4.329852,51.983837],[4.329876,51.983812],[4.329894,51.983793],[4.329912,51.983775],[4.329925,51.983761],[4.32995,51.983735],[4.329971,51.983713],[4.32998,51.983704],[4.330009,51.983673],[4.330035,51.983646],[4.33007,51.983609],[4.330109,51.98357],[4.330173,51.983501],[4.330292,51.983377],[4.3303,51.983369],[4.330508,51.983184],[4.33069,51.98302],[4.330752,51.982964],[4.330961,51.982777],[4.331024,51.982721],[4.331234,51.982533],[4.331381,51.982401],[4.331436,51.982352],[4.331477,51.982315],[4.333215,51.980757]],"type":"LineString"},"id":"90e18769-1e73-56d5-ba3a-c3418c7a103a","properties":{"ASSET_KIND":"official_transmission_line","EVIDENCE":"official","GEOMETRY_CONFIDENCE":"official-top10nl-1:10000-rounded-6dp-no-simplification","HEIGHT_LEVEL":0,"LOCAL_ID":"131758801","MUTATION_TYPE":"werkelijke verandering","NAME":null,"NAMESPACE":"NL.TOP10NL","NUMBER":null,"OBJECT_BEGIN_DATE":"2022-06-01","ORIGINAL_ID":"90e18769-1e73-56d5-ba3a-c3418c7a103a","REGION_KEY":"netherlands","REGISTRATION_DATE":"2022-06-01","SOURCE_ACCURACY_M":0.1,"SOURCE_DATE":"2026-06-01","SOURCE_FEATURE_DATE":"2021-01-01","SOURCE_ID":"nl-kadaster-top10nl-high-voltage-2026-06","SOURCE_LICENSE":"CC BY 4.0","SOURCE_METHOD":"luchtfoto","SOURCE_URL":"https://api.pdok.nl/kadaster/brt-top10nl/ogc/v1","TOP10NL_CODE":481,"TOP10NL_TYPE":"hoogspanningsleiding","VISUALISATION_CODE":15210,"VOLTAGE_KV":null},"type":"Feature"},{"geometry":{"coordinates":[[6.028474,53.213255],[6.028028,53.213689],[6.026773,53.216216],[6.023645,53.217651],[6.021425,53.217325],[6.017787,53.216812],[6.014073,53.21628],[6.010333,53.215748],[6.006619,53.215205],[6.002911,53.214672],[5.999223,53.214148],[5.995434,53.213743],[5.992014,53.213358],[5.991663,53.213318],[5.989757,53.2131],[5.989701,53.213093],[5.989665,53.213089],[5.989581,53.21308],[5.98818,53.212919],[5.988141,53.212915],[5.988082,53.212908],[5.988023,53.212901],[5.987925,53.21289],[5.987365,53.212828],[5.987327,53.212824],[5.985668,53.21264],[5.984162,53.212473],[5.980489,53.212067],[5.976699,53.211642],[5.97291,53.211213],[5.96916,53.210804],[5.965365,53.210383],[5.961589,53.209953],[5.957807,53.209536],[5.954056,53.20911],[5.950261,53.208688],[5.946467,53.20827],[5.942832,53.207855],[5.939083,53.207441],[5.935352,53.20703],[5.931622,53.206611],[5.927866,53.206185],[5.924142,53.20577],[5.920406,53.205343],[5.916663,53.204924],[5.913383,53.20456],[5.909668,53.20433],[5.905979,53.204099],[5.902284,53.203876],[5.898595,53.203657],[5.894784,53.203422],[5.890986,53.203184],[5.887573,53.202967],[5.883955,53.202742],[5.880938,53.200619],[5.878051,53.19856],[5.875084,53.196456],[5.875213,53.193765],[5.875288,53.191115],[5.875426,53.19091]],"type":"LineString"},"id":"91e16fbe-2e92-50f5-9bb1-5f7d5b1c79b0","properties":{"ASSET_KIND":"official_transmission_line","EVIDENCE":"official","GEOMETRY_CONFIDENCE":"official-top10nl-1:10000-rounded-6dp-no-simplification","HEIGHT_LEVEL":0,"LOCAL_ID":"122083092","MUTATION_TYPE":null,"NAME":null,"NAMESPACE":"NL.TOP10NL","NUMBER":null,"OBJECT_BEGIN_DATE":"2011-08-25","ORIGINAL_ID":"91e16fbe-2e92-50f5-9bb1-5f7d5b1c79b0","REGION_KEY":"netherlands","REGISTRATION_DATE":"2019-02-01","SOURCE_ACCURACY_M":0.1,"SOURCE_DATE":"2026-06-01","SOURCE_FEATURE_DATE":"2018-01-01","SOURCE_ID":"nl-kadaster-top10nl-high-voltage-2026-06","SOURCE_LICENSE":"CC BY 4.0","SOURCE_METHOD":"luchtfoto","SOURCE_URL":"https://api.pdok.nl/kadaster/brt-top10nl/ogc/v1","TOP10NL_CODE":481,"TOP10NL_TYPE":"hoogspanningsleiding","VISUALISATION_CODE":15210,"VOLTAGE_KV":null},"type":"Feature"},{"geometry":{"coordinates":[[6.405306,52.169674],[6.401707,52.169755],[6.397702,52.169857],[6.39349,52.169989],[6.390318,52.167993],[6.38743,52.166144],[6.387427,52.166025]],"type":"LineString"},"id":"923c3867-4599-53d3-9019-1ecb1eded722","properties":{"ASSET_KIND":"official_transmission_line","EVIDENCE":"official","GEOMETRY_CONFIDENCE":"official-top10nl-1:10000-rounded-6dp-no-simplification","HEIGHT_LEVEL":0,"LOCAL_ID":"122083133","MUTATION_TYPE":null,"NAME":null,"NAMESPACE":"NL.TOP10NL","NUMBER":null,"OBJECT_BEGIN_DATE":"2011-08-25","ORIGINAL_ID":"923c3867-4599-53d3-9019-1ecb1eded722","REGION_KEY":"netherlands","REGISTRATION_DATE":"2019-02-01","SOURCE_ACCURACY_M":0.1,"SOURCE_DATE":"2026-06-01","SOURCE_FEATURE_DATE":"2018-01-01","SOURCE_ID":"nl-kadaster-top10nl-high-voltage-2026-06","SOURCE_LICENSE":"CC BY 4.0","SOURCE_METHOD":"luchtfoto","SOURCE_URL":"https://api.pdok.nl/kadaster/brt-top10nl/ogc/v1","TOP10NL_CODE":481,"TOP10NL_TYPE":"hoogspanningsleiding","VISUALISATION_CODE":15210,"VOLTAGE_KV":null},"type":"Feature"},{"geometry":{"coordinates":[[6.429124,51.902282],[6.432423,51.903047],[6.435676,51.903794],[6.438945,51.904545],[6.442198,51.905287],[6.445467,51.906038],[6.448856,51.90683],[6.451983,51.907545],[6.455275,51.908305],[6.458701,51.909096],[6.461993,51.909846],[6.465247,51.910597],[6.468517,51.911356],[6.47162,51.912581],[6.474378,51.913635],[6.477428,51.914809],[6.480254,51.915903],[6.483282,51.917078],[6.48631,51.918253],[6.489293,51.919405],[6.49233,51.920598],[6.495374,51.921772],[6.498395,51.922932],[6.501417,51.924107],[6.504401,51.925268],[6.507599,51.926036],[6.510878,51.926822],[6.514166,51.927603],[6.517266,51.928354],[6.520667,51.929184],[6.523274,51.929807],[6.526659,51.930614],[6.53003,51.931445],[6.53299,51.932192],[6.53636,51.932985],[6.539731,51.933802],[6.542653,51.934494],[6.545754,51.935492],[6.548929,51.936512],[6.552113,51.937541],[6.555348,51.938551],[6.558466,51.93959],[6.561589,51.940587],[6.564309,51.941464],[6.567366,51.942458],[6.570648,51.943504],[6.573428,51.944963],[6.576102,51.946359],[6.57627,51.946465]],"type":"LineString"},"id":"9244af0d-f800-5c53-a7fa-ebe6a0b5234c","properties":{"ASSET_KIND":"official_transmission_line","EVIDENCE":"official","GEOMETRY_CONFIDENCE":"official-top10nl-1:10000-rounded-6dp-no-simplification","HEIGHT_LEVEL":0,"LOCAL_ID":"122083059","MUTATION_TYPE":"kwaliteitsverbetering","NAME":null,"NAMESPACE":"NL.TOP10NL","NUMBER":null,"OBJECT_BEGIN_DATE":"2011-08-25","ORIGINAL_ID":"9244af0d-f800-5c53-a7fa-ebe6a0b5234c","REGION_KEY":"netherlands","REGISTRATION_DATE":"2021-02-01","SOURCE_ACCURACY_M":0.1,"SOURCE_DATE":"2026-06-01","SOURCE_FEATURE_DATE":"2020-01-01","SOURCE_ID":"nl-kadaster-top10nl-high-voltage-2026-06","SOURCE_LICENSE":"CC BY 4.0","SOURCE_METHOD":"luchtfoto","SOURCE_URL":"https://api.pdok.nl/kadaster/brt-top10nl/ogc/v1","TOP10NL_CODE":481,"TOP10NL_TYPE":"hoogspanningsleiding","VISUALISATION_CODE":15210,"VOLTAGE_KV":null},"type":"Feature"},{"geometry":{"coordinates":[[5.425551,51.901932],[5.421283,51.901292],[5.417743,51.900776],[5.412132,51.900717],[5.407936,51.900832],[5.403402,51.900055],[5.398724,51.899256],[5.39447,51.898414],[5.392493,51.895636],[5.388448,51.8937],[5.384508,51.891809]],"type":"LineString"},"id":"928aab70-476d-5fb5-8729-033394dbc54a","properties":{"ASSET_KIND":"official_transmission_line","EVIDENCE":"official","GEOMETRY_CONFIDENCE":"official-top10nl-1:10000-rounded-6dp-no-simplification","HEIGHT_LEVEL":0,"LOCAL_ID":"131829190","MUTATION_TYPE":"werkelijke verandering","NAME":null,"NAMESPACE":"NL.TOP10NL","NUMBER":null,"OBJECT_BEGIN_DATE":"2023-02-01","ORIGINAL_ID":"928aab70-476d-5fb5-8729-033394dbc54a","REGION_KEY":"netherlands","REGISTRATION_DATE":"2023-02-01","SOURCE_ACCURACY_M":0.1,"SOURCE_DATE":"2026-06-01","SOURCE_FEATURE_DATE":"2022-01-01","SOURCE_ID":"nl-kadaster-top10nl-high-voltage-2026-06","SOURCE_LICENSE":"CC BY 4.0","SOURCE_METHOD":"luchtfoto","SOURCE_URL":"https://api.pdok.nl/kadaster/brt-top10nl/ogc/v1","TOP10NL_CODE":481,"TOP10NL_TYPE":"hoogspanningsleiding","VISUALISATION_CODE":15210,"VOLTAGE_KV":null},"type":"Feature"},{"geometry":{"coordinates":[[6.759535,52.248115],[6.75995,52.247169],[6.762972,52.244733],[6.766007,52.242381],[6.770755,52.241822],[6.77527,52.241319],[6.77988,52.24079],[6.782708,52.240464],[6.783873,52.240692]],"type":"LineString"},"id":"92adcf1c-9f95-5f7a-8172-4e6a12a26ce8","properties":{"ASSET_KIND":"official_transmission_line","EVIDENCE":"official","GEOMETRY_CONFIDENCE":"official-top10nl-1:10000-rounded-6dp-no-simplification","HEIGHT_LEVEL":0,"LOCAL_ID":"122082971","MUTATION_TYPE":null,"NAME":null,"NAMESPACE":"NL.TOP10NL","NUMBER":null,"OBJECT_BEGIN_DATE":"2011-08-25","ORIGINAL_ID":"92adcf1c-9f95-5f7a-8172-4e6a12a26ce8","REGION_KEY":"netherlands","REGISTRATION_DATE":"2019-02-01","SOURCE_ACCURACY_M":0.1,"SOURCE_DATE":"2026-06-01","SOURCE_FEATURE_DATE":"2018-01-01","SOURCE_ID":"nl-kadaster-top10nl-high-voltage-2026-06","SOURCE_LICENSE":"CC BY 4.0","SOURCE_METHOD":"luchtfoto","SOURCE_URL":"https://api.pdok.nl/kadaster/brt-top10nl/ogc/v1","TOP10NL_CODE":481,"TOP10NL_TYPE":"hoogspanningsleiding","VISUALISATION_CODE":15210,"VOLTAGE_KV":null},"type":"Feature"},{"geometry":{"coordinates":[[5.360925,51.869239],[5.361116,51.866533],[5.361349,51.863529],[5.361607,51.860385],[5.361847,51.857339],[5.362086,51.854199],[5.362344,51.851051],[5.362595,51.847918],[5.362829,51.84474],[5.363086,51.841555],[5.361144,51.838901],[5.359117,51.836115],[5.357132,51.833374],[5.35524,51.830781],[5.353195,51.827964],[5.351193,51.825224],[5.349459,51.822808],[5.347701,51.82041],[5.345888,51.817922],[5.343948,51.815223],[5.341716,51.812168],[5.337059,51.811314],[5.328402,51.809777],[5.3231,51.808823],[5.319272,51.807089],[5.316717,51.805906],[5.31376,51.804587],[5.310949,51.803237],[5.308102,51.801914],[5.30528,51.800614],[5.3025,51.799314],[5.299569,51.797994],[5.296872,51.798128],[5.294193,51.798273],[5.291216,51.798437],[5.288251,51.798582],[5.285334,51.798738],[5.2824,51.798886],[5.278774,51.800495],[5.278635,51.800571]],"type":"LineString"},"id":"93117605-ac01-564c-9221-d29d55fe1fe6","properties":{"ASSET_KIND":"official_transmission_line","EVIDENCE":"official","GEOMETRY_CONFIDENCE":"official-top10nl-1:10000-rounded-6dp-no-simplification","HEIGHT_LEVEL":0,"LOCAL_ID":"122083347","MUTATION_TYPE":"werkelijke verandering","NAME":null,"NAMESPACE":"NL.TOP10NL","NUMBER":null,"OBJECT_BEGIN_DATE":"2011-08-25","ORIGINAL_ID":"93117605-ac01-564c-9221-d29d55fe1fe6","REGION_KEY":"netherlands","REGISTRATION_DATE":"2023-02-01","SOURCE_ACCURACY_M":0.1,"SOURCE_DATE":"2026-06-01","SOURCE_FEATURE_DATE":"2022-01-01","SOURCE_ID":"nl-kadaster-top10nl-high-voltage-2026-06","SOURCE_LICENSE":"CC BY 4.0","SOURCE_METHOD":"luchtfoto","SOURCE_URL":"https://api.pdok.nl/kadaster/brt-top10nl/ogc/v1","TOP10NL_CODE":481,"TOP10NL_TYPE":"hoogspanningsleiding","VISUALISATION_CODE":15210,"VOLTAGE_KV":null},"type":"Feature"},{"geometry":{"coordinates":[[4.483839,52.205799],[4.483667,52.205658],[4.48154,52.203898],[4.481794,52.201721],[4.482188,52.198623],[4.482554,52.195483],[4.482948,52.192375],[4.485614,52.188773],[4.487083,52.186787],[4.488512,52.184855],[4.489173,52.183962],[4.489257,52.183848],[4.489392,52.183666],[4.489766,52.183161],[4.489938,52.182922],[4.489979,52.182866],[4.490005,52.182829],[4.490034,52.18279],[4.49022,52.182532],[4.4912,52.181175],[4.491331,52.181001],[4.491398,52.180911],[4.49366,52.177896],[4.495236,52.175794],[4.495392,52.175581]],"type":"LineString"},"id":"93591049-025c-5942-8019-df53eb964528","properties":{"ASSET_KIND":"official_transmission_line","EVIDENCE":"official","GEOMETRY_CONFIDENCE":"official-top10nl-1:10000-rounded-6dp-no-simplification","HEIGHT_LEVEL":0,"LOCAL_ID":"122083044","MUTATION_TYPE":null,"NAME":null,"NAMESPACE":"NL.TOP10NL","NUMBER":null,"OBJECT_BEGIN_DATE":"2011-08-25","ORIGINAL_ID":"93591049-025c-5942-8019-df53eb964528","REGION_KEY":"netherlands","REGISTRATION_DATE":"2019-02-01","SOURCE_ACCURACY_M":0.1,"SOURCE_DATE":"2026-06-01","SOURCE_FEATURE_DATE":"2018-01-01","SOURCE_ID":"nl-kadaster-top10nl-high-voltage-2026-06","SOURCE_LICENSE":"CC BY 4.0","SOURCE_METHOD":"luchtfoto","SOURCE_URL":"https://api.pdok.nl/kadaster/brt-top10nl/ogc/v1","TOP10NL_CODE":481,"TOP10NL_TYPE":"hoogspanningsleiding","VISUALISATION_CODE":15210,"VOLTAGE_KV":null},"type":"Feature"},{"geometry":{"coordinates":[[4.834032,51.700937],[4.834452,51.700915],[4.83558,51.700718]],"type":"LineString"},"id":"93a50480-1511-5ce1-952e-02540c2a2bea","properties":{"ASSET_KIND":"official_transmission_line","EVIDENCE":"official","GEOMETRY_CONFIDENCE":"official-top10nl-1:10000-rounded-6dp-no-simplification","HEIGHT_LEVEL":0,"LOCAL_ID":"122083135","MUTATION_TYPE":null,"NAME":null,"NAMESPACE":"NL.TOP10NL","NUMBER":null,"OBJECT_BEGIN_DATE":"2011-08-25","ORIGINAL_ID":"93a50480-1511-5ce1-952e-02540c2a2bea","REGION_KEY":"netherlands","REGISTRATION_DATE":"2019-02-01","SOURCE_ACCURACY_M":0.1,"SOURCE_DATE":"2026-06-01","SOURCE_FEATURE_DATE":"2018-01-01","SOURCE_ID":"nl-kadaster-top10nl-high-voltage-2026-06","SOURCE_LICENSE":"CC BY 4.0","SOURCE_METHOD":"luchtfoto","SOURCE_URL":"https://api.pdok.nl/kadaster/brt-top10nl/ogc/v1","TOP10NL_CODE":481,"TOP10NL_TYPE":"hoogspanningsleiding","VISUALISATION_CODE":15210,"VOLTAGE_KV":null},"type":"Feature"},{"geometry":{"coordinates":[[5.892255,52.009617],[5.890986,52.008717],[5.88791,52.00671],[5.885118,52.004849],[5.882901,52.003388],[5.882603,52.000874],[5.879858,51.999233],[5.876316,51.997491],[5.873454,51.996079],[5.872674,51.995176],[5.873072,51.993194],[5.873452,51.991226],[5.873831,51.989162],[5.870161,51.987707],[5.867612,51.986699],[5.864368,51.984631],[5.861541,51.9828],[5.850935,51.965762]],"type":"LineString"},"id":"93e84c65-988e-5732-9736-67a7957d32a2","properties":{"ASSET_KIND":"official_transmission_line","EVIDENCE":"official","GEOMETRY_CONFIDENCE":"official-top10nl-1:10000-rounded-6dp-no-simplification","HEIGHT_LEVEL":0,"LOCAL_ID":"122083289","MUTATION_TYPE":null,"NAME":null,"NAMESPACE":"NL.TOP10NL","NUMBER":null,"OBJECT_BEGIN_DATE":"2011-08-25","ORIGINAL_ID":"93e84c65-988e-5732-9736-67a7957d32a2","REGION_KEY":"netherlands","REGISTRATION_DATE":"2019-02-01","SOURCE_ACCURACY_M":0.1,"SOURCE_DATE":"2026-06-01","SOURCE_FEATURE_DATE":"2018-01-01","SOURCE_ID":"nl-kadaster-top10nl-high-voltage-2026-06","SOURCE_LICENSE":"CC BY 4.0","SOURCE_METHOD":"luchtfoto","SOURCE_URL":"https://api.pdok.nl/kadaster/brt-top10nl/ogc/v1","TOP10NL_CODE":481,"TOP10NL_TYPE":"hoogspanningsleiding","VISUALISATION_CODE":15210,"VOLTAGE_KV":null},"type":"Feature"},{"geometry":{"coordinates":[[3.864652,51.490546],[3.864873,51.489626],[3.868044,51.48794],[3.87137,51.486178],[3.874603,51.484439],[3.877765,51.482757],[3.881044,51.481009],[3.884464,51.479171],[3.887876,51.477343],[3.891013,51.475689],[3.894252,51.473954],[3.898676,51.473579],[3.903101,51.473179],[3.907718,51.472796],[3.912481,51.472376],[3.916327,51.472045],[3.920959,51.471648],[3.925245,51.471279],[3.929761,51.470894],[3.934474,51.470486],[3.939086,51.470071],[3.943385,51.469719],[3.94796,51.469326],[3.952536,51.468932],[3.956775,51.468557],[3.960842,51.467512],[3.964995,51.466422],[3.96731,51.465914],[3.969544,51.465354],[3.974629,51.464628]],"type":"LineString"},"id":"9409e49e-0f01-5f98-a995-94e04113419a","properties":{"ASSET_KIND":"official_transmission_line","EVIDENCE":"official","GEOMETRY_CONFIDENCE":"official-top10nl-1:10000-rounded-6dp-no-simplification","HEIGHT_LEVEL":0,"LOCAL_ID":"132561598","MUTATION_TYPE":"werkelijke verandering","NAME":null,"NAMESPACE":"NL.TOP10NL","NUMBER":null,"OBJECT_BEGIN_DATE":"2026-02-01","ORIGINAL_ID":"9409e49e-0f01-5f98-a995-94e04113419a","REGION_KEY":"netherlands","REGISTRATION_DATE":"2026-02-01","SOURCE_ACCURACY_M":0.1,"SOURCE_DATE":"2026-06-01","SOURCE_FEATURE_DATE":"2025-01-01","SOURCE_ID":"nl-kadaster-top10nl-high-voltage-2026-06","SOURCE_LICENSE":"CC BY 4.0","SOURCE_METHOD":"luchtfoto","SOURCE_URL":"https://api.pdok.nl/kadaster/brt-top10nl/ogc/v1","TOP10NL_CODE":481,"TOP10NL_TYPE":"hoogspanningsleiding","VISUALISATION_CODE":15210,"VOLTAGE_KV":null},"type":"Feature"},{"geometry":{"coordinates":[[4.585827,51.979573],[4.585832,51.979608],[4.585832,51.979609],[4.585976,51.980681],[4.586447,51.984492],[4.586964,51.988342],[4.584511,51.991766],[4.582019,51.995156],[4.57955,51.99858],[4.577081,52.001955],[4.574626,52.005365],[4.574081,52.009149],[4.573596,52.012582],[4.573119,52.016039],[4.572608,52.019606],[4.572082,52.023178],[4.571571,52.026756],[4.571166,52.029634],[4.567229,52.03061],[4.562867,52.031695],[4.558559,52.032789],[4.553882,52.033962],[4.548198,52.035379],[4.542974,52.036966],[4.539049,52.035439],[4.535101,52.036219],[4.531269,52.03697],[4.529952,52.036279]],"type":"LineString"},"id":"94e28e88-7066-5c8f-b753-7cd732b81964","properties":{"ASSET_KIND":"official_transmission_line","EVIDENCE":"official","GEOMETRY_CONFIDENCE":"official-top10nl-1:10000-rounded-6dp-no-simplification","HEIGHT_LEVEL":0,"LOCAL_ID":"130371225","MUTATION_TYPE":null,"NAME":null,"NAMESPACE":"NL.TOP10NL","NUMBER":null,"OBJECT_BEGIN_DATE":"2018-02-01","ORIGINAL_ID":"94e28e88-7066-5c8f-b753-7cd732b81964","REGION_KEY":"netherlands","REGISTRATION_DATE":"2019-02-01","SOURCE_ACCURACY_M":0.1,"SOURCE_DATE":"2026-06-01","SOURCE_FEATURE_DATE":"2018-01-01","SOURCE_ID":"nl-kadaster-top10nl-high-voltage-2026-06","SOURCE_LICENSE":"CC BY 4.0","SOURCE_METHOD":"luchtfoto","SOURCE_URL":"https://api.pdok.nl/kadaster/brt-top10nl/ogc/v1","TOP10NL_CODE":481,"TOP10NL_TYPE":"hoogspanningsleiding","VISUALISATION_CODE":15210,"VOLTAGE_KV":null},"type":"Feature"},{"geometry":{"coordinates":[[6.768454,52.27491],[6.768061,52.277581]],"type":"LineString"},"id":"9658e59e-e970-5e33-945c-2a86540afbbf","properties":{"ASSET_KIND":"official_transmission_line","EVIDENCE":"official","GEOMETRY_CONFIDENCE":"official-top10nl-1:10000-rounded-6dp-no-simplification","HEIGHT_LEVEL":0,"LOCAL_ID":"122083239","MUTATION_TYPE":null,"NAME":null,"NAMESPACE":"NL.TOP10NL","NUMBER":null,"OBJECT_BEGIN_DATE":"2011-08-25","ORIGINAL_ID":"9658e59e-e970-5e33-945c-2a86540afbbf","REGION_KEY":"netherlands","REGISTRATION_DATE":"2019-02-01","SOURCE_ACCURACY_M":0.1,"SOURCE_DATE":"2026-06-01","SOURCE_FEATURE_DATE":"2018-01-01","SOURCE_ID":"nl-kadaster-top10nl-high-voltage-2026-06","SOURCE_LICENSE":"CC BY 4.0","SOURCE_METHOD":"luchtfoto","SOURCE_URL":"https://api.pdok.nl/kadaster/brt-top10nl/ogc/v1","TOP10NL_CODE":481,"TOP10NL_TYPE":"hoogspanningsleiding","VISUALISATION_CODE":15210,"VOLTAGE_KV":null},"type":"Feature"},{"geometry":{"coordinates":[[4.907405,52.508631],[4.906511,52.509415],[4.904706,52.511012],[4.901429,52.513989],[4.897966,52.517136],[4.896788,52.518206],[4.893563,52.521114],[4.889783,52.523489],[4.885907,52.525837],[4.882506,52.527957],[4.878655,52.53031],[4.874935,52.532616],[4.87466,52.535904],[4.874411,52.539241],[4.874155,52.54238],[4.873899,52.545529],[4.873662,52.548572],[4.873412,52.551946],[4.873166,52.555021],[4.872917,52.558251],[4.870423,52.560277],[4.869878,52.56072],[4.868917,52.561501],[4.867478,52.562672],[4.866812,52.563215],[4.865901,52.563946],[4.865808,52.56402],[4.864443,52.565116],[4.864425,52.565131],[4.863869,52.565577],[4.863699,52.565715],[4.863304,52.566035],[4.863266,52.566066],[4.863228,52.566096],[4.863218,52.566105],[4.863187,52.56613],[4.863099,52.566201],[4.862772,52.566466],[4.862732,52.566499],[4.862716,52.566511],[4.86269,52.566532],[4.862506,52.566681],[4.862299,52.566849],[4.861368,52.567603],[4.86133,52.567634],[4.861174,52.56776],[4.861104,52.567817],[4.861019,52.567886],[4.860904,52.567979],[4.860802,52.568061],[4.860101,52.568627],[4.857514,52.570716],[4.854837,52.572904],[4.85441,52.573254],[4.854317,52.573329],[4.85421,52.573415],[4.854026,52.573563],[4.853232,52.574201],[4.852908,52.574462],[4.852375,52.574891],[4.852198,52.575033],[4.852196,52.575035],[4.851794,52.575358],[4.851706,52.575429],[4.851263,52.575786],[4.851303,52.576075],[4.851699,52.57889],[4.852144,52.582037],[4.852579,52.585211],[4.853024,52.588391],[4.853058,52.588633],[4.853068,52.588704],[4.853097,52.588917],[4.853119,52.589068],[4.853186,52.589553],[4.853208,52.589711],[4.853232,52.589883],[4.853246,52.589981],[4.853281,52.590228],[4.853298,52.590355],[4.853336,52.590624],[4.853345,52.590689],[4.853364,52.590823],[4.853398,52.591068],[4.8534,52.59108],[4.853413,52.591177],[4.853419,52.591214],[4.853428,52.591285],[4.853434,52.591324],[4.853446,52.591408],[4.853459,52.591503],[4.853468,52.59157],[4.853437,52.591658],[4.853409,52.591736],[4.853399,52.591764],[4.853394,52.591778],[4.85339,52.591787],[4.853313,52.592003],[4.853227,52.592245],[4.853207,52.592299],[4.852368,52.594641],[4.851376,52.597471],[4.850322,52.600398],[4.849275,52.603346],[4.848247,52.606288],[4.847218,52.609204],[4.845708,52.61269],[4.844241,52.616161],[4.842929,52.619273],[4.841625,52.6223],[4.840141,52.625749],[4.838846,52.62885],[4.83756,52.631872],[4.836949,52.632875]],"type":"LineString"},"id":"968ff448-fd04-5e2b-96b6-928e949ed2a3","properties":{"ASSET_KIND":"official_transmission_line","EVIDENCE":"official","GEOMETRY_CONFIDENCE":"official-top10nl-1:10000-rounded-6dp-no-simplification","HEIGHT_LEVEL":0,"LOCAL_ID":"122083341","MUTATION_TYPE":null,"NAME":null,"NAMESPACE":"NL.TOP10NL","NUMBER":null,"OBJECT_BEGIN_DATE":"2011-08-25","ORIGINAL_ID":"968ff448-fd04-5e2b-96b6-928e949ed2a3","REGION_KEY":"netherlands","REGISTRATION_DATE":"2019-02-01","SOURCE_ACCURACY_M":0.1,"SOURCE_DATE":"2026-06-01","SOURCE_FEATURE_DATE":"2018-01-01","SOURCE_ID":"nl-kadaster-top10nl-high-voltage-2026-06","SOURCE_LICENSE":"CC BY 4.0","SOURCE_METHOD":"luchtfoto","SOURCE_URL":"https://api.pdok.nl/kadaster/brt-top10nl/ogc/v1","TOP10NL_CODE":481,"TOP10NL_TYPE":"hoogspanningsleiding","VISUALISATION_CODE":15210,"VOLTAGE_KV":null},"type":"Feature"},{"geometry":{"coordinates":[[5.044321,52.331573],[5.040428,52.333018],[5.034729,52.332989],[5.029045,52.333],[5.024752,52.335148]],"type":"LineString"},"id":"96bef720-37af-536a-b2fa-2172b4ffce40","properties":{"ASSET_KIND":"official_transmission_line","EVIDENCE":"official","GEOMETRY_CONFIDENCE":"official-top10nl-1:10000-rounded-6dp-no-simplification","HEIGHT_LEVEL":0,"LOCAL_ID":"128872922","MUTATION_TYPE":null,"NAME":null,"NAMESPACE":"NL.TOP10NL","NUMBER":null,"OBJECT_BEGIN_DATE":"2015-11-01","ORIGINAL_ID":"96bef720-37af-536a-b2fa-2172b4ffce40","REGION_KEY":"netherlands","REGISTRATION_DATE":"2015-11-01","SOURCE_ACCURACY_M":0.1,"SOURCE_DATE":"2026-06-01","SOURCE_FEATURE_DATE":"2014-01-01","SOURCE_ID":"nl-kadaster-top10nl-high-voltage-2026-06","SOURCE_LICENSE":"CC BY 4.0","SOURCE_METHOD":"luchtfoto","SOURCE_URL":"https://api.pdok.nl/kadaster/brt-top10nl/ogc/v1","TOP10NL_CODE":481,"TOP10NL_TYPE":"hoogspanningsleiding","VISUALISATION_CODE":15210,"VOLTAGE_KV":null},"type":"Feature"},{"geometry":{"coordinates":[[4.57498,52.148026],[4.571541,52.150891],[4.568021,52.153814],[4.564579,52.15668]],"type":"LineString"},"id":"96dc1f62-6096-5c21-b59b-710c7464f42d","properties":{"ASSET_KIND":"official_transmission_line","EVIDENCE":"official","GEOMETRY_CONFIDENCE":"official-top10nl-1:10000-rounded-6dp-no-simplification","HEIGHT_LEVEL":0,"LOCAL_ID":"131183010","MUTATION_TYPE":"werkelijke verandering","NAME":null,"NAMESPACE":"NL.TOP10NL","NUMBER":null,"OBJECT_BEGIN_DATE":"2020-06-01","ORIGINAL_ID":"96dc1f62-6096-5c21-b59b-710c7464f42d","REGION_KEY":"netherlands","REGISTRATION_DATE":"2020-06-01","SOURCE_ACCURACY_M":0.1,"SOURCE_DATE":"2026-06-01","SOURCE_FEATURE_DATE":"2019-01-01","SOURCE_ID":"nl-kadaster-top10nl-high-voltage-2026-06","SOURCE_LICENSE":"CC BY 4.0","SOURCE_METHOD":"luchtfoto","SOURCE_URL":"https://api.pdok.nl/kadaster/brt-top10nl/ogc/v1","TOP10NL_CODE":481,"TOP10NL_TYPE":"hoogspanningsleiding","VISUALISATION_CODE":15210,"VOLTAGE_KV":null},"type":"Feature"},{"geometry":{"coordinates":[[6.865288,53.437827],[6.863689,53.436138]],"type":"LineString"},"id":"96f43763-4d4c-5fd6-ae03-e982648d83a2","properties":{"ASSET_KIND":"official_transmission_line","EVIDENCE":"official","GEOMETRY_CONFIDENCE":"official-top10nl-1:10000-rounded-6dp-no-simplification","HEIGHT_LEVEL":0,"LOCAL_ID":"128555871","MUTATION_TYPE":null,"NAME":null,"NAMESPACE":"NL.TOP10NL","NUMBER":null,"OBJECT_BEGIN_DATE":"2015-03-28","ORIGINAL_ID":"96f43763-4d4c-5fd6-ae03-e982648d83a2","REGION_KEY":"netherlands","REGISTRATION_DATE":"2015-03-28","SOURCE_ACCURACY_M":0.1,"SOURCE_DATE":"2026-06-01","SOURCE_FEATURE_DATE":"2014-01-01","SOURCE_ID":"nl-kadaster-top10nl-high-voltage-2026-06","SOURCE_LICENSE":"CC BY 4.0","SOURCE_METHOD":"luchtfoto","SOURCE_URL":"https://api.pdok.nl/kadaster/brt-top10nl/ogc/v1","TOP10NL_CODE":481,"TOP10NL_TYPE":"hoogspanningsleiding","VISUALISATION_CODE":15210,"VOLTAGE_KV":null},"type":"Feature"},{"geometry":{"coordinates":[[5.919747,51.148269],[5.920097,51.147991],[5.921524,51.14727]],"type":"LineString"},"id":"9792bf9b-00b0-5e11-aa49-c817345b2af1","properties":{"ASSET_KIND":"official_transmission_line","EVIDENCE":"official","GEOMETRY_CONFIDENCE":"official-top10nl-1:10000-rounded-6dp-no-simplification","HEIGHT_LEVEL":0,"LOCAL_ID":"122083063","MUTATION_TYPE":null,"NAME":null,"NAMESPACE":"NL.TOP10NL","NUMBER":null,"OBJECT_BEGIN_DATE":"2011-08-25","ORIGINAL_ID":"9792bf9b-00b0-5e11-aa49-c817345b2af1","REGION_KEY":"netherlands","REGISTRATION_DATE":"2019-02-01","SOURCE_ACCURACY_M":0.1,"SOURCE_DATE":"2026-06-01","SOURCE_FEATURE_DATE":"2018-01-01","SOURCE_ID":"nl-kadaster-top10nl-high-voltage-2026-06","SOURCE_LICENSE":"CC BY 4.0","SOURCE_METHOD":"luchtfoto","SOURCE_URL":"https://api.pdok.nl/kadaster/brt-top10nl/ogc/v1","TOP10NL_CODE":481,"TOP10NL_TYPE":"hoogspanningsleiding","VISUALISATION_CODE":15210,"VOLTAGE_KV":null},"type":"Feature"},{"geometry":{"coordinates":[[4.434324,51.875096],[4.434202,51.874938],[4.433623,51.873073],[4.43283,51.870642],[4.432992,51.870329],[4.433044,51.870229],[4.433108,51.870105],[4.433157,51.870009],[4.433219,51.86989],[4.433263,51.869805],[4.433317,51.8697],[4.433362,51.869614],[4.433373,51.869593],[4.433406,51.869528],[4.433406,51.869528],[4.43342,51.869501],[4.433438,51.869467],[4.433448,51.869446],[4.433476,51.869392],[4.433497,51.869352],[4.433504,51.869339],[4.433528,51.869292],[4.433635,51.869086],[4.43371,51.868941],[4.433772,51.86882],[4.43381,51.868748],[4.433856,51.868658],[4.434223,51.867949],[4.438495,51.866888],[4.439842,51.866553],[4.440281,51.866445],[4.440727,51.866334],[4.440912,51.866288],[4.441167,51.866225],[4.441523,51.866136],[4.441768,51.866076],[4.441857,51.866054],[4.441895,51.866044],[4.442373,51.865925],[4.442597,51.86587],[4.442903,51.865794],[4.44355,51.865634],[4.443698,51.865597],[4.444602,51.865373],[4.447796,51.864581],[4.447981,51.864535],[4.45013,51.864003],[4.45033,51.863953],[4.45051,51.863909],[4.452881,51.863322],[4.457465,51.862225],[4.458058,51.862059]],"type":"LineString"},"id":"984757e4-202e-5ff0-9029-aecad10ef28c","properties":{"ASSET_KIND":"official_transmission_line","EVIDENCE":"official","GEOMETRY_CONFIDENCE":"official-top10nl-1:10000-rounded-6dp-no-simplification","HEIGHT_LEVEL":0,"LOCAL_ID":"122083161","MUTATION_TYPE":"werkelijke verandering","NAME":null,"NAMESPACE":"NL.TOP10NL","NUMBER":null,"OBJECT_BEGIN_DATE":"2011-08-25","ORIGINAL_ID":"984757e4-202e-5ff0-9029-aecad10ef28c","REGION_KEY":"netherlands","REGISTRATION_DATE":"2022-06-01","SOURCE_ACCURACY_M":0.1,"SOURCE_DATE":"2026-06-01","SOURCE_FEATURE_DATE":"2021-01-01","SOURCE_ID":"nl-kadaster-top10nl-high-voltage-2026-06","SOURCE_LICENSE":"CC BY 4.0","SOURCE_METHOD":"luchtfoto","SOURCE_URL":"https://api.pdok.nl/kadaster/brt-top10nl/ogc/v1","TOP10NL_CODE":481,"TOP10NL_TYPE":"hoogspanningsleiding","VISUALISATION_CODE":15210,"VOLTAGE_KV":null},"type":"Feature"},{"geometry":{"coordinates":[[6.752969,52.264573],[6.750038,52.262609],[6.747159,52.260629],[6.743654,52.258299],[6.740137,52.255923],[6.735536,52.255935],[6.730467,52.255945],[6.727508,52.256091]],"type":"LineString"},"id":"9877f5a4-583a-53c8-9be6-9d902bec6380","properties":{"ASSET_KIND":"official_transmission_line","EVIDENCE":"official","GEOMETRY_CONFIDENCE":"official-top10nl-1:10000-rounded-6dp-no-simplification","HEIGHT_LEVEL":0,"LOCAL_ID":"122082964","MUTATION_TYPE":null,"NAME":null,"NAMESPACE":"NL.TOP10NL","NUMBER":null,"OBJECT_BEGIN_DATE":"2011-08-25","ORIGINAL_ID":"9877f5a4-583a-53c8-9be6-9d902bec6380","REGION_KEY":"netherlands","REGISTRATION_DATE":"2019-02-01","SOURCE_ACCURACY_M":0.1,"SOURCE_DATE":"2026-06-01","SOURCE_FEATURE_DATE":"2018-01-01","SOURCE_ID":"nl-kadaster-top10nl-high-voltage-2026-06","SOURCE_LICENSE":"CC BY 4.0","SOURCE_METHOD":"luchtfoto","SOURCE_URL":"https://api.pdok.nl/kadaster/brt-top10nl/ogc/v1","TOP10NL_CODE":481,"TOP10NL_TYPE":"hoogspanningsleiding","VISUALISATION_CODE":15210,"VOLTAGE_KV":null},"type":"Feature"},{"geometry":{"coordinates":[[4.654872,51.772101],[4.654695,51.771991],[4.652954,51.77105],[4.650168,51.769536],[4.646928,51.76878],[4.64423,51.768405],[4.641789,51.768045]],"type":"LineString"},"id":"987c5555-7886-59b2-b09b-a927fa64f599","properties":{"ASSET_KIND":"official_transmission_line","EVIDENCE":"official","GEOMETRY_CONFIDENCE":"official-top10nl-1:10000-rounded-6dp-no-simplification","HEIGHT_LEVEL":0,"LOCAL_ID":"130773298","MUTATION_TYPE":null,"NAME":null,"NAMESPACE":"NL.TOP10NL","NUMBER":null,"OBJECT_BEGIN_DATE":"2019-02-01","ORIGINAL_ID":"987c5555-7886-59b2-b09b-a927fa64f599","REGION_KEY":"netherlands","REGISTRATION_DATE":"2019-02-01","SOURCE_ACCURACY_M":0.1,"SOURCE_DATE":"2026-06-01","SOURCE_FEATURE_DATE":"2018-01-01","SOURCE_ID":"nl-kadaster-top10nl-high-voltage-2026-06","SOURCE_LICENSE":"CC BY 4.0","SOURCE_METHOD":"luchtfoto","SOURCE_URL":"https://api.pdok.nl/kadaster/brt-top10nl/ogc/v1","TOP10NL_CODE":481,"TOP10NL_TYPE":"hoogspanningsleiding","VISUALISATION_CODE":15210,"VOLTAGE_KV":null},"type":"Feature"},{"geometry":{"coordinates":[[4.457215,52.011348],[4.457213,52.01175],[4.457228,52.01392],[4.457233,52.016225],[4.457251,52.01972],[4.461676,52.022014],[4.466032,52.024077],[4.470188,52.026039],[4.470703,52.029218],[4.474429,52.031719],[4.479959,52.031482],[4.484964,52.031499],[4.490392,52.031546],[4.495546,52.031597],[4.500742,52.031641],[4.505774,52.031671],[4.509456,52.034122],[4.512916,52.036814],[4.518417,52.036008],[4.523924,52.035154],[4.524534,52.035264]],"type":"LineString"},"id":"9894ec3e-06ec-54ac-b49d-e23a4f1514f0","properties":{"ASSET_KIND":"official_transmission_line","EVIDENCE":"official","GEOMETRY_CONFIDENCE":"official-top10nl-1:10000-rounded-6dp-no-simplification","HEIGHT_LEVEL":0,"LOCAL_ID":"126755238","MUTATION_TYPE":"werkelijke verandering","NAME":null,"NAMESPACE":"NL.TOP10NL","NUMBER":null,"OBJECT_BEGIN_DATE":"2014-01-24","ORIGINAL_ID":"9894ec3e-06ec-54ac-b49d-e23a4f1514f0","REGION_KEY":"netherlands","REGISTRATION_DATE":"2022-06-01","SOURCE_ACCURACY_M":0.1,"SOURCE_DATE":"2026-06-01","SOURCE_FEATURE_DATE":"2021-01-01","SOURCE_ID":"nl-kadaster-top10nl-high-voltage-2026-06","SOURCE_LICENSE":"CC BY 4.0","SOURCE_METHOD":"luchtfoto","SOURCE_URL":"https://api.pdok.nl/kadaster/brt-top10nl/ogc/v1","TOP10NL_CODE":481,"TOP10NL_TYPE":"hoogspanningsleiding","VISUALISATION_CODE":15210,"VOLTAGE_KV":null},"type":"Feature"},{"geometry":{"coordinates":[[6.091123,50.873769],[6.090662,50.872889],[6.089283,50.871772],[6.087424,50.86944],[6.085467,50.866976],[6.084482,50.865131],[6.082662,50.863761],[6.08389,50.86234]],"type":"LineString"},"id":"98a3d229-df5d-54ae-9833-e5b1d6cf456f","properties":{"ASSET_KIND":"official_transmission_line","EVIDENCE":"official","GEOMETRY_CONFIDENCE":"official-top10nl-1:10000-rounded-6dp-no-simplification","HEIGHT_LEVEL":0,"LOCAL_ID":"122083354","MUTATION_TYPE":null,"NAME":null,"NAMESPACE":"NL.TOP10NL","NUMBER":null,"OBJECT_BEGIN_DATE":"2011-08-25","ORIGINAL_ID":"98a3d229-df5d-54ae-9833-e5b1d6cf456f","REGION_KEY":"netherlands","REGISTRATION_DATE":"2019-02-01","SOURCE_ACCURACY_M":0.1,"SOURCE_DATE":"2026-06-01","SOURCE_FEATURE_DATE":"2018-01-01","SOURCE_ID":"nl-kadaster-top10nl-high-voltage-2026-06","SOURCE_LICENSE":"CC BY 4.0","SOURCE_METHOD":"luchtfoto","SOURCE_URL":"https://api.pdok.nl/kadaster/brt-top10nl/ogc/v1","TOP10NL_CODE":481,"TOP10NL_TYPE":"hoogspanningsleiding","VISUALISATION_CODE":15210,"VOLTAGE_KV":null},"type":"Feature"},{"geometry":{"coordinates":[[6.681475,52.319456],[6.67928,52.320843]],"type":"LineString"},"id":"98dfc3b3-8298-5edc-a806-eb4b49b64912","properties":{"ASSET_KIND":"official_transmission_line","EVIDENCE":"official","GEOMETRY_CONFIDENCE":"official-top10nl-1:10000-rounded-6dp-no-simplification","HEIGHT_LEVEL":0,"LOCAL_ID":"122083130","MUTATION_TYPE":null,"NAME":null,"NAMESPACE":"NL.TOP10NL","NUMBER":null,"OBJECT_BEGIN_DATE":"2011-08-25","ORIGINAL_ID":"98dfc3b3-8298-5edc-a806-eb4b49b64912","REGION_KEY":"netherlands","REGISTRATION_DATE":"2019-02-01","SOURCE_ACCURACY_M":0.1,"SOURCE_DATE":"2026-06-01","SOURCE_FEATURE_DATE":"2018-01-01","SOURCE_ID":"nl-kadaster-top10nl-high-voltage-2026-06","SOURCE_LICENSE":"CC BY 4.0","SOURCE_METHOD":"luchtfoto","SOURCE_URL":"https://api.pdok.nl/kadaster/brt-top10nl/ogc/v1","TOP10NL_CODE":481,"TOP10NL_TYPE":"hoogspanningsleiding","VISUALISATION_CODE":15210,"VOLTAGE_KV":null},"type":"Feature"},{"geometry":{"coordinates":[[5.669524,51.927398],[5.66606,51.927459],[5.665519,51.927524]],"type":"LineString"},"id":"99080b67-d023-50a0-9072-fb4ccdca586f","properties":{"ASSET_KIND":"official_transmission_line","EVIDENCE":"official","GEOMETRY_CONFIDENCE":"official-top10nl-1:10000-rounded-6dp-no-simplification","HEIGHT_LEVEL":0,"LOCAL_ID":"122083082","MUTATION_TYPE":null,"NAME":null,"NAMESPACE":"NL.TOP10NL","NUMBER":null,"OBJECT_BEGIN_DATE":"2011-08-25","ORIGINAL_ID":"99080b67-d023-50a0-9072-fb4ccdca586f","REGION_KEY":"netherlands","REGISTRATION_DATE":"2019-02-01","SOURCE_ACCURACY_M":0.1,"SOURCE_DATE":"2026-06-01","SOURCE_FEATURE_DATE":"2018-01-01","SOURCE_ID":"nl-kadaster-top10nl-high-voltage-2026-06","SOURCE_LICENSE":"CC BY 4.0","SOURCE_METHOD":"luchtfoto","SOURCE_URL":"https://api.pdok.nl/kadaster/brt-top10nl/ogc/v1","TOP10NL_CODE":481,"TOP10NL_TYPE":"hoogspanningsleiding","VISUALISATION_CODE":15210,"VOLTAGE_KV":null},"type":"Feature"},{"geometry":{"coordinates":[[5.445195,51.462324],[5.445938,51.463148],[5.447844,51.464832],[5.449335,51.466112],[5.451205,51.467682],[5.453062,51.469229],[5.454911,51.47079],[5.456761,51.472325],[5.458625,51.473898],[5.460482,51.475446],[5.463413,51.476365],[5.466779,51.476262],[5.470073,51.476176],[5.473424,51.476091],[5.476782,51.476005],[5.480091,51.475919],[5.483456,51.475828],[5.486821,51.475742],[5.48906,51.474841],[5.490745,51.474164],[5.494642,51.472595],[5.498628,51.470998],[5.502558,51.469419],[5.506493,51.467804],[5.5104,51.466245],[5.514306,51.464661],[5.518281,51.463061],[5.520101,51.460122],[5.521963,51.457198],[5.523818,51.454318],[5.525642,51.451355],[5.52752,51.448408],[5.528606,51.446652],[5.528856,51.446205],[5.529322,51.44623]],"type":"LineString"},"id":"991a6568-eee2-527c-a796-b485bba44982","properties":{"ASSET_KIND":"official_transmission_line","EVIDENCE":"official","GEOMETRY_CONFIDENCE":"official-top10nl-1:10000-rounded-6dp-no-simplification","HEIGHT_LEVEL":0,"LOCAL_ID":"122083047","MUTATION_TYPE":null,"NAME":null,"NAMESPACE":"NL.TOP10NL","NUMBER":null,"OBJECT_BEGIN_DATE":"2011-08-25","ORIGINAL_ID":"991a6568-eee2-527c-a796-b485bba44982","REGION_KEY":"netherlands","REGISTRATION_DATE":"2019-02-01","SOURCE_ACCURACY_M":0.1,"SOURCE_DATE":"2026-06-01","SOURCE_FEATURE_DATE":"2018-01-01","SOURCE_ID":"nl-kadaster-top10nl-high-voltage-2026-06","SOURCE_LICENSE":"CC BY 4.0","SOURCE_METHOD":"luchtfoto","SOURCE_URL":"https://api.pdok.nl/kadaster/brt-top10nl/ogc/v1","TOP10NL_CODE":481,"TOP10NL_TYPE":"hoogspanningsleiding","VISUALISATION_CODE":15210,"VOLTAGE_KV":null},"type":"Feature"},{"geometry":{"coordinates":[[5.664067,51.925984],[5.665457,51.925794],[5.671788,51.925332],[5.678373,51.924833],[5.682261,51.922424],[5.685093,51.92066],[5.691692,51.920307],[5.698304,51.919881],[5.704876,51.919528],[5.711325,51.919146],[5.717784,51.918763],[5.723488,51.918423],[5.730471,51.918061],[5.73739,51.917699],[5.744336,51.917297],[5.750233,51.917034],[5.755747,51.916741],[5.761921,51.914828],[5.768115,51.912907],[5.771263,51.911039],[5.771713,51.910771],[5.772072,51.910474],[5.775835,51.907351],[5.776057,51.907167],[5.776138,51.9071],[5.776234,51.90702],[5.776588,51.906727],[5.776944,51.906432],[5.777027,51.906363],[5.777132,51.906276],[5.777437,51.906023],[5.778265,51.905336],[5.778858,51.904844],[5.779702,51.904144],[5.780015,51.904029],[5.784609,51.902335],[5.790445,51.900579],[5.79637,51.898607],[5.801855,51.896768],[5.806052,51.895371],[5.812072,51.893385],[5.818358,51.893794],[5.824251,51.894178],[5.831751,51.894672],[5.836014,51.894938],[5.842034,51.895321],[5.848372,51.895748],[5.854847,51.896178],[5.860259,51.896469],[5.865488,51.899187],[5.871565,51.899474],[5.87778,51.899784],[5.884024,51.900079],[5.88994,51.901408],[5.897201,51.902252],[5.904368,51.90307],[5.910659,51.903289],[5.910911,51.903297],[5.911113,51.903304],[5.917504,51.903508],[5.923579,51.903708],[5.923836,51.903717],[5.923907,51.903719],[5.924014,51.903723],[5.924198,51.903729],[5.924487,51.903738],[5.926921,51.903819],[5.927159,51.903827],[5.927195,51.903828],[5.927217,51.903829],[5.927544,51.90384],[5.930372,51.903934],[5.930692,51.903945],[5.930808,51.903948],[5.937069,51.904144],[5.943455,51.90436],[5.950013,51.904569],[5.956222,51.904997],[5.962683,51.905429],[5.96835,51.905797],[5.971247,51.909173],[5.974055,51.912594],[5.977055,51.916181],[5.980646,51.917269],[5.984446,51.918434],[5.990477,51.92028],[5.994534,51.922387],[5.998728,51.924616],[6.001535,51.927053],[6.004342,51.92949],[6.008008,51.932621],[6.012764,51.932875],[6.018342,51.933164],[6.023364,51.934935],[6.028994,51.936898],[6.034189,51.938724],[6.039529,51.940599],[6.044135,51.942215],[6.047738,51.945714],[6.05146,51.949334],[6.054871,51.95261],[6.061571,51.95332],[6.068352,51.954035],[6.075261,51.954783],[6.080766,51.955353],[6.086289,51.955952],[6.090984,51.957873],[6.096534,51.960124],[6.101903,51.96232],[6.107426,51.964554],[6.112906,51.966821],[6.119446,51.968093],[6.126122,51.969386],[6.13279,51.97069],[6.139449,51.971977],[6.146127,51.973275],[6.152796,51.974555],[6.159438,51.975847],[6.166099,51.97716],[6.172759,51.978439],[6.17943,51.979735],[6.185765,51.980994],[6.192398,51.981127],[6.199392,51.981275],[6.206305,51.981428],[6.212956,51.981582],[6.219815,51.981735],[6.226674,51.981876],[6.233533,51.982028],[6.238528,51.982154],[6.24479,51.982287],[6.250185,51.98155]],"type":"LineString"},"id":"9930d462-9c5c-5cc4-9416-0ff193ce74f3","properties":{"ASSET_KIND":"official_transmission_line","EVIDENCE":"official","GEOMETRY_CONFIDENCE":"official-top10nl-1:10000-rounded-6dp-no-simplification","HEIGHT_LEVEL":0,"LOCAL_ID":"127496727","MUTATION_TYPE":null,"NAME":null,"NAMESPACE":"NL.TOP10NL","NUMBER":null,"OBJECT_BEGIN_DATE":"2014-05-29","ORIGINAL_ID":"9930d462-9c5c-5cc4-9416-0ff193ce74f3","REGION_KEY":"netherlands","REGISTRATION_DATE":"2019-02-01","SOURCE_ACCURACY_M":0.1,"SOURCE_DATE":"2026-06-01","SOURCE_FEATURE_DATE":"2018-01-01","SOURCE_ID":"nl-kadaster-top10nl-high-voltage-2026-06","SOURCE_LICENSE":"CC BY 4.0","SOURCE_METHOD":"luchtfoto","SOURCE_URL":"https://api.pdok.nl/kadaster/brt-top10nl/ogc/v1","TOP10NL_CODE":481,"TOP10NL_TYPE":"hoogspanningsleiding","VISUALISATION_CODE":15210,"VOLTAGE_KV":null},"type":"Feature"},{"geometry":{"coordinates":[[6.57708,51.946896],[6.577516,51.946993],[6.580606,51.945864],[6.583855,51.946221],[6.587268,51.946604],[6.590792,51.946972],[6.593832,51.947308],[6.597088,51.947637],[6.600256,51.948004],[6.603624,51.94864],[6.606768,51.949232],[6.610286,51.949898],[6.613415,51.950489],[6.616941,51.951155],[6.620272,51.951781],[6.6238,51.952263],[6.627326,51.95269],[6.630891,51.953148],[6.634463,51.953588],[6.638125,51.954068],[6.641562,51.954504],[6.645068,51.954958],[6.64861,51.955393],[6.652153,51.955864],[6.655688,51.956308],[6.659208,51.956757],[6.662369,51.957889],[6.665335,51.95894],[6.668413,51.960055],[6.671606,51.961232],[6.67461,51.962333],[6.677975,51.963536],[6.681257,51.964726],[6.684254,51.965818],[6.687141,51.966864]],"type":"LineString"},"id":"99541cce-aa9a-538c-bd72-f36b93c63b0c","properties":{"ASSET_KIND":"official_transmission_line","EVIDENCE":"official","GEOMETRY_CONFIDENCE":"official-top10nl-1:10000-rounded-6dp-no-simplification","HEIGHT_LEVEL":0,"LOCAL_ID":"122083060","MUTATION_TYPE":null,"NAME":null,"NAMESPACE":"NL.TOP10NL","NUMBER":null,"OBJECT_BEGIN_DATE":"2011-08-25","ORIGINAL_ID":"99541cce-aa9a-538c-bd72-f36b93c63b0c","REGION_KEY":"netherlands","REGISTRATION_DATE":"2019-02-01","SOURCE_ACCURACY_M":0.1,"SOURCE_DATE":"2026-06-01","SOURCE_FEATURE_DATE":"2018-01-01","SOURCE_ID":"nl-kadaster-top10nl-high-voltage-2026-06","SOURCE_LICENSE":"CC BY 4.0","SOURCE_METHOD":"luchtfoto","SOURCE_URL":"https://api.pdok.nl/kadaster/brt-top10nl/ogc/v1","TOP10NL_CODE":481,"TOP10NL_TYPE":"hoogspanningsleiding","VISUALISATION_CODE":15210,"VOLTAGE_KV":null},"type":"Feature"},{"geometry":{"coordinates":[[4.599929,51.76138],[4.598077,51.761462],[4.594454,51.761773],[4.590881,51.762008],[4.58723,51.762307],[4.583827,51.76252],[4.580044,51.762812],[4.57627,51.763062],[4.57262,51.763308],[4.56897,51.763554],[4.565234,51.76384],[4.561527,51.764079],[4.558828,51.763718],[4.5554,51.763228],[4.552303,51.762823],[4.548764,51.762309],[4.545211,51.761816],[4.541622,51.76134],[4.537886,51.761252],[4.534501,51.761188],[4.53139,51.76113],[4.527752,51.761051],[4.524064,51.760972],[4.520285,51.7609],[4.516605,51.760825],[4.512847,51.760749],[4.509166,51.760669],[4.505789,51.760587],[4.502094,51.760524],[4.498336,51.760443],[4.494971,51.760483],[4.491335,51.76053],[4.48807,51.760575],[4.484267,51.760633],[4.480534,51.760687],[4.477441,51.761506],[4.473981,51.762401],[4.470569,51.763292],[4.467136,51.764187],[4.464064,51.764988],[4.460483,51.76593],[4.4569,51.766871],[4.453531,51.767745],[4.45106,51.768406],[4.449109,51.768932]],"type":"LineString"},"id":"9962bbb5-203d-59ca-b0c0-66c36a9fce79","properties":{"ASSET_KIND":"official_transmission_line","EVIDENCE":"official","GEOMETRY_CONFIDENCE":"official-top10nl-1:10000-rounded-6dp-no-simplification","HEIGHT_LEVEL":0,"LOCAL_ID":"130932442","MUTATION_TYPE":null,"NAME":null,"NAMESPACE":"NL.TOP10NL","NUMBER":null,"OBJECT_BEGIN_DATE":"2019-09-01","ORIGINAL_ID":"9962bbb5-203d-59ca-b0c0-66c36a9fce79","REGION_KEY":"netherlands","REGISTRATION_DATE":"2019-09-01","SOURCE_ACCURACY_M":0.1,"SOURCE_DATE":"2026-06-01","SOURCE_FEATURE_DATE":"2018-01-01","SOURCE_ID":"nl-kadaster-top10nl-high-voltage-2026-06","SOURCE_LICENSE":"CC BY 4.0","SOURCE_METHOD":"luchtfoto","SOURCE_URL":"https://api.pdok.nl/kadaster/brt-top10nl/ogc/v1","TOP10NL_CODE":481,"TOP10NL_TYPE":"hoogspanningsleiding","VISUALISATION_CODE":15210,"VOLTAGE_KV":null},"type":"Feature"},{"geometry":{"coordinates":[[6.768061,52.277581],[6.77138,52.276148],[6.772977,52.275461],[6.774684,52.274597]],"type":"LineString"},"id":"9a86674d-1e91-5118-a4ea-bc7b9c0f4382","properties":{"ASSET_KIND":"official_transmission_line","EVIDENCE":"official","GEOMETRY_CONFIDENCE":"official-top10nl-1:10000-rounded-6dp-no-simplification","HEIGHT_LEVEL":0,"LOCAL_ID":"122083226","MUTATION_TYPE":null,"NAME":null,"NAMESPACE":"NL.TOP10NL","NUMBER":null,"OBJECT_BEGIN_DATE":"2011-08-25","ORIGINAL_ID":"9a86674d-1e91-5118-a4ea-bc7b9c0f4382","REGION_KEY":"netherlands","REGISTRATION_DATE":"2019-02-01","SOURCE_ACCURACY_M":0.1,"SOURCE_DATE":"2026-06-01","SOURCE_FEATURE_DATE":"2018-01-01","SOURCE_ID":"nl-kadaster-top10nl-high-voltage-2026-06","SOURCE_LICENSE":"CC BY 4.0","SOURCE_METHOD":"luchtfoto","SOURCE_URL":"https://api.pdok.nl/kadaster/brt-top10nl/ogc/v1","TOP10NL_CODE":481,"TOP10NL_TYPE":"hoogspanningsleiding","VISUALISATION_CODE":15210,"VOLTAGE_KV":null},"type":"Feature"},{"geometry":{"coordinates":[[5.663491,52.515815],[5.663684,52.515826],[5.663837,52.515835],[5.669231,52.516154],[5.673479,52.516386],[5.673566,52.516391],[5.673611,52.516393],[5.67366,52.516396],[5.673728,52.5164],[5.674961,52.516467],[5.680667,52.516806],[5.686081,52.515413],[5.68856,52.514788],[5.689211,52.514624],[5.691347,52.514085],[5.696793,52.512686],[5.698321,52.512297],[5.701124,52.511583],[5.70131,52.511535],[5.701347,52.511526],[5.702206,52.511307],[5.70701,52.510059],[5.70761,52.509903],[5.71308,52.508513],[5.713284,52.508461],[5.713319,52.508452],[5.713395,52.508433],[5.718517,52.507128],[5.723945,52.505768],[5.729077,52.504439],[5.734504,52.503049],[5.739972,52.501653],[5.745076,52.500348],[5.745416,52.500262],[5.747599,52.499702],[5.747711,52.499674],[5.747746,52.499664],[5.747787,52.499654],[5.747861,52.499635],[5.750447,52.498972],[5.756175,52.498184],[5.760903,52.497524],[5.761894,52.497386],[5.767622,52.496597],[5.773177,52.495824],[5.778862,52.494999],[5.78431,52.494286],[5.789765,52.493543],[5.79564,52.492727],[5.801374,52.491936],[5.807109,52.491141],[5.812859,52.490309],[5.81856,52.489463],[5.824301,52.488621],[5.829104,52.487913],[5.83389,52.487205],[5.839194,52.48642],[5.840783,52.486181],[5.841271,52.486108],[5.843208,52.485817],[5.843539,52.485768],[5.843889,52.485715],[5.844742,52.485587],[5.84491,52.485562],[5.845036,52.485544],[5.845188,52.485522],[5.845842,52.485428],[5.84603,52.4854],[5.849754,52.484863],[5.851046,52.484677],[5.85705,52.483807],[5.862863,52.484333],[5.868692,52.484858],[5.87453,52.485388],[5.880202,52.485904],[5.885875,52.486419],[5.89159,52.486934],[5.897238,52.487438],[5.902919,52.487957],[5.908609,52.488466],[5.914299,52.488975],[5.91989,52.489484],[5.92549,52.489977],[5.931293,52.489659],[5.937089,52.48933],[5.942884,52.489011],[5.948713,52.488671],[5.954483,52.488341],[5.960146,52.488027],[5.965768,52.487693],[5.971521,52.487327],[5.977093,52.486962],[5.982796,52.486591],[5.988426,52.48622],[5.994153,52.485834],[5.999725,52.485478],[6.005321,52.485101],[6.01099,52.484719],[6.016611,52.484347],[6.020436,52.483057],[6.025058,52.481537],[6.029885,52.47992],[6.032783,52.477341],[6.035779,52.474645],[6.038098,52.472522],[6.042324,52.471658],[6.04683,52.470792],[6.051582,52.469839],[6.056433,52.468885],[6.060625,52.468025],[6.06536,52.467067],[6.070251,52.466092],[6.074607,52.465206],[6.07935,52.464266],[6.082506,52.463613],[6.084683,52.45995],[6.084932,52.456398]],"type":"LineString"},"id":"9bbff0b7-3e7c-53f5-ad11-319b133ea2ae","properties":{"ASSET_KIND":"official_transmission_line","EVIDENCE":"official","GEOMETRY_CONFIDENCE":"official-top10nl-1:10000-rounded-6dp-no-simplification","HEIGHT_LEVEL":0,"LOCAL_ID":"131475969","MUTATION_TYPE":"kwaliteitsverbetering","NAME":null,"NAMESPACE":"NL.TOP10NL","NUMBER":null,"OBJECT_BEGIN_DATE":"2021-09-01","ORIGINAL_ID":"9bbff0b7-3e7c-53f5-ad11-319b133ea2ae","REGION_KEY":"netherlands","REGISTRATION_DATE":"2021-09-01","SOURCE_ACCURACY_M":0.1,"SOURCE_DATE":"2026-06-01","SOURCE_FEATURE_DATE":"2020-01-01","SOURCE_ID":"nl-kadaster-top10nl-high-voltage-2026-06","SOURCE_LICENSE":"CC BY 4.0","SOURCE_METHOD":"luchtfoto","SOURCE_URL":"https://api.pdok.nl/kadaster/brt-top10nl/ogc/v1","TOP10NL_CODE":481,"TOP10NL_TYPE":"hoogspanningsleiding","VISUALISATION_CODE":15210,"VOLTAGE_KV":null},"type":"Feature"},{"geometry":{"coordinates":[[6.89796,53.077432],[6.897239,53.079031]],"type":"LineString"},"id":"9c8a508e-44de-579c-81a0-5279cff4be25","properties":{"ASSET_KIND":"official_transmission_line","EVIDENCE":"official","GEOMETRY_CONFIDENCE":"official-top10nl-1:10000-rounded-6dp-no-simplification","HEIGHT_LEVEL":0,"LOCAL_ID":"122083265","MUTATION_TYPE":null,"NAME":null,"NAMESPACE":"NL.TOP10NL","NUMBER":null,"OBJECT_BEGIN_DATE":"2011-08-25","ORIGINAL_ID":"9c8a508e-44de-579c-81a0-5279cff4be25","REGION_KEY":"netherlands","REGISTRATION_DATE":"2019-02-01","SOURCE_ACCURACY_M":0.1,"SOURCE_DATE":"2026-06-01","SOURCE_FEATURE_DATE":"2018-01-01","SOURCE_ID":"nl-kadaster-top10nl-high-voltage-2026-06","SOURCE_LICENSE":"CC BY 4.0","SOURCE_METHOD":"luchtfoto","SOURCE_URL":"https://api.pdok.nl/kadaster/brt-top10nl/ogc/v1","TOP10NL_CODE":481,"TOP10NL_TYPE":"hoogspanningsleiding","VISUALISATION_CODE":15210,"VOLTAGE_KV":null},"type":"Feature"},{"geometry":{"coordinates":[[6.029933,53.213554],[6.02929,53.21392],[6.027932,53.21659],[6.0299,53.218532],[6.034192,53.219143],[6.037981,53.21969],[6.041046,53.220115],[6.044598,53.220542],[6.048157,53.220994],[6.051681,53.221413],[6.055241,53.221852],[6.058793,53.222283],[6.062359,53.22273],[6.06592,53.223163],[6.069469,53.223598],[6.073033,53.224046],[6.076452,53.224474],[6.079737,53.223791],[6.081535,53.222757],[6.082009,53.220724],[6.08248,53.218586],[6.082952,53.216484],[6.083396,53.214434],[6.083848,53.212409],[6.084266,53.21052],[6.084711,53.208595],[6.084917,53.207692],[6.085021,53.207231],[6.085027,53.207206],[6.08514,53.20671],[6.085145,53.206685],[6.085211,53.206397],[6.085228,53.206372],[6.085257,53.20633],[6.085274,53.206305],[6.085303,53.206263],[6.085826,53.205507],[6.085863,53.205452],[6.085878,53.205431],[6.08591,53.205384],[6.085949,53.205328],[6.086427,53.204636],[6.086443,53.204613],[6.086459,53.20459],[6.086658,53.204302],[6.087514,53.202949],[6.088891,53.200924],[6.090201,53.199004],[6.091523,53.19707],[6.092778,53.195203],[6.094032,53.193337],[6.094249,53.193017],[6.09475,53.19228],[6.094782,53.192234],[6.094822,53.192175],[6.09484,53.192148],[6.095317,53.191447],[6.095377,53.191357],[6.096577,53.189569],[6.097868,53.187672],[6.097118,53.185479],[6.096386,53.183293],[6.095637,53.181144],[6.094921,53.179101],[6.094203,53.176945],[6.093479,53.174849],[6.092788,53.172795],[6.092045,53.170643],[6.091347,53.168528],[6.090684,53.166658],[6.089941,53.164505],[6.089218,53.162357],[6.087906,53.160231],[6.086653,53.158239],[6.085418,53.156214],[6.084158,53.154212],[6.082866,53.152127],[6.081556,53.150027],[6.080257,53.14793],[6.078966,53.145857],[6.077681,53.143764],[6.07639,53.141694],[6.075099,53.139616],[6.073808,53.137535],[6.072523,53.135442],[6.071239,53.133383],[6.070005,53.13138],[6.068722,53.129352],[6.068769,53.127146],[6.068786,53.125076],[6.068792,53.123025],[6.068816,53.12097],[6.068864,53.11888],[6.068882,53.116852],[6.068894,53.114789],[6.068905,53.112708],[6.068926,53.110495],[6.06896,53.108688],[6.068957,53.107691],[6.06894,53.107416]],"type":"LineString"},"id":"9cfce077-8ba5-5904-b27a-119268d3a38d","properties":{"ASSET_KIND":"official_transmission_line","EVIDENCE":"official","GEOMETRY_CONFIDENCE":"official-top10nl-1:10000-rounded-6dp-no-simplification","HEIGHT_LEVEL":0,"LOCAL_ID":"130005742","MUTATION_TYPE":null,"NAME":null,"NAMESPACE":"NL.TOP10NL","NUMBER":null,"OBJECT_BEGIN_DATE":"2017-04-01","ORIGINAL_ID":"9cfce077-8ba5-5904-b27a-119268d3a38d","REGION_KEY":"netherlands","REGISTRATION_DATE":"2019-02-01","SOURCE_ACCURACY_M":0.1,"SOURCE_DATE":"2026-06-01","SOURCE_FEATURE_DATE":"2018-01-01","SOURCE_ID":"nl-kadaster-top10nl-high-voltage-2026-06","SOURCE_LICENSE":"CC BY 4.0","SOURCE_METHOD":"luchtfoto","SOURCE_URL":"https://api.pdok.nl/kadaster/brt-top10nl/ogc/v1","TOP10NL_CODE":481,"TOP10NL_TYPE":"hoogspanningsleiding","VISUALISATION_CODE":15210,"VOLTAGE_KV":null},"type":"Feature"},{"geometry":{"coordinates":[[6.875059,53.425162],[6.874857,53.425091],[6.8738,53.4246]],"type":"LineString"},"id":"9e12ae89-9019-5f49-8cd3-7b55e5b5e438","properties":{"ASSET_KIND":"official_transmission_line","EVIDENCE":"official","GEOMETRY_CONFIDENCE":"official-top10nl-1:10000-rounded-6dp-no-simplification","HEIGHT_LEVEL":0,"LOCAL_ID":"130371227","MUTATION_TYPE":"werkelijke verandering","NAME":null,"NAMESPACE":"NL.TOP10NL","NUMBER":null,"OBJECT_BEGIN_DATE":"2018-02-01","ORIGINAL_ID":"9e12ae89-9019-5f49-8cd3-7b55e5b5e438","REGION_KEY":"netherlands","REGISTRATION_DATE":"2018-02-01","SOURCE_ACCURACY_M":0.1,"SOURCE_DATE":"2026-06-01","SOURCE_FEATURE_DATE":"2017-01-01","SOURCE_ID":"nl-kadaster-top10nl-high-voltage-2026-06","SOURCE_LICENSE":"CC BY 4.0","SOURCE_METHOD":"luchtfoto","SOURCE_URL":"https://api.pdok.nl/kadaster/brt-top10nl/ogc/v1","TOP10NL_CODE":481,"TOP10NL_TYPE":"hoogspanningsleiding","VISUALISATION_CODE":15210,"VOLTAGE_KV":null},"type":"Feature"},{"geometry":{"coordinates":[[5.088183,51.706159],[5.088322,51.705958]],"type":"LineString"},"id":"9f05cc73-76a6-5b6d-903d-dab2cbdf5b97","properties":{"ASSET_KIND":"official_transmission_line","EVIDENCE":"official","GEOMETRY_CONFIDENCE":"official-top10nl-1:10000-rounded-6dp-no-simplification","HEIGHT_LEVEL":0,"LOCAL_ID":"122083295","MUTATION_TYPE":null,"NAME":null,"NAMESPACE":"NL.TOP10NL","NUMBER":null,"OBJECT_BEGIN_DATE":"2011-08-25","ORIGINAL_ID":"9f05cc73-76a6-5b6d-903d-dab2cbdf5b97","REGION_KEY":"netherlands","REGISTRATION_DATE":"2019-02-01","SOURCE_ACCURACY_M":0.1,"SOURCE_DATE":"2026-06-01","SOURCE_FEATURE_DATE":"2018-01-01","SOURCE_ID":"nl-kadaster-top10nl-high-voltage-2026-06","SOURCE_LICENSE":"CC BY 4.0","SOURCE_METHOD":"luchtfoto","SOURCE_URL":"https://api.pdok.nl/kadaster/brt-top10nl/ogc/v1","TOP10NL_CODE":481,"TOP10NL_TYPE":"hoogspanningsleiding","VISUALISATION_CODE":15210,"VOLTAGE_KV":null},"type":"Feature"},{"geometry":{"coordinates":[[4.223191,51.982188],[4.222847,51.982072],[4.221128,51.982472],[4.21745,51.981974],[4.215832,51.979197],[4.215028,51.976042],[4.210284,51.974067],[4.20512,51.972017],[4.199946,51.970052],[4.194732,51.968057],[4.189358,51.966004],[4.184901,51.964302],[4.180204,51.962487],[4.176199,51.962742],[4.17217,51.962987],[4.168409,51.963249],[4.163741,51.960034],[4.163222,51.959662]],"type":"LineString"},"id":"9f2668af-cae8-5272-b80e-419d750d1c4b","properties":{"ASSET_KIND":"official_transmission_line","EVIDENCE":"official","GEOMETRY_CONFIDENCE":"official-top10nl-1:10000-rounded-6dp-no-simplification","HEIGHT_LEVEL":0,"LOCAL_ID":"122082977","MUTATION_TYPE":null,"NAME":null,"NAMESPACE":"NL.TOP10NL","NUMBER":null,"OBJECT_BEGIN_DATE":"2011-08-25","ORIGINAL_ID":"9f2668af-cae8-5272-b80e-419d750d1c4b","REGION_KEY":"netherlands","REGISTRATION_DATE":"2019-02-01","SOURCE_ACCURACY_M":0.1,"SOURCE_DATE":"2026-06-01","SOURCE_FEATURE_DATE":"2018-01-01","SOURCE_ID":"nl-kadaster-top10nl-high-voltage-2026-06","SOURCE_LICENSE":"CC BY 4.0","SOURCE_METHOD":"luchtfoto","SOURCE_URL":"https://api.pdok.nl/kadaster/brt-top10nl/ogc/v1","TOP10NL_CODE":481,"TOP10NL_TYPE":"hoogspanningsleiding","VISUALISATION_CODE":15210,"VOLTAGE_KV":null},"type":"Feature"},{"geometry":{"coordinates":[[6.757179,52.248309],[6.757483,52.247392],[6.760608,52.244527]],"type":"LineString"},"id":"9f8d5cc6-0f9e-5d6f-b197-ba2b94e7d465","properties":{"ASSET_KIND":"official_transmission_line","EVIDENCE":"official","GEOMETRY_CONFIDENCE":"official-top10nl-1:10000-rounded-6dp-no-simplification","HEIGHT_LEVEL":0,"LOCAL_ID":"122083009","MUTATION_TYPE":null,"NAME":null,"NAMESPACE":"NL.TOP10NL","NUMBER":null,"OBJECT_BEGIN_DATE":"2011-08-25","ORIGINAL_ID":"9f8d5cc6-0f9e-5d6f-b197-ba2b94e7d465","REGION_KEY":"netherlands","REGISTRATION_DATE":"2019-02-01","SOURCE_ACCURACY_M":0.1,"SOURCE_DATE":"2026-06-01","SOURCE_FEATURE_DATE":"2018-01-01","SOURCE_ID":"nl-kadaster-top10nl-high-voltage-2026-06","SOURCE_LICENSE":"CC BY 4.0","SOURCE_METHOD":"luchtfoto","SOURCE_URL":"https://api.pdok.nl/kadaster/brt-top10nl/ogc/v1","TOP10NL_CODE":481,"TOP10NL_TYPE":"hoogspanningsleiding","VISUALISATION_CODE":15210,"VOLTAGE_KV":null},"type":"Feature"},{"geometry":{"coordinates":[[6.681475,52.319456],[6.68703,52.316793],[6.692448,52.31419],[6.697939,52.31156],[6.702312,52.309461],[6.70681,52.307303],[6.711453,52.305058],[6.716399,52.302673],[6.721604,52.300149],[6.727013,52.297369],[6.731316,52.295153],[6.736565,52.29241],[6.741471,52.289808],[6.746273,52.287339],[6.751667,52.284513],[6.757003,52.282239],[6.762631,52.279864],[6.768061,52.277581]],"type":"LineString"},"id":"9fb8fac3-1dd6-5c73-a0d0-70b59ca51ecf","properties":{"ASSET_KIND":"official_transmission_line","EVIDENCE":"official","GEOMETRY_CONFIDENCE":"official-top10nl-1:10000-rounded-6dp-no-simplification","HEIGHT_LEVEL":0,"LOCAL_ID":"130316614","MUTATION_TYPE":"werkelijke verandering","NAME":null,"NAMESPACE":"NL.TOP10NL","NUMBER":null,"OBJECT_BEGIN_DATE":"2017-11-01","ORIGINAL_ID":"9fb8fac3-1dd6-5c73-a0d0-70b59ca51ecf","REGION_KEY":"netherlands","REGISTRATION_DATE":"2017-11-01","SOURCE_ACCURACY_M":0.1,"SOURCE_DATE":"2026-06-01","SOURCE_FEATURE_DATE":"2017-01-01","SOURCE_ID":"nl-kadaster-top10nl-high-voltage-2026-06","SOURCE_LICENSE":"CC BY 4.0","SOURCE_METHOD":"luchtfoto","SOURCE_URL":"https://api.pdok.nl/kadaster/brt-top10nl/ogc/v1","TOP10NL_CODE":481,"TOP10NL_TYPE":"hoogspanningsleiding","VISUALISATION_CODE":15210,"VOLTAGE_KV":null},"type":"Feature"},{"geometry":{"coordinates":[[5.885355,51.68094],[5.884861,51.681629],[5.883054,51.683795],[5.881005,51.686188],[5.879449,51.688015],[5.878196,51.690257],[5.876927,51.692501],[5.875674,51.694773],[5.874432,51.69698],[5.873168,51.699242],[5.871834,51.701622],[5.870517,51.704002],[5.869183,51.706358],[5.867839,51.708762],[5.866815,51.710593],[5.865737,51.713084],[5.864771,51.715303],[5.863832,51.717526],[5.862882,51.719719],[5.860648,51.721862],[5.858096,51.724392],[5.856039,51.7264],[5.85367,51.7287],[5.851263,51.731087],[5.849081,51.733182],[5.846852,51.735357],[5.844617,51.737557],[5.844176,51.738977],[5.843776,51.740393],[5.842538,51.741342],[5.842285,51.741537],[5.841481,51.742154],[5.84111,51.743302],[5.841101,51.743329],[5.841088,51.743368],[5.840709,51.744538],[5.840044,51.746647],[5.839339,51.748782],[5.83932,51.74884],[5.839238,51.749087],[5.838754,51.750565],[5.838747,51.750585],[5.838739,51.750609],[5.83853,51.751249],[5.838528,51.751253],[5.838509,51.751311],[5.838498,51.751347],[5.838488,51.751377],[5.838472,51.751426],[5.838426,51.751564],[5.838261,51.752078],[5.837954,51.753032],[5.837689,51.753858],[5.837582,51.754189],[5.837526,51.754358],[5.837297,51.755049],[5.836578,51.757224],[5.835939,51.759262],[5.834934,51.762288],[5.834876,51.76287],[5.834859,51.763046],[5.834855,51.763082],[5.834852,51.763115],[5.834842,51.763215],[5.834773,51.763904],[5.834758,51.764052],[5.834753,51.764106],[5.834747,51.764156],[5.834722,51.764416],[5.834718,51.764455],[5.834716,51.76447],[5.834708,51.76455],[5.834702,51.764609],[5.834701,51.764626],[5.8347,51.764632],[5.834698,51.764651],[5.834693,51.764703],[5.834656,51.765072],[5.834646,51.765168],[5.834636,51.765258],[5.834627,51.765345],[5.834625,51.765363],[5.834612,51.765484],[5.83461,51.765506],[5.834604,51.765565],[5.834594,51.765658],[5.83459,51.765695],[5.834382,51.767652],[5.834078,51.770651],[5.833826,51.773363],[5.83356,51.776019],[5.83137,51.777611],[5.82908,51.779304],[5.826863,51.780984],[5.824451,51.782762],[5.821577,51.784736],[5.818736,51.786668],[5.815915,51.788553],[5.813075,51.790518],[5.81022,51.792437],[5.807595,51.794228],[5.804969,51.796002],[5.802351,51.797776],[5.799711,51.799563],[5.796856,51.801528],[5.796216,51.802341],[5.795936,51.802697],[5.795387,51.803396],[5.79532,51.803475],[5.795288,51.803521],[5.795197,51.803636],[5.79513,51.803722],[5.795045,51.803831],[5.795035,51.803843],[5.795014,51.803869],[5.794987,51.803904],[5.794852,51.804075],[5.7948,51.804141],[5.794411,51.804635],[5.79431,51.804762],[5.793227,51.806138],[5.791947,51.807755],[5.790715,51.809372],[5.788877,51.811692],[5.787051,51.813999],[5.785226,51.81634],[5.783414,51.81866],[5.780377,51.820431],[5.780323,51.820543]],"type":"LineString"},"id":"9fd810e4-f47e-50d6-ad64-1ff443b26878","properties":{"ASSET_KIND":"official_transmission_line","EVIDENCE":"official","GEOMETRY_CONFIDENCE":"official-top10nl-1:10000-rounded-6dp-no-simplification","HEIGHT_LEVEL":0,"LOCAL_ID":"127436759","MUTATION_TYPE":null,"NAME":null,"NAMESPACE":"NL.TOP10NL","NUMBER":null,"OBJECT_BEGIN_DATE":"2014-05-29","ORIGINAL_ID":"9fd810e4-f47e-50d6-ad64-1ff443b26878","REGION_KEY":"netherlands","REGISTRATION_DATE":"2019-02-01","SOURCE_ACCURACY_M":0.1,"SOURCE_DATE":"2026-06-01","SOURCE_FEATURE_DATE":"2018-01-01","SOURCE_ID":"nl-kadaster-top10nl-high-voltage-2026-06","SOURCE_LICENSE":"CC BY 4.0","SOURCE_METHOD":"luchtfoto","SOURCE_URL":"https://api.pdok.nl/kadaster/brt-top10nl/ogc/v1","TOP10NL_CODE":481,"TOP10NL_TYPE":"hoogspanningsleiding","VISUALISATION_CODE":15210,"VOLTAGE_KV":null},"type":"Feature"},{"geometry":{"coordinates":[[6.595312,53.20645],[6.594942,53.20648]],"type":"LineString"},"id":"a0484729-df3b-5350-87db-6624b1a158eb","properties":{"ASSET_KIND":"official_transmission_line","EVIDENCE":"official","GEOMETRY_CONFIDENCE":"official-top10nl-1:10000-rounded-6dp-no-simplification","HEIGHT_LEVEL":0,"LOCAL_ID":"132432627","MUTATION_TYPE":"kwaliteitsverbetering","NAME":null,"NAMESPACE":"NL.TOP10NL","NUMBER":null,"OBJECT_BEGIN_DATE":"2025-06-01","ORIGINAL_ID":"a0484729-df3b-5350-87db-6624b1a158eb","REGION_KEY":"netherlands","REGISTRATION_DATE":"2025-06-01","SOURCE_ACCURACY_M":0.1,"SOURCE_DATE":"2026-06-01","SOURCE_FEATURE_DATE":"2024-01-01","SOURCE_ID":"nl-kadaster-top10nl-high-voltage-2026-06","SOURCE_LICENSE":"CC BY 4.0","SOURCE_METHOD":"luchtfoto","SOURCE_URL":"https://api.pdok.nl/kadaster/brt-top10nl/ogc/v1","TOP10NL_CODE":481,"TOP10NL_TYPE":"hoogspanningsleiding","VISUALISATION_CODE":15210,"VOLTAGE_KV":null},"type":"Feature"},{"geometry":{"coordinates":[[4.439375,51.548036],[4.441181,51.54822]],"type":"LineString"},"id":"a16cb751-ecf0-5ada-a414-0d954bc3d5be","properties":{"ASSET_KIND":"official_transmission_line","EVIDENCE":"official","GEOMETRY_CONFIDENCE":"official-top10nl-1:10000-rounded-6dp-no-simplification","HEIGHT_LEVEL":0,"LOCAL_ID":"126320055","MUTATION_TYPE":null,"NAME":null,"NAMESPACE":"NL.TOP10NL","NUMBER":null,"OBJECT_BEGIN_DATE":"2013-08-30","ORIGINAL_ID":"a16cb751-ecf0-5ada-a414-0d954bc3d5be","REGION_KEY":"netherlands","REGISTRATION_DATE":"2019-02-01","SOURCE_ACCURACY_M":0.1,"SOURCE_DATE":"2026-06-01","SOURCE_FEATURE_DATE":"2018-01-01","SOURCE_ID":"nl-kadaster-top10nl-high-voltage-2026-06","SOURCE_LICENSE":"CC BY 4.0","SOURCE_METHOD":"luchtfoto","SOURCE_URL":"https://api.pdok.nl/kadaster/brt-top10nl/ogc/v1","TOP10NL_CODE":481,"TOP10NL_TYPE":"hoogspanningsleiding","VISUALISATION_CODE":15210,"VOLTAGE_KV":null},"type":"Feature"},{"geometry":{"coordinates":[[6.859479,53.439706],[6.859575,53.439074],[6.86351,53.437496],[6.8627,53.436452]],"type":"LineString"},"id":"a21079a1-1d1a-521a-82e8-20feec9a3c76","properties":{"ASSET_KIND":"official_transmission_line","EVIDENCE":"official","GEOMETRY_CONFIDENCE":"official-top10nl-1:10000-rounded-6dp-no-simplification","HEIGHT_LEVEL":0,"LOCAL_ID":"128555870","MUTATION_TYPE":null,"NAME":null,"NAMESPACE":"NL.TOP10NL","NUMBER":null,"OBJECT_BEGIN_DATE":"2015-03-28","ORIGINAL_ID":"a21079a1-1d1a-521a-82e8-20feec9a3c76","REGION_KEY":"netherlands","REGISTRATION_DATE":"2018-02-01","SOURCE_ACCURACY_M":0.1,"SOURCE_DATE":"2026-06-01","SOURCE_FEATURE_DATE":"2017-01-01","SOURCE_ID":"nl-kadaster-top10nl-high-voltage-2026-06","SOURCE_LICENSE":"CC BY 4.0","SOURCE_METHOD":"luchtfoto","SOURCE_URL":"https://api.pdok.nl/kadaster/brt-top10nl/ogc/v1","TOP10NL_CODE":481,"TOP10NL_TYPE":"hoogspanningsleiding","VISUALISATION_CODE":15210,"VOLTAGE_KV":null},"type":"Feature"},{"geometry":{"coordinates":[[6.764936,53.375734],[6.767566,53.37793],[6.770879,53.380369],[6.777638,53.38497],[6.783804,53.389688],[6.786956,53.392167],[6.792816,53.396692],[6.816967,53.405793],[6.837185,53.421907],[6.850696,53.426802],[6.855181,53.428433],[6.859612,53.430144],[6.860096,53.433667],[6.861706,53.435554]],"type":"LineString"},"id":"a292e8d1-b186-55d5-8d82-15eee818b1ff","properties":{"ASSET_KIND":"official_transmission_line","EVIDENCE":"official","GEOMETRY_CONFIDENCE":"official-top10nl-1:10000-rounded-6dp-no-simplification","HEIGHT_LEVEL":0,"LOCAL_ID":"132275457","MUTATION_TYPE":"kwaliteitsverbetering","NAME":null,"NAMESPACE":"NL.TOP10NL","NUMBER":null,"OBJECT_BEGIN_DATE":"2024-09-01","ORIGINAL_ID":"a292e8d1-b186-55d5-8d82-15eee818b1ff","REGION_KEY":"netherlands","REGISTRATION_DATE":"2024-09-01","SOURCE_ACCURACY_M":0.1,"SOURCE_DATE":"2026-06-01","SOURCE_FEATURE_DATE":"2023-01-01","SOURCE_ID":"nl-kadaster-top10nl-high-voltage-2026-06","SOURCE_LICENSE":"CC BY 4.0","SOURCE_METHOD":"luchtfoto","SOURCE_URL":"https://api.pdok.nl/kadaster/brt-top10nl/ogc/v1","TOP10NL_CODE":481,"TOP10NL_TYPE":"hoogspanningsleiding","VISUALISATION_CODE":15210,"VOLTAGE_KV":null},"type":"Feature"},{"geometry":{"coordinates":[[5.578878,51.87313],[5.579449,51.873397],[5.58429,51.873525],[5.589044,51.873624],[5.594048,51.87377],[5.598773,51.873874],[5.603825,51.873971],[5.608925,51.874098],[5.613823,51.874214],[5.618309,51.874276],[5.622689,51.874321],[5.6271,51.874372],[5.631493,51.874424],[5.635881,51.87448],[5.640363,51.874539],[5.640853,51.874538],[5.642113,51.874566],[5.642815,51.874576],[5.647445,51.87462],[5.652219,51.87469],[5.655976,51.874028],[5.657331,51.873788],[5.659696,51.873368],[5.659702,51.873366],[5.660006,51.873314],[5.660087,51.8733],[5.660156,51.873288],[5.660209,51.873278],[5.66029,51.873264],[5.660435,51.873239],[5.660461,51.873235],[5.660581,51.873214],[5.662686,51.872848],[5.662811,51.872826],[5.662876,51.872815],[5.662959,51.8728],[5.663306,51.87274],[5.663412,51.872722],[5.66353,51.872701],[5.663697,51.872672],[5.663747,51.872663],[5.663875,51.872641],[5.664383,51.872553],[5.669281,51.871688],[5.673974,51.870874],[5.678784,51.87002],[5.683412,51.868787],[5.688046,51.867558],[5.69199,51.866482],[5.692264,51.866407],[5.692361,51.866381],[5.692523,51.866337],[5.692754,51.866274],[5.697319,51.865125],[5.70194,51.863883],[5.705149,51.863023],[5.706529,51.862653],[5.706722,51.862601],[5.709554,51.861844],[5.710456,51.861603],[5.711174,51.861411],[5.712539,51.861052],[5.713004,51.86093],[5.713176,51.860885],[5.713298,51.860853],[5.713331,51.860844],[5.713438,51.860817],[5.71367,51.860756],[5.713845,51.86071],[5.713922,51.860689],[5.713996,51.86067],[5.71406,51.860653],[5.714163,51.860626],[5.714259,51.860601],[5.714397,51.860565],[5.714554,51.860523],[5.714623,51.860505],[5.714713,51.860482],[5.714787,51.860462],[5.714858,51.860444],[5.714948,51.86042],[5.715131,51.860372],[5.715361,51.860312],[5.716544,51.858644],[5.717332,51.857532],[5.717753,51.856943],[5.717829,51.856837],[5.717943,51.856677],[5.717998,51.8566],[5.719125,51.855022],[5.723958,51.854194],[5.727955,51.853514],[5.732831,51.852666],[5.737657,51.851826],[5.742551,51.850962],[5.747277,51.850141],[5.75188,51.849339],[5.756497,51.848018],[5.761095,51.84674],[5.765627,51.84541],[5.76972,51.844214],[5.772124,51.841555],[5.774486,51.838866]],"type":"LineString"},"id":"a2933b8b-c74d-5ca6-ab51-c731467d660a","properties":{"ASSET_KIND":"official_transmission_line","EVIDENCE":"official","GEOMETRY_CONFIDENCE":"official-top10nl-1:10000-rounded-6dp-no-simplification","HEIGHT_LEVEL":0,"LOCAL_ID":"131828691","MUTATION_TYPE":"werkelijke verandering","NAME":null,"NAMESPACE":"NL.TOP10NL","NUMBER":null,"OBJECT_BEGIN_DATE":"2023-02-01","ORIGINAL_ID":"a2933b8b-c74d-5ca6-ab51-c731467d660a","REGION_KEY":"netherlands","REGISTRATION_DATE":"2023-02-01","SOURCE_ACCURACY_M":0.1,"SOURCE_DATE":"2026-06-01","SOURCE_FEATURE_DATE":"2022-01-01","SOURCE_ID":"nl-kadaster-top10nl-high-voltage-2026-06","SOURCE_LICENSE":"CC BY 4.0","SOURCE_METHOD":"luchtfoto","SOURCE_URL":"https://api.pdok.nl/kadaster/brt-top10nl/ogc/v1","TOP10NL_CODE":481,"TOP10NL_TYPE":"hoogspanningsleiding","VISUALISATION_CODE":15210,"VOLTAGE_KV":null},"type":"Feature"},{"geometry":{"coordinates":[[5.885795,51.680407],[5.886996,51.679127],[5.888845,51.676901],[5.890808,51.674616],[5.892791,51.672278],[5.894765,51.669977],[5.89676,51.667636],[5.89878,51.665239],[5.90087,51.662855],[5.902931,51.660458],[5.904652,51.65851],[5.904902,51.658228],[5.905117,51.657982],[5.905192,51.657897],[5.90527,51.657808],[5.905437,51.657616],[5.906483,51.656422],[5.908444,51.654097],[5.908719,51.653779],[5.910446,51.651785],[5.910916,51.651245],[5.912345,51.649604],[5.91443,51.647226],[5.915913,51.6449],[5.917367,51.64261],[5.918864,51.64032],[5.920349,51.637983],[5.921802,51.635653],[5.923311,51.633311],[5.924794,51.630963],[5.926285,51.628629],[5.927625,51.6265],[5.929273,51.623928],[5.930763,51.621585],[5.932201,51.619337],[5.933691,51.616988],[5.935196,51.614616],[5.936943,51.612191],[5.938631,51.609865],[5.940327,51.607516],[5.942014,51.605195],[5.943702,51.602855],[5.945411,51.600473],[5.947083,51.598185],[5.94877,51.595845],[5.950472,51.593515],[5.952166,51.59116],[5.953965,51.588673],[5.955582,51.586338],[5.957199,51.583979],[5.958793,51.581635],[5.960066,51.579805],[5.961728,51.577398],[5.963299,51.575111],[5.964923,51.572738],[5.966667,51.570217],[5.968282,51.567839],[5.969891,51.565547],[5.971567,51.563121],[5.973679,51.560836],[5.975775,51.558579],[5.977864,51.556327],[5.980947,51.554374],[5.984022,51.552439],[5.987135,51.550509],[5.990111,51.548609],[5.992454,51.547139],[5.992541,51.547084],[5.993027,51.546779],[5.99291,51.546503],[5.992888,51.546453],[5.992878,51.54643],[5.992858,51.546382],[5.992836,51.546329],[5.992828,51.54631],[5.992809,51.546265],[5.99269,51.545984],[5.992272,51.544998],[5.992242,51.544932],[5.991165,51.54252],[5.991048,51.542096]],"type":"LineString"},"id":"a3db2e71-3626-5784-8348-f63652445621","properties":{"ASSET_KIND":"official_transmission_line","EVIDENCE":"official","GEOMETRY_CONFIDENCE":"official-top10nl-1:10000-rounded-6dp-no-simplification","HEIGHT_LEVEL":0,"LOCAL_ID":"130388308","MUTATION_TYPE":"kwaliteitsverbetering","NAME":null,"NAMESPACE":"NL.TOP10NL","NUMBER":null,"OBJECT_BEGIN_DATE":"2018-02-01","ORIGINAL_ID":"a3db2e71-3626-5784-8348-f63652445621","REGION_KEY":"netherlands","REGISTRATION_DATE":"2023-09-01","SOURCE_ACCURACY_M":0.1,"SOURCE_DATE":"2026-06-01","SOURCE_FEATURE_DATE":"2022-01-01","SOURCE_ID":"nl-kadaster-top10nl-high-voltage-2026-06","SOURCE_LICENSE":"CC BY 4.0","SOURCE_METHOD":"luchtfoto","SOURCE_URL":"https://api.pdok.nl/kadaster/brt-top10nl/ogc/v1","TOP10NL_CODE":481,"TOP10NL_TYPE":"hoogspanningsleiding","VISUALISATION_CODE":15210,"VOLTAGE_KV":null},"type":"Feature"},{"geometry":{"coordinates":[[5.535291,52.574552],[5.536537,52.573729],[5.540189,52.571631],[5.54244,52.568312],[5.544549,52.565148],[5.546647,52.562009],[5.548735,52.558901],[5.550823,52.555787],[5.55291,52.55266],[5.555139,52.549334],[5.5553,52.546252],[5.555493,52.542656],[5.555694,52.539065],[5.555903,52.53548],[5.556096,52.531894],[5.558248,52.529031],[5.562096,52.52691],[5.565844,52.524784],[5.569823,52.522598],[5.573496,52.520538],[5.577276,52.518412],[5.581171,52.516255],[5.585222,52.513992],[5.589569,52.511568],[5.59534,52.5119],[5.601029,52.512233],[5.606693,52.51257],[5.612472,52.512896],[5.618185,52.513218],[5.619758,52.513311],[5.619873,52.513318],[5.623932,52.513559],[5.629646,52.513895],[5.634015,52.514136],[5.634016,52.514136],[5.634142,52.514143],[5.634179,52.514145],[5.63418,52.514145],[5.634239,52.514148],[5.634289,52.514151],[5.634382,52.514156],[5.634454,52.51416],[5.634789,52.514179],[5.635359,52.51421],[5.640858,52.514541],[5.641332,52.514568],[5.644899,52.514775],[5.645105,52.514787],[5.646638,52.514876],[5.652385,52.515175],[5.657523,52.515492],[5.657696,52.515503],[5.658058,52.515525],[5.663491,52.515815]],"type":"LineString"},"id":"a3dc20a6-6575-5091-8845-5afb6dc80af3","properties":{"ASSET_KIND":"official_transmission_line","EVIDENCE":"official","GEOMETRY_CONFIDENCE":"official-top10nl-1:10000-rounded-6dp-no-simplification","HEIGHT_LEVEL":0,"LOCAL_ID":"122083308","MUTATION_TYPE":null,"NAME":null,"NAMESPACE":"NL.TOP10NL","NUMBER":null,"OBJECT_BEGIN_DATE":"2011-08-25","ORIGINAL_ID":"a3dc20a6-6575-5091-8845-5afb6dc80af3","REGION_KEY":"netherlands","REGISTRATION_DATE":"2019-02-01","SOURCE_ACCURACY_M":0.1,"SOURCE_DATE":"2026-06-01","SOURCE_FEATURE_DATE":"2018-01-01","SOURCE_ID":"nl-kadaster-top10nl-high-voltage-2026-06","SOURCE_LICENSE":"CC BY 4.0","SOURCE_METHOD":"luchtfoto","SOURCE_URL":"https://api.pdok.nl/kadaster/brt-top10nl/ogc/v1","TOP10NL_CODE":481,"TOP10NL_TYPE":"hoogspanningsleiding","VISUALISATION_CODE":15210,"VOLTAGE_KV":null},"type":"Feature"},{"geometry":{"coordinates":[[4.611494,51.596906],[4.611371,51.597769],[4.6142,51.597981]],"type":"LineString"},"id":"a4c484da-1618-5d91-a088-db97ebb5ecf9","properties":{"ASSET_KIND":"official_transmission_line","EVIDENCE":"official","GEOMETRY_CONFIDENCE":"official-top10nl-1:10000-rounded-6dp-no-simplification","HEIGHT_LEVEL":0,"LOCAL_ID":"122083175","MUTATION_TYPE":null,"NAME":null,"NAMESPACE":"NL.TOP10NL","NUMBER":null,"OBJECT_BEGIN_DATE":"2011-08-25","ORIGINAL_ID":"a4c484da-1618-5d91-a088-db97ebb5ecf9","REGION_KEY":"netherlands","REGISTRATION_DATE":"2019-02-01","SOURCE_ACCURACY_M":0.1,"SOURCE_DATE":"2026-06-01","SOURCE_FEATURE_DATE":"2018-01-01","SOURCE_ID":"nl-kadaster-top10nl-high-voltage-2026-06","SOURCE_LICENSE":"CC BY 4.0","SOURCE_METHOD":"luchtfoto","SOURCE_URL":"https://api.pdok.nl/kadaster/brt-top10nl/ogc/v1","TOP10NL_CODE":481,"TOP10NL_TYPE":"hoogspanningsleiding","VISUALISATION_CODE":15210,"VOLTAGE_KV":null},"type":"Feature"},{"geometry":{"coordinates":[[5.60207,52.089777],[5.60159,52.090878],[5.601583,52.090895],[5.601266,52.091641],[5.60094,52.092407],[5.600843,52.092635],[5.600103,52.094371],[5.599386,52.09611],[5.59864,52.097846],[5.597899,52.099582],[5.597153,52.101329],[5.596419,52.103061],[5.595696,52.104832],[5.594955,52.106537],[5.594215,52.108283],[5.593485,52.110009],[5.591789,52.111461],[5.590093,52.112914],[5.588396,52.114349],[5.586722,52.115798],[5.585025,52.117243],[5.583351,52.118668],[5.581671,52.120095],[5.58072,52.120913]],"type":"LineString"},"id":"a4d48288-e3ce-562c-9fd8-37e067088069","properties":{"ASSET_KIND":"official_transmission_line","EVIDENCE":"official","GEOMETRY_CONFIDENCE":"official-top10nl-1:10000-rounded-6dp-no-simplification","HEIGHT_LEVEL":0,"LOCAL_ID":"132501261","MUTATION_TYPE":"kwaliteitsverbetering","NAME":null,"NAMESPACE":"NL.TOP10NL","NUMBER":null,"OBJECT_BEGIN_DATE":"2025-09-01","ORIGINAL_ID":"a4d48288-e3ce-562c-9fd8-37e067088069","REGION_KEY":"netherlands","REGISTRATION_DATE":"2025-09-01","SOURCE_ACCURACY_M":0.1,"SOURCE_DATE":"2026-06-01","SOURCE_FEATURE_DATE":"2024-01-01","SOURCE_ID":"nl-kadaster-top10nl-high-voltage-2026-06","SOURCE_LICENSE":"CC BY 4.0","SOURCE_METHOD":"luchtfoto","SOURCE_URL":"https://api.pdok.nl/kadaster/brt-top10nl/ogc/v1","TOP10NL_CODE":481,"TOP10NL_TYPE":"hoogspanningsleiding","VISUALISATION_CODE":15210,"VOLTAGE_KV":null},"type":"Feature"},{"geometry":{"coordinates":[[5.984887,51.306689],[5.988551,51.308133],[5.99226,51.309591],[5.995878,51.311002],[5.999603,51.312464],[6.003473,51.313958],[6.006101,51.314965],[6.008737,51.316011],[6.011831,51.317219],[6.01494,51.318452],[6.017866,51.319604],[6.020945,51.320803],[6.024738,51.322164],[6.028631,51.323563],[6.032569,51.324971],[6.036996,51.326551],[6.041461,51.328155],[6.045317,51.329544],[6.049713,51.331106],[6.05408,51.332672],[6.05844,51.334252],[6.062784,51.335794],[6.064095,51.338802],[6.065351,51.34172],[6.066654,51.344662],[6.067934,51.347604],[6.069307,51.350721],[6.070674,51.353842],[6.072064,51.356997],[6.073406,51.360043],[6.074182,51.363159],[6.07498,51.366326],[6.075716,51.369352],[6.076561,51.372543],[6.077315,51.375711],[6.0781,51.378922],[6.081478,51.381015],[6.084711,51.38301],[6.087883,51.384947],[6.090964,51.386876],[6.094091,51.388785],[6.098607,51.388796],[6.102836,51.388831],[6.105186,51.388833],[6.105476,51.388833],[6.106247,51.388834],[6.10698,51.388834],[6.107235,51.388836],[6.108464,51.388843],[6.108522,51.388843],[6.108573,51.388843],[6.111444,51.388859],[6.111612,51.389036],[6.112212,51.389671]],"type":"LineString"},"id":"a5196b17-b3a0-5853-b759-9be7e0322082","properties":{"ASSET_KIND":"official_transmission_line","EVIDENCE":"official","GEOMETRY_CONFIDENCE":"official-top10nl-1:10000-rounded-6dp-no-simplification","HEIGHT_LEVEL":0,"LOCAL_ID":"122083139","MUTATION_TYPE":null,"NAME":null,"NAMESPACE":"NL.TOP10NL","NUMBER":null,"OBJECT_BEGIN_DATE":"2011-08-25","ORIGINAL_ID":"a5196b17-b3a0-5853-b759-9be7e0322082","REGION_KEY":"netherlands","REGISTRATION_DATE":"2019-02-01","SOURCE_ACCURACY_M":0.1,"SOURCE_DATE":"2026-06-01","SOURCE_FEATURE_DATE":"2018-01-01","SOURCE_ID":"nl-kadaster-top10nl-high-voltage-2026-06","SOURCE_LICENSE":"CC BY 4.0","SOURCE_METHOD":"luchtfoto","SOURCE_URL":"https://api.pdok.nl/kadaster/brt-top10nl/ogc/v1","TOP10NL_CODE":481,"TOP10NL_TYPE":"hoogspanningsleiding","VISUALISATION_CODE":15210,"VOLTAGE_KV":null},"type":"Feature"},{"geometry":{"coordinates":[[5.013326,52.336371],[5.012457,52.335924],[5.011156,52.333932],[5.008863,52.330534],[5.007092,52.327876],[5.007911,52.324323],[5.007682,52.320698],[5.007999,52.317157],[5.008293,52.313565],[5.008627,52.309918],[5.008886,52.306517],[5.009204,52.302965],[5.009198,52.299815],[5.009179,52.296182],[5.009185,52.292595],[5.009178,52.28955],[5.00917,52.286692],[5.009166,52.28326],[5.009145,52.279939],[5.009157,52.276648],[5.00916,52.273327],[5.009141,52.269739],[5.009155,52.266177],[5.009144,52.262639],[5.008757,52.25906],[5.008385,52.255562],[5.008013,52.252058],[5.007641,52.248535],[5.007269,52.245016],[5.006628,52.242337],[5.005854,52.238993],[5.005063,52.23565],[5.004272,52.232321],[5.003473,52.228967],[5.001453,52.226585],[5.000188,52.225087],[4.997746,52.22223],[4.995313,52.219409],[4.992946,52.216624],[4.990513,52.213763],[4.988357,52.211209],[4.985574,52.209126],[4.985555,52.205876],[4.985496,52.202368],[4.985471,52.19878],[4.985445,52.195363],[4.985425,52.192072],[4.985377,52.189244],[4.985356,52.185228],[4.985338,52.181761],[4.985303,52.178369],[4.98526,52.174973],[4.985213,52.171178],[4.986103,52.16865],[4.986975,52.165438],[4.98822,52.162528],[4.985882,52.159516],[4.984062,52.157138],[4.982238,52.154789],[4.979832,52.15168],[4.977445,52.148625],[4.975117,52.145601],[4.972898,52.142784],[4.970739,52.139994],[4.969169,52.137973],[4.968581,52.137216],[4.968231,52.136765],[4.967858,52.136287],[4.967454,52.13577],[4.967415,52.13572],[4.967054,52.135257],[4.966775,52.1349],[4.966318,52.134315],[4.966148,52.134097],[4.965775,52.13362],[4.965697,52.133519],[4.965379,52.133112],[4.964982,52.132603],[4.964952,52.132565],[4.964923,52.132528],[4.964537,52.132033],[4.964326,52.131762],[4.964179,52.131574],[4.963937,52.131264],[4.963907,52.131226],[4.963886,52.131198],[4.963684,52.13094],[4.963451,52.130641],[4.96343,52.130614],[4.96341,52.130589],[4.963208,52.13033],[4.960727,52.127133],[4.958285,52.124],[4.955778,52.120806],[4.953285,52.117597],[4.950772,52.114371],[4.948389,52.111323],[4.945955,52.108214],[4.943605,52.105214],[4.941262,52.102218],[4.939603,52.10005],[4.93687,52.096911],[4.93417,52.093737],[4.931715,52.090861],[4.928983,52.087694],[4.926652,52.084976],[4.924327,52.082282],[4.922023,52.079579],[4.919886,52.077071],[4.917666,52.07449],[4.913559,52.073048],[4.909439,52.071606],[4.904785,52.069969],[4.900659,52.068547],[4.895415,52.06671],[4.891107,52.06519],[4.886045,52.063421],[4.882103,52.060909],[4.878121,52.0584],[4.874147,52.055874],[4.870309,52.053446],[4.866393,52.050957],[4.862582,52.048537],[4.858642,52.046047],[4.854721,52.043566],[4.850013,52.041528],[4.845291,52.039477],[4.840564,52.037426],[4.836291,52.03557],[4.831643,52.033564],[4.82702,52.031549],[4.822541,52.02962],[4.820036,52.028533],[4.815804,52.026713],[4.812254,52.025162],[4.808574,52.023569],[4.804907,52.021981],[4.801676,52.020572],[4.797487,52.019086],[4.793012,52.017481],[4.788252,52.015791],[4.78335,52.014026],[4.778421,52.012278],[4.773688,52.010599],[4.769046,52.008928],[4.764152,52.007187],[4.759166,52.005425],[4.754318,52.00368],[4.752038,52.00209],[4.748725,51.999749],[4.744941,51.997092],[4.741176,51.994462],[4.737406,51.991817],[4.733591,51.989138],[4.729757,51.986444],[4.726098,51.983863],[4.722245,51.981168],[4.718452,51.978485],[4.714665,51.975831],[4.71133,51.973489],[4.708255,51.970758],[4.705117,51.96797],[4.701876,51.965072],[4.698719,51.962256],[4.695601,51.959476],[4.692394,51.956619],[4.689238,51.953794],[4.686167,51.95105],[4.682245,51.948502],[4.678318,51.945938],[4.674379,51.943366],[4.670497,51.940854],[4.66788,51.939135],[4.665476,51.937563],[4.66148,51.934961],[4.657587,51.932417],[4.653586,51.929812],[4.649591,51.927198],[4.645816,51.92473],[4.642621,51.922657],[4.639632,51.920714],[4.635948,51.918279],[4.632155,51.915798],[4.631479,51.915002]],"type":"LineString"},"id":"a56ad488-c7ba-50a9-9c06-d44a359803a6","properties":{"ASSET_KIND":"official_transmission_line","EVIDENCE":"official","GEOMETRY_CONFIDENCE":"official-top10nl-1:10000-rounded-6dp-no-simplification","HEIGHT_LEVEL":0,"LOCAL_ID":"128921986","MUTATION_TYPE":null,"NAME":null,"NAMESPACE":"NL.TOP10NL","NUMBER":null,"OBJECT_BEGIN_DATE":"2015-11-01","ORIGINAL_ID":"a56ad488-c7ba-50a9-9c06-d44a359803a6","REGION_KEY":"netherlands","REGISTRATION_DATE":"2019-02-01","SOURCE_ACCURACY_M":0.1,"SOURCE_DATE":"2026-06-01","SOURCE_FEATURE_DATE":"2018-01-01","SOURCE_ID":"nl-kadaster-top10nl-high-voltage-2026-06","SOURCE_LICENSE":"CC BY 4.0","SOURCE_METHOD":"luchtfoto","SOURCE_URL":"https://api.pdok.nl/kadaster/brt-top10nl/ogc/v1","TOP10NL_CODE":481,"TOP10NL_TYPE":"hoogspanningsleiding","VISUALISATION_CODE":15210,"VOLTAGE_KV":null},"type":"Feature"},{"geometry":{"coordinates":[[4.33258,51.699304],[4.337401,51.699427]],"type":"LineString"},"id":"a901a2c7-8f5c-5ec2-a04a-570bfd0e8197","properties":{"ASSET_KIND":"official_transmission_line","EVIDENCE":"official","GEOMETRY_CONFIDENCE":"official-top10nl-1:10000-rounded-6dp-no-simplification","HEIGHT_LEVEL":0,"LOCAL_ID":"122083228","MUTATION_TYPE":null,"NAME":null,"NAMESPACE":"NL.TOP10NL","NUMBER":null,"OBJECT_BEGIN_DATE":"2011-08-25","ORIGINAL_ID":"a901a2c7-8f5c-5ec2-a04a-570bfd0e8197","REGION_KEY":"netherlands","REGISTRATION_DATE":"2019-02-01","SOURCE_ACCURACY_M":0.1,"SOURCE_DATE":"2026-06-01","SOURCE_FEATURE_DATE":"2018-01-01","SOURCE_ID":"nl-kadaster-top10nl-high-voltage-2026-06","SOURCE_LICENSE":"CC BY 4.0","SOURCE_METHOD":"luchtfoto","SOURCE_URL":"https://api.pdok.nl/kadaster/brt-top10nl/ogc/v1","TOP10NL_CODE":481,"TOP10NL_TYPE":"hoogspanningsleiding","VISUALISATION_CODE":15210,"VOLTAGE_KV":null},"type":"Feature"},{"geometry":{"coordinates":[[5.870798,52.972252],[5.870182,52.97149],[5.869529,52.970151],[5.868153,52.967424],[5.866829,52.964689],[5.865515,52.961934],[5.861594,52.961245],[5.85796,52.960574],[5.854326,52.959916],[5.851197,52.958682],[5.84807,52.957491],[5.844943,52.956283],[5.841798,52.955053],[5.839105,52.954],[5.836862,52.953124],[5.833701,52.951897],[5.830574,52.950678],[5.827336,52.949423],[5.824607,52.948352],[5.821416,52.947114],[5.818297,52.945898],[5.815308,52.944728],[5.813185,52.943308],[5.811039,52.941895],[5.808607,52.940212],[5.806669,52.938927],[5.80479,52.93766],[5.802258,52.935967],[5.79969,52.934241],[5.797259,52.932608],[5.794911,52.931035],[5.792612,52.929487],[5.789813,52.927613],[5.788529,52.926746],[5.785861,52.924939],[5.78342,52.923316],[5.781014,52.921697],[5.778495,52.919996],[5.776333,52.918554],[5.773874,52.916888],[5.772627,52.916043],[5.770548,52.91464],[5.768298,52.913131],[5.765982,52.911572],[5.763571,52.909973],[5.761185,52.908357],[5.758887,52.906805],[5.756489,52.905185],[5.754091,52.903565],[5.75274,52.901546],[5.751341,52.899377],[5.749954,52.897255],[5.748568,52.895132],[5.747187,52.893002],[5.745783,52.890865],[5.74439,52.888714],[5.742891,52.886392],[5.742293,52.885459],[5.740782,52.88319],[5.73939,52.881049],[5.737981,52.878927],[5.736601,52.876793],[5.735222,52.87466],[5.733873,52.872587],[5.732541,52.870528],[5.731144,52.868405],[5.729777,52.866289],[5.728405,52.864199],[5.727026,52.862076],[5.727681,52.859847],[5.728019,52.858583],[5.72861,52.856547],[5.727345,52.854517],[5.726109,52.8525],[5.724819,52.850463],[5.723888,52.848913],[5.723486,52.848627]],"type":"LineString"},"id":"a966d51e-6c40-511c-b159-3889f514b69e","properties":{"ASSET_KIND":"official_transmission_line","EVIDENCE":"official","GEOMETRY_CONFIDENCE":"official-top10nl-1:10000-rounded-6dp-no-simplification","HEIGHT_LEVEL":0,"LOCAL_ID":"122083093","MUTATION_TYPE":null,"NAME":null,"NAMESPACE":"NL.TOP10NL","NUMBER":null,"OBJECT_BEGIN_DATE":"2011-08-25","ORIGINAL_ID":"a966d51e-6c40-511c-b159-3889f514b69e","REGION_KEY":"netherlands","REGISTRATION_DATE":"2019-02-01","SOURCE_ACCURACY_M":0.1,"SOURCE_DATE":"2026-06-01","SOURCE_FEATURE_DATE":"2018-01-01","SOURCE_ID":"nl-kadaster-top10nl-high-voltage-2026-06","SOURCE_LICENSE":"CC BY 4.0","SOURCE_METHOD":"luchtfoto","SOURCE_URL":"https://api.pdok.nl/kadaster/brt-top10nl/ogc/v1","TOP10NL_CODE":481,"TOP10NL_TYPE":"hoogspanningsleiding","VISUALISATION_CODE":15210,"VOLTAGE_KV":null},"type":"Feature"},{"geometry":{"coordinates":[[5.459808,52.346458],[5.459124,52.346668],[5.45571,52.34455],[5.452315,52.342442],[5.448902,52.340328],[5.44494,52.338778],[5.440985,52.337235],[5.437036,52.335695],[5.433063,52.334144],[5.429077,52.332623],[5.425123,52.331064],[5.421533,52.329679],[5.417691,52.328165],[5.41383,52.326666],[5.409988,52.325163],[5.40614,52.32366],[5.402298,52.322157],[5.398445,52.320654],[5.394591,52.31914],[5.390744,52.317629],[5.386115,52.31679],[5.381461,52.315951],[5.376825,52.315097],[5.372196,52.314285],[5.367574,52.313449],[5.363302,52.312663],[5.35905,52.311876],[5.354773,52.311112],[5.351044,52.310431],[5.34837,52.30995],[5.348028,52.309888],[5.346703,52.309648],[5.346342,52.309583],[5.345932,52.309507],[5.345832,52.309488],[5.345737,52.309471],[5.345613,52.309448],[5.345429,52.309414],[5.345335,52.309397],[5.34522,52.309376],[5.345011,52.309337],[5.343885,52.309129],[5.343699,52.309094],[5.343549,52.309154],[5.341987,52.309768],[5.341549,52.309941],[5.340363,52.310408],[5.339703,52.310664],[5.338918,52.310968],[5.338528,52.311118],[5.337021,52.311702],[5.33353,52.31308],[5.329362,52.314691],[5.325285,52.316256],[5.321276,52.317803],[5.317316,52.319372],[5.313331,52.320915],[5.309339,52.322473],[5.308759,52.322601]],"type":"LineString"},"id":"aa2e6cc3-388f-5f77-8a05-875b48417ca0","properties":{"ASSET_KIND":"official_transmission_line","EVIDENCE":"official","GEOMETRY_CONFIDENCE":"official-top10nl-1:10000-rounded-6dp-no-simplification","HEIGHT_LEVEL":0,"LOCAL_ID":"122082972","MUTATION_TYPE":"kwaliteitsverbetering","NAME":null,"NAMESPACE":"NL.TOP10NL","NUMBER":null,"OBJECT_BEGIN_DATE":"2011-08-25","ORIGINAL_ID":"aa2e6cc3-388f-5f77-8a05-875b48417ca0","REGION_KEY":"netherlands","REGISTRATION_DATE":"2024-09-01","SOURCE_ACCURACY_M":0.1,"SOURCE_DATE":"2026-06-01","SOURCE_FEATURE_DATE":"2023-01-01","SOURCE_ID":"nl-kadaster-top10nl-high-voltage-2026-06","SOURCE_LICENSE":"CC BY 4.0","SOURCE_METHOD":"luchtfoto","SOURCE_URL":"https://api.pdok.nl/kadaster/brt-top10nl/ogc/v1","TOP10NL_CODE":481,"TOP10NL_TYPE":"hoogspanningsleiding","VISUALISATION_CODE":15210,"VOLTAGE_KV":null},"type":"Feature"},{"geometry":{"coordinates":[[6.595312,53.20645],[6.595168,53.206602]],"type":"LineString"},"id":"aaf9ba03-01c9-5ea7-a50c-0f46622ca2a5","properties":{"ASSET_KIND":"official_transmission_line","EVIDENCE":"official","GEOMETRY_CONFIDENCE":"official-top10nl-1:10000-rounded-6dp-no-simplification","HEIGHT_LEVEL":0,"LOCAL_ID":"132432633","MUTATION_TYPE":"kwaliteitsverbetering","NAME":null,"NAMESPACE":"NL.TOP10NL","NUMBER":null,"OBJECT_BEGIN_DATE":"2025-06-01","ORIGINAL_ID":"aaf9ba03-01c9-5ea7-a50c-0f46622ca2a5","REGION_KEY":"netherlands","REGISTRATION_DATE":"2025-06-01","SOURCE_ACCURACY_M":0.1,"SOURCE_DATE":"2026-06-01","SOURCE_FEATURE_DATE":"2024-01-01","SOURCE_ID":"nl-kadaster-top10nl-high-voltage-2026-06","SOURCE_LICENSE":"CC BY 4.0","SOURCE_METHOD":"luchtfoto","SOURCE_URL":"https://api.pdok.nl/kadaster/brt-top10nl/ogc/v1","TOP10NL_CODE":481,"TOP10NL_TYPE":"hoogspanningsleiding","VISUALISATION_CODE":15210,"VOLTAGE_KV":null},"type":"Feature"},{"geometry":{"coordinates":[[6.250185,51.98155],[6.250968,51.981618]],"type":"LineString"},"id":"ab0136bf-415b-5b38-936d-8aeeaecfd457","properties":{"ASSET_KIND":"official_transmission_line","EVIDENCE":"official","GEOMETRY_CONFIDENCE":"official-top10nl-1:10000-rounded-6dp-no-simplification","HEIGHT_LEVEL":0,"LOCAL_ID":"122083118","MUTATION_TYPE":null,"NAME":null,"NAMESPACE":"NL.TOP10NL","NUMBER":null,"OBJECT_BEGIN_DATE":"2011-08-25","ORIGINAL_ID":"ab0136bf-415b-5b38-936d-8aeeaecfd457","REGION_KEY":"netherlands","REGISTRATION_DATE":"2019-02-01","SOURCE_ACCURACY_M":0.1,"SOURCE_DATE":"2026-06-01","SOURCE_FEATURE_DATE":"2018-01-01","SOURCE_ID":"nl-kadaster-top10nl-high-voltage-2026-06","SOURCE_LICENSE":"CC BY 4.0","SOURCE_METHOD":"luchtfoto","SOURCE_URL":"https://api.pdok.nl/kadaster/brt-top10nl/ogc/v1","TOP10NL_CODE":481,"TOP10NL_TYPE":"hoogspanningsleiding","VISUALISATION_CODE":15210,"VOLTAGE_KV":null},"type":"Feature"},{"geometry":{"coordinates":[[6.822159,52.307009],[6.826399,52.306654],[6.831244,52.306253],[6.835647,52.305142],[6.83978,52.304099],[6.844341,52.302952],[6.848903,52.301813],[6.853478,52.300657],[6.858032,52.299514],[6.862593,52.298374],[6.866884,52.297294],[6.871447,52.296865],[6.876004,52.296439],[6.880156,52.296032],[6.883593,52.295736],[6.885427,52.295578],[6.88563,52.295561],[6.885743,52.295551],[6.885796,52.295546],[6.885833,52.295543],[6.885922,52.295536],[6.885998,52.295529],[6.886298,52.295503],[6.886772,52.295462],[6.886944,52.295448],[6.887035,52.29544],[6.887107,52.295434],[6.887175,52.295428],[6.887182,52.295427],[6.887273,52.295419],[6.887389,52.295409],[6.887513,52.295399],[6.887534,52.295397],[6.887733,52.29538],[6.88787,52.295369],[6.889926,52.295215],[6.889927,52.295215],[6.890056,52.295205],[6.890227,52.295192],[6.890283,52.295188],[6.890329,52.295185],[6.890542,52.295169],[6.891007,52.295134],[6.891766,52.295077],[6.89238,52.29503],[6.892459,52.295024],[6.892696,52.295114],[6.895888,52.29632],[6.899662,52.297739],[6.903407,52.29909],[6.907783,52.300733],[6.912482,52.302007],[6.917153,52.303281],[6.918201,52.304338],[6.91848,52.304807]],"type":"LineString"},"id":"ab1c7fae-dd32-59cf-b188-b38ff5d191c7","properties":{"ASSET_KIND":"official_transmission_line","EVIDENCE":"official","GEOMETRY_CONFIDENCE":"official-top10nl-1:10000-rounded-6dp-no-simplification","HEIGHT_LEVEL":0,"LOCAL_ID":"131408252","MUTATION_TYPE":"kwaliteitsverbetering","NAME":null,"NAMESPACE":"NL.TOP10NL","NUMBER":null,"OBJECT_BEGIN_DATE":"2021-04-01","ORIGINAL_ID":"ab1c7fae-dd32-59cf-b188-b38ff5d191c7","REGION_KEY":"netherlands","REGISTRATION_DATE":"2021-04-01","SOURCE_ACCURACY_M":0.1,"SOURCE_DATE":"2026-06-01","SOURCE_FEATURE_DATE":"2020-01-01","SOURCE_ID":"nl-kadaster-top10nl-high-voltage-2026-06","SOURCE_LICENSE":"CC BY 4.0","SOURCE_METHOD":"luchtfoto","SOURCE_URL":"https://api.pdok.nl/kadaster/brt-top10nl/ogc/v1","TOP10NL_CODE":481,"TOP10NL_TYPE":"hoogspanningsleiding","VISUALISATION_CODE":15210,"VOLTAGE_KV":null},"type":"Feature"},{"geometry":{"coordinates":[[5.872787,52.972429],[5.873484,52.971799],[5.876255,52.971012],[5.879522,52.971676],[5.882747,52.972333],[5.885996,52.972989],[5.889145,52.973622],[5.892471,52.9743],[5.89583,52.974984],[5.89916,52.975663],[5.902291,52.976287],[5.905817,52.977007],[5.908842,52.977629],[5.912254,52.978304],[5.915562,52.978976],[5.91894,52.979654],[5.922085,52.980297],[5.922141,52.980308],[5.922203,52.980321],[5.922324,52.980345],[5.92263,52.980406],[5.922772,52.980434],[5.923202,52.980518],[5.924429,52.98076],[5.925579,52.980986],[5.925718,52.981013],[5.926746,52.981212],[5.927801,52.981415],[5.928848,52.981618],[5.929397,52.981725],[5.931079,52.982054],[5.932093,52.982252],[5.934049,52.982629],[5.935358,52.982881],[5.935578,52.982924],[5.936758,52.983156],[5.938627,52.983524],[5.939539,52.983702],[5.939916,52.983775],[5.940498,52.983889],[5.94083,52.983953],[5.941911,52.984164],[5.945166,52.984795],[5.947577,52.98527],[5.947649,52.985284],[5.947715,52.985297],[5.948445,52.985441],[5.951563,52.98605],[5.955028,52.986723],[5.958456,52.987399],[5.961907,52.988069],[5.965182,52.9887],[5.968251,52.988519],[5.970697,52.987711],[5.973821,52.986673],[5.97695,52.985637],[5.980054,52.984602],[5.981111,52.984253],[5.983192,52.983566],[5.983284,52.983535],[5.984434,52.983156],[5.985091,52.98294],[5.985154,52.982919],[5.985191,52.982907],[5.985233,52.982893],[5.985266,52.982882],[5.986203,52.982573],[5.986315,52.982536],[5.987079,52.98228],[5.987801,52.982038],[5.988506,52.981802],[5.989448,52.981486],[5.98992,52.981328],[5.991596,52.980768],[5.992219,52.980559],[5.992571,52.980441],[5.993387,52.980175],[5.993581,52.980111],[5.994195,52.97991],[5.995044,52.979633],[5.995164,52.979594],[5.995205,52.97958],[5.995266,52.97956],[5.9953,52.979549],[5.99534,52.979536],[5.995393,52.979519],[5.995722,52.979411],[5.996504,52.979336],[5.99659,52.979328],[5.996609,52.979326],[5.996701,52.979317],[5.997669,52.979224],[5.998486,52.979145],[5.999098,52.979086],[5.999797,52.979024],[5.999824,52.979021],[5.999876,52.979016],[6.000873,52.978927],[6.001506,52.97887],[6.00233,52.978796],[6.002483,52.978782],[6.00316,52.978718],[6.003353,52.9787],[6.004705,52.978573],[6.005873,52.978463],[6.006637,52.978394],[6.006653,52.978392],[6.006718,52.978386],[6.008457,52.978229],[6.009249,52.978158],[6.009415,52.978142],[6.010684,52.978025],[6.011917,52.977911],[6.011959,52.977907],[6.012015,52.977902],[6.012738,52.977835],[6.013156,52.977795],[6.014452,52.977673],[6.015468,52.977577],[6.01599,52.977528],[6.016741,52.977459],[6.01937,52.97722],[6.022755,52.9769],[6.026135,52.976589],[6.029619,52.976858],[6.033098,52.97712],[6.036634,52.977394],[6.040171,52.977668],[6.043602,52.977925],[6.047172,52.978202],[6.050623,52.978458],[6.054007,52.978718],[6.057405,52.978972],[6.060732,52.979229],[6.064192,52.979488],[6.067413,52.980237],[6.070623,52.980972],[6.073844,52.981718],[6.077041,52.982452],[6.080252,52.983187],[6.083439,52.983924],[6.086594,52.984661],[6.089867,52.985415],[6.093127,52.986163],[6.096525,52.98695],[6.1,52.987757],[6.103456,52.98857],[6.106795,52.989248],[6.110073,52.98988],[6.11337,52.990584],[6.116653,52.991251],[6.119978,52.991895],[6.123228,52.992576],[6.126515,52.993251],[6.129837,52.993929],[6.132938,52.99455],[6.136025,52.995186],[6.139289,52.995915],[6.142577,52.996663],[6.145821,52.997383],[6.149078,52.998127],[6.152466,52.998896],[6.15583,52.999649],[6.159212,53.00041],[6.162582,53.001164],[6.165959,53.001917],[6.169256,53.002761],[6.172571,53.003598],[6.175862,53.004427],[6.179159,53.005256],[6.182456,53.006092],[6.185741,53.006924],[6.189039,53.00776],[6.192343,53.008593],[6.195634,53.009429],[6.198957,53.010245],[6.202236,53.011085],[6.205541,53.011917],[6.208826,53.012737],[6.212123,53.012831],[6.215433,53.012914],[6.218742,53.012989],[6.222045,53.013071],[6.225372,53.013146],[6.228835,53.013235],[6.231997,53.013306],[6.235306,53.013384],[6.238447,53.013475],[6.242087,53.013558],[6.245708,53.013637],[6.249343,53.013732],[6.252971,53.01383],[6.256611,53.013909],[6.260032,53.013982]],"type":"LineString"},"id":"abd525ea-f103-5f7a-b0a9-6633179d264d","properties":{"ASSET_KIND":"official_transmission_line","EVIDENCE":"official","GEOMETRY_CONFIDENCE":"official-top10nl-1:10000-rounded-6dp-no-simplification","HEIGHT_LEVEL":0,"LOCAL_ID":"132364269","MUTATION_TYPE":"werkelijke verandering","NAME":null,"NAMESPACE":"NL.TOP10NL","NUMBER":null,"OBJECT_BEGIN_DATE":"2025-02-01","ORIGINAL_ID":"abd525ea-f103-5f7a-b0a9-6633179d264d","REGION_KEY":"netherlands","REGISTRATION_DATE":"2025-02-01","SOURCE_ACCURACY_M":0.1,"SOURCE_DATE":"2026-06-01","SOURCE_FEATURE_DATE":"2024-01-01","SOURCE_ID":"nl-kadaster-top10nl-high-voltage-2026-06","SOURCE_LICENSE":"CC BY 4.0","SOURCE_METHOD":"luchtfoto","SOURCE_URL":"https://api.pdok.nl/kadaster/brt-top10nl/ogc/v1","TOP10NL_CODE":481,"TOP10NL_TYPE":"hoogspanningsleiding","VISUALISATION_CODE":15210,"VOLTAGE_KV":null},"type":"Feature"},{"geometry":{"coordinates":[[5.805083,50.958803],[5.805033,50.959185],[5.804788,50.960915],[5.80279,50.962084],[5.800662,50.963331],[5.79932,50.964129],[5.796682,50.965669],[5.796407,50.965829],[5.793561,50.96748],[5.791312,50.968892],[5.790638,50.969313],[5.790348,50.969494],[5.790112,50.969641],[5.789807,50.969832],[5.789702,50.969897],[5.789434,50.970064],[5.789155,50.970238],[5.789103,50.970271],[5.788883,50.972504],[5.788719,50.974297],[5.788673,50.974793],[5.788586,50.976923],[5.787508,50.978591],[5.785994,50.980932],[5.784423,50.983316],[5.785346,50.985776],[5.786308,50.988411],[5.787172,50.990683],[5.788143,50.99327],[5.78903,50.994937],[5.791574,50.995261],[5.795585,50.994382],[5.799183,50.99357],[5.802418,50.992869],[5.805824,50.9921],[5.808523,50.991509],[5.81125,50.990894],[5.814856,50.989943],[5.818318,50.988974],[5.821388,50.988115],[5.821774,50.986002],[5.822026,50.984273],[5.819676,50.983135],[5.817715,50.982108]],"type":"LineString"},"id":"abdfbc4f-aa91-58e3-bcb4-f922d6ea2da9","properties":{"ASSET_KIND":"official_transmission_line","EVIDENCE":"official","GEOMETRY_CONFIDENCE":"official-top10nl-1:10000-rounded-6dp-no-simplification","HEIGHT_LEVEL":0,"LOCAL_ID":"122082993","MUTATION_TYPE":null,"NAME":null,"NAMESPACE":"NL.TOP10NL","NUMBER":null,"OBJECT_BEGIN_DATE":"2011-08-25","ORIGINAL_ID":"abdfbc4f-aa91-58e3-bcb4-f922d6ea2da9","REGION_KEY":"netherlands","REGISTRATION_DATE":"2019-02-01","SOURCE_ACCURACY_M":0.1,"SOURCE_DATE":"2026-06-01","SOURCE_FEATURE_DATE":"2018-01-01","SOURCE_ID":"nl-kadaster-top10nl-high-voltage-2026-06","SOURCE_LICENSE":"CC BY 4.0","SOURCE_METHOD":"luchtfoto","SOURCE_URL":"https://api.pdok.nl/kadaster/brt-top10nl/ogc/v1","TOP10NL_CODE":481,"TOP10NL_TYPE":"hoogspanningsleiding","VISUALISATION_CODE":15210,"VOLTAGE_KV":null},"type":"Feature"},{"geometry":{"coordinates":[[6.861088,53.439469],[6.860972,53.438794],[6.86351,53.437496]],"type":"LineString"},"id":"ac51555e-9536-5401-a09d-cde9e51bcd22","properties":{"ASSET_KIND":"official_transmission_line","EVIDENCE":"official","GEOMETRY_CONFIDENCE":"official-top10nl-1:10000-rounded-6dp-no-simplification","HEIGHT_LEVEL":0,"LOCAL_ID":"130371226","MUTATION_TYPE":"werkelijke verandering","NAME":null,"NAMESPACE":"NL.TOP10NL","NUMBER":null,"OBJECT_BEGIN_DATE":"2018-02-01","ORIGINAL_ID":"ac51555e-9536-5401-a09d-cde9e51bcd22","REGION_KEY":"netherlands","REGISTRATION_DATE":"2018-02-01","SOURCE_ACCURACY_M":0.1,"SOURCE_DATE":"2026-06-01","SOURCE_FEATURE_DATE":"2017-01-01","SOURCE_ID":"nl-kadaster-top10nl-high-voltage-2026-06","SOURCE_LICENSE":"CC BY 4.0","SOURCE_METHOD":"luchtfoto","SOURCE_URL":"https://api.pdok.nl/kadaster/brt-top10nl/ogc/v1","TOP10NL_CODE":481,"TOP10NL_TYPE":"hoogspanningsleiding","VISUALISATION_CODE":15210,"VOLTAGE_KV":null},"type":"Feature"},{"geometry":{"coordinates":[[4.524534,52.035264],[4.524704,52.035295]],"type":"LineString"},"id":"ac801015-bf2e-5ffc-adad-3aa865ba6baf","properties":{"ASSET_KIND":"official_transmission_line","EVIDENCE":"official","GEOMETRY_CONFIDENCE":"official-top10nl-1:10000-rounded-6dp-no-simplification","HEIGHT_LEVEL":-1,"LOCAL_ID":"131733219","MUTATION_TYPE":"werkelijke verandering","NAME":null,"NAMESPACE":"NL.TOP10NL","NUMBER":null,"OBJECT_BEGIN_DATE":"2022-06-01","ORIGINAL_ID":"ac801015-bf2e-5ffc-adad-3aa865ba6baf","REGION_KEY":"netherlands","REGISTRATION_DATE":"2022-06-01","SOURCE_ACCURACY_M":0.1,"SOURCE_DATE":"2026-06-01","SOURCE_FEATURE_DATE":"2021-01-01","SOURCE_ID":"nl-kadaster-top10nl-high-voltage-2026-06","SOURCE_LICENSE":"CC BY 4.0","SOURCE_METHOD":"luchtfoto","SOURCE_URL":"https://api.pdok.nl/kadaster/brt-top10nl/ogc/v1","TOP10NL_CODE":481,"TOP10NL_TYPE":"hoogspanningsleiding","VISUALISATION_CODE":-15210,"VOLTAGE_KV":null},"type":"Feature"},{"geometry":{"coordinates":[[5.089278,51.706162],[5.088183,51.706159]],"type":"LineString"},"id":"ac9abfbe-3d48-5e69-a7e6-3afe191c0f13","properties":{"ASSET_KIND":"official_transmission_line","EVIDENCE":"official","GEOMETRY_CONFIDENCE":"official-top10nl-1:10000-rounded-6dp-no-simplification","HEIGHT_LEVEL":0,"LOCAL_ID":"122083369","MUTATION_TYPE":null,"NAME":null,"NAMESPACE":"NL.TOP10NL","NUMBER":null,"OBJECT_BEGIN_DATE":"2011-08-25","ORIGINAL_ID":"ac9abfbe-3d48-5e69-a7e6-3afe191c0f13","REGION_KEY":"netherlands","REGISTRATION_DATE":"2019-02-01","SOURCE_ACCURACY_M":0.1,"SOURCE_DATE":"2026-06-01","SOURCE_FEATURE_DATE":"2018-01-01","SOURCE_ID":"nl-kadaster-top10nl-high-voltage-2026-06","SOURCE_LICENSE":"CC BY 4.0","SOURCE_METHOD":"luchtfoto","SOURCE_URL":"https://api.pdok.nl/kadaster/brt-top10nl/ogc/v1","TOP10NL_CODE":481,"TOP10NL_TYPE":"hoogspanningsleiding","VISUALISATION_CODE":15210,"VOLTAGE_KV":null},"type":"Feature"},{"geometry":{"coordinates":[[5.774486,51.838866],[5.778915,51.839502],[5.783863,51.840224],[5.787753,51.840794],[5.790631,51.840285],[5.793564,51.839773],[5.79792,51.839901],[5.802256,51.840034],[5.806599,51.840132],[5.810653,51.840785],[5.814196,51.841312],[5.818264,51.84196],[5.82226,51.842761],[5.825258,51.843387],[5.827504,51.845886],[5.829779,51.848419],[5.832751,51.849816]],"type":"LineString"},"id":"ad1c32a0-36ae-5502-ace8-913f0aa489f3","properties":{"ASSET_KIND":"official_transmission_line","EVIDENCE":"official","GEOMETRY_CONFIDENCE":"official-top10nl-1:10000-rounded-6dp-no-simplification","HEIGHT_LEVEL":0,"LOCAL_ID":"122083015","MUTATION_TYPE":null,"NAME":null,"NAMESPACE":"NL.TOP10NL","NUMBER":null,"OBJECT_BEGIN_DATE":"2011-08-25","ORIGINAL_ID":"ad1c32a0-36ae-5502-ace8-913f0aa489f3","REGION_KEY":"netherlands","REGISTRATION_DATE":"2019-02-01","SOURCE_ACCURACY_M":0.1,"SOURCE_DATE":"2026-06-01","SOURCE_FEATURE_DATE":"2018-01-01","SOURCE_ID":"nl-kadaster-top10nl-high-voltage-2026-06","SOURCE_LICENSE":"CC BY 4.0","SOURCE_METHOD":"luchtfoto","SOURCE_URL":"https://api.pdok.nl/kadaster/brt-top10nl/ogc/v1","TOP10NL_CODE":481,"TOP10NL_TYPE":"hoogspanningsleiding","VISUALISATION_CODE":15210,"VOLTAGE_KV":null},"type":"Feature"},{"geometry":{"coordinates":[[6.83801,53.29562],[6.839099,53.295481]],"type":"LineString"},"id":"ad89d43e-b946-501e-86b9-a8a0edc9eef7","properties":{"ASSET_KIND":"official_transmission_line","EVIDENCE":"official","GEOMETRY_CONFIDENCE":"official-top10nl-1:10000-rounded-6dp-no-simplification","HEIGHT_LEVEL":0,"LOCAL_ID":"122083332","MUTATION_TYPE":null,"NAME":null,"NAMESPACE":"NL.TOP10NL","NUMBER":null,"OBJECT_BEGIN_DATE":"2011-08-25","ORIGINAL_ID":"ad89d43e-b946-501e-86b9-a8a0edc9eef7","REGION_KEY":"netherlands","REGISTRATION_DATE":"2019-02-01","SOURCE_ACCURACY_M":0.1,"SOURCE_DATE":"2026-06-01","SOURCE_FEATURE_DATE":"2018-01-01","SOURCE_ID":"nl-kadaster-top10nl-high-voltage-2026-06","SOURCE_LICENSE":"CC BY 4.0","SOURCE_METHOD":"luchtfoto","SOURCE_URL":"https://api.pdok.nl/kadaster/brt-top10nl/ogc/v1","TOP10NL_CODE":481,"TOP10NL_TYPE":"hoogspanningsleiding","VISUALISATION_CODE":15210,"VOLTAGE_KV":null},"type":"Feature"},{"geometry":{"coordinates":[[5.690891,51.464053],[5.689199,51.464049],[5.688908,51.464235]],"type":"LineString"},"id":"ad95874c-bac9-55ba-9282-2ab71deaac7b","properties":{"ASSET_KIND":"official_transmission_line","EVIDENCE":"official","GEOMETRY_CONFIDENCE":"official-top10nl-1:10000-rounded-6dp-no-simplification","HEIGHT_LEVEL":0,"LOCAL_ID":"122034980","MUTATION_TYPE":null,"NAME":null,"NAMESPACE":"NL.TOP10NL","NUMBER":null,"OBJECT_BEGIN_DATE":"2011-08-25","ORIGINAL_ID":"ad95874c-bac9-55ba-9282-2ab71deaac7b","REGION_KEY":"netherlands","REGISTRATION_DATE":"2019-02-01","SOURCE_ACCURACY_M":0.1,"SOURCE_DATE":"2026-06-01","SOURCE_FEATURE_DATE":"2018-01-01","SOURCE_ID":"nl-kadaster-top10nl-high-voltage-2026-06","SOURCE_LICENSE":"CC BY 4.0","SOURCE_METHOD":"luchtfoto","SOURCE_URL":"https://api.pdok.nl/kadaster/brt-top10nl/ogc/v1","TOP10NL_CODE":481,"TOP10NL_TYPE":"hoogspanningsleiding","VISUALISATION_CODE":15210,"VOLTAGE_KV":null},"type":"Feature"},{"geometry":{"coordinates":[[5.690891,51.464053],[5.693064,51.465983],[5.695889,51.468442],[5.694626,51.471351],[5.69385,51.473128],[5.69257,51.476037],[5.691364,51.478805],[5.690108,51.481678],[5.688845,51.484618],[5.687845,51.486836],[5.686746,51.489394],[5.683969,51.49182],[5.681285,51.49435],[5.679448,51.49702],[5.67762,51.4997],[5.675825,51.502354],[5.673921,51.505123],[5.67251,51.507671],[5.67144,51.509548],[5.670127,51.509947]],"type":"LineString"},"id":"add18221-7baf-5e3b-8648-1b06ed1c9cd9","properties":{"ASSET_KIND":"official_transmission_line","EVIDENCE":"official","GEOMETRY_CONFIDENCE":"official-top10nl-1:10000-rounded-6dp-no-simplification","HEIGHT_LEVEL":0,"LOCAL_ID":"122083282","MUTATION_TYPE":null,"NAME":null,"NAMESPACE":"NL.TOP10NL","NUMBER":null,"OBJECT_BEGIN_DATE":"2011-08-25","ORIGINAL_ID":"add18221-7baf-5e3b-8648-1b06ed1c9cd9","REGION_KEY":"netherlands","REGISTRATION_DATE":"2019-02-01","SOURCE_ACCURACY_M":0.1,"SOURCE_DATE":"2026-06-01","SOURCE_FEATURE_DATE":"2018-01-01","SOURCE_ID":"nl-kadaster-top10nl-high-voltage-2026-06","SOURCE_LICENSE":"CC BY 4.0","SOURCE_METHOD":"luchtfoto","SOURCE_URL":"https://api.pdok.nl/kadaster/brt-top10nl/ogc/v1","TOP10NL_CODE":481,"TOP10NL_TYPE":"hoogspanningsleiding","VISUALISATION_CODE":15210,"VOLTAGE_KV":null},"type":"Feature"},{"geometry":{"coordinates":[[5.460585,52.345596],[5.460598,52.345174],[5.459501,52.342828],[5.458057,52.339768],[5.456511,52.33645],[5.454927,52.333137],[5.453353,52.329813],[5.451797,52.326501],[5.450195,52.323045],[5.448689,52.319846],[5.448565,52.319584],[5.446927,52.316117],[5.445316,52.312696],[5.444172,52.309268],[5.443057,52.305847],[5.441933,52.302443],[5.440799,52.299038],[5.439675,52.295622],[5.43856,52.292212],[5.437427,52.288791],[5.436294,52.285403],[5.43519,52.281987],[5.433404,52.278967],[5.431395,52.275608],[5.429417,52.272243],[5.429414,52.272238],[5.427443,52.268897],[5.422488,52.267056],[5.418949,52.265714],[5.417497,52.265163],[5.416918,52.26495],[5.416124,52.264657],[5.415545,52.264444],[5.415389,52.264386],[5.415359,52.264375],[5.415325,52.264363],[5.415186,52.264312],[5.415069,52.264269],[5.414909,52.26421],[5.412422,52.263293],[5.411658,52.262723],[5.408736,52.260541],[5.40493,52.257709],[5.400966,52.254751],[5.397543,52.252159],[5.394373,52.249802],[5.394132,52.249621],[5.391165,52.247393],[5.390717,52.244131],[5.390542,52.242809],[5.390288,52.240886],[5.389831,52.237618],[5.389393,52.234357],[5.388983,52.231226],[5.388563,52.228016],[5.388134,52.224851],[5.38586,52.222272],[5.385799,52.222202],[5.385467,52.221827],[5.385339,52.221681],[5.382884,52.218883],[5.382562,52.218516],[5.379963,52.215558],[5.377206,52.212416],[5.374534,52.209365],[5.373727,52.208352],[5.373265,52.207771],[5.373161,52.20764],[5.373112,52.207578],[5.373055,52.207507],[5.372978,52.20741],[5.372937,52.207357],[5.372885,52.207292],[5.372748,52.207121],[5.372705,52.207067],[5.372614,52.206951],[5.372589,52.20692],[5.372581,52.206911],[5.372468,52.206768],[5.372417,52.206705],[5.372385,52.206665],[5.372383,52.206663],[5.372357,52.20663],[5.3722,52.206434],[5.371116,52.205083],[5.370185,52.203922],[5.369479,52.203047],[5.369233,52.202742],[5.367903,52.201094],[5.367784,52.200946],[5.367718,52.200864],[5.367548,52.200649],[5.365662,52.19827],[5.365401,52.197941],[5.365076,52.197537],[5.364487,52.196803],[5.36299,52.194937],[5.36138,52.192956],[5.360716,52.192139],[5.360534,52.191914],[5.360257,52.19156],[5.360179,52.19146],[5.358189,52.188915],[5.357867,52.188517],[5.35564,52.185761],[5.353925,52.183617],[5.353534,52.183127],[5.353361,52.182911],[5.352013,52.181218],[5.351962,52.181155],[5.351064,52.180026],[5.350465,52.179344],[5.348985,52.177659],[5.348655,52.177284],[5.347953,52.176469],[5.34727,52.175675],[5.344936,52.173037],[5.34383,52.171759],[5.342751,52.170512],[5.341534,52.167833],[5.341503,52.167729]],"type":"LineString"},"id":"ae461afc-b6b1-5953-966f-1bbf64f195c1","properties":{"ASSET_KIND":"official_transmission_line","EVIDENCE":"official","GEOMETRY_CONFIDENCE":"official-top10nl-1:10000-rounded-6dp-no-simplification","HEIGHT_LEVEL":0,"LOCAL_ID":"132268370","MUTATION_TYPE":"kwaliteitsverbetering","NAME":null,"NAMESPACE":"NL.TOP10NL","NUMBER":null,"OBJECT_BEGIN_DATE":"2024-09-01","ORIGINAL_ID":"ae461afc-b6b1-5953-966f-1bbf64f195c1","REGION_KEY":"netherlands","REGISTRATION_DATE":"2024-09-01","SOURCE_ACCURACY_M":0.1,"SOURCE_DATE":"2026-06-01","SOURCE_FEATURE_DATE":"2023-01-01","SOURCE_ID":"nl-kadaster-top10nl-high-voltage-2026-06","SOURCE_LICENSE":"CC BY 4.0","SOURCE_METHOD":"luchtfoto","SOURCE_URL":"https://api.pdok.nl/kadaster/brt-top10nl/ogc/v1","TOP10NL_CODE":481,"TOP10NL_TYPE":"hoogspanningsleiding","VISUALISATION_CODE":15210,"VOLTAGE_KV":null},"type":"Feature"},{"geometry":{"coordinates":[[6.13575,52.277394],[6.136446,52.277567],[6.141287,52.278741],[6.142847,52.279101],[6.1475,52.280216],[6.151844,52.279456],[6.156747,52.278582],[6.160371,52.277949],[6.163767,52.275774],[6.167354,52.273453],[6.170563,52.273312],[6.175547,52.273092],[6.180059,52.272883],[6.185215,52.272657],[6.190372,52.272439],[6.195528,52.272182],[6.200206,52.271984],[6.205365,52.271485],[6.210453,52.270973],[6.213755,52.269516],[6.213967,52.26701],[6.211437,52.264273],[6.209654,52.262371],[6.207214,52.259884],[6.204809,52.257354],[6.202102,52.25467],[6.199419,52.251981],[6.197152,52.24973],[6.196309,52.247179],[6.195594,52.245021],[6.193174,52.244556],[6.190736,52.244081],[6.188316,52.243285],[6.188058,52.24292]],"type":"LineString"},"id":"ae5b9efc-1018-50c2-8b91-7342c9e6ace3","properties":{"ASSET_KIND":"official_transmission_line","EVIDENCE":"official","GEOMETRY_CONFIDENCE":"official-top10nl-1:10000-rounded-6dp-no-simplification","HEIGHT_LEVEL":0,"LOCAL_ID":"122083096","MUTATION_TYPE":null,"NAME":null,"NAMESPACE":"NL.TOP10NL","NUMBER":null,"OBJECT_BEGIN_DATE":"2011-08-25","ORIGINAL_ID":"ae5b9efc-1018-50c2-8b91-7342c9e6ace3","REGION_KEY":"netherlands","REGISTRATION_DATE":"2019-02-01","SOURCE_ACCURACY_M":0.1,"SOURCE_DATE":"2026-06-01","SOURCE_FEATURE_DATE":"2018-01-01","SOURCE_ID":"nl-kadaster-top10nl-high-voltage-2026-06","SOURCE_LICENSE":"CC BY 4.0","SOURCE_METHOD":"luchtfoto","SOURCE_URL":"https://api.pdok.nl/kadaster/brt-top10nl/ogc/v1","TOP10NL_CODE":481,"TOP10NL_TYPE":"hoogspanningsleiding","VISUALISATION_CODE":15210,"VOLTAGE_KV":null},"type":"Feature"},{"geometry":{"coordinates":[[6.160231,52.345214],[6.160086,52.342109],[6.159976,52.338957],[6.159816,52.335779],[6.159671,52.332619],[6.159511,52.329433],[6.159382,52.326821],[6.15925,52.323614],[6.159091,52.320432],[6.158954,52.317365],[6.158391,52.314118],[6.157864,52.310964],[6.157347,52.308002],[6.156878,52.305358],[6.156429,52.302655],[6.155881,52.299514],[6.155387,52.296611],[6.154861,52.293461],[6.154293,52.290346],[6.153866,52.287315],[6.151433,52.285407],[6.149112,52.28361],[6.14711,52.282146],[6.144046,52.279864],[6.141016,52.279151],[6.136064,52.277974],[6.135537,52.277889]],"type":"LineString"},"id":"aea53379-77a7-5c54-9e81-eefc1024ddd9","properties":{"ASSET_KIND":"official_transmission_line","EVIDENCE":"official","GEOMETRY_CONFIDENCE":"official-top10nl-1:10000-rounded-6dp-no-simplification","HEIGHT_LEVEL":0,"LOCAL_ID":"122083364","MUTATION_TYPE":null,"NAME":null,"NAMESPACE":"NL.TOP10NL","NUMBER":null,"OBJECT_BEGIN_DATE":"2011-08-25","ORIGINAL_ID":"aea53379-77a7-5c54-9e81-eefc1024ddd9","REGION_KEY":"netherlands","REGISTRATION_DATE":"2019-02-01","SOURCE_ACCURACY_M":0.1,"SOURCE_DATE":"2026-06-01","SOURCE_FEATURE_DATE":"2018-01-01","SOURCE_ID":"nl-kadaster-top10nl-high-voltage-2026-06","SOURCE_LICENSE":"CC BY 4.0","SOURCE_METHOD":"luchtfoto","SOURCE_URL":"https://api.pdok.nl/kadaster/brt-top10nl/ogc/v1","TOP10NL_CODE":481,"TOP10NL_TYPE":"hoogspanningsleiding","VISUALISATION_CODE":15210,"VOLTAGE_KV":null},"type":"Feature"},{"geometry":{"coordinates":[[6.874399,53.424774],[6.8738,53.4246],[6.871436,53.423527]],"type":"LineString"},"id":"af1ff828-c4e9-584e-a484-89901d9f44ef","properties":{"ASSET_KIND":"official_transmission_line","EVIDENCE":"official","GEOMETRY_CONFIDENCE":"official-top10nl-1:10000-rounded-6dp-no-simplification","HEIGHT_LEVEL":0,"LOCAL_ID":"122083002","MUTATION_TYPE":null,"NAME":null,"NAMESPACE":"NL.TOP10NL","NUMBER":null,"OBJECT_BEGIN_DATE":"2011-08-25","ORIGINAL_ID":"af1ff828-c4e9-584e-a484-89901d9f44ef","REGION_KEY":"netherlands","REGISTRATION_DATE":"2019-02-01","SOURCE_ACCURACY_M":0.1,"SOURCE_DATE":"2026-06-01","SOURCE_FEATURE_DATE":"2018-01-01","SOURCE_ID":"nl-kadaster-top10nl-high-voltage-2026-06","SOURCE_LICENSE":"CC BY 4.0","SOURCE_METHOD":"luchtfoto","SOURCE_URL":"https://api.pdok.nl/kadaster/brt-top10nl/ogc/v1","TOP10NL_CODE":481,"TOP10NL_TYPE":"hoogspanningsleiding","VISUALISATION_CODE":15210,"VOLTAGE_KV":null},"type":"Feature"},{"geometry":{"coordinates":[[6.715671,52.150335],[6.714956,52.150461],[6.711966,52.150388],[6.706992,52.150286],[6.702031,52.150176],[6.697071,52.150077],[6.693912,52.1476],[6.69076,52.145126],[6.687594,52.142625],[6.684417,52.140143],[6.681246,52.137657],[6.678619,52.135586],[6.67483,52.133494],[6.670989,52.131387],[6.667207,52.129279],[6.663405,52.12718],[6.659585,52.125072],[6.655784,52.122984],[6.651965,52.120884],[6.648213,52.119781],[6.643601,52.118421],[6.639485,52.117188],[6.638971,52.117351]],"type":"LineString"},"id":"af8e861f-304b-54dd-9169-aec3feaa7ea6","properties":{"ASSET_KIND":"official_transmission_line","EVIDENCE":"official","GEOMETRY_CONFIDENCE":"official-top10nl-1:10000-rounded-6dp-no-simplification","HEIGHT_LEVEL":0,"LOCAL_ID":"130330946","MUTATION_TYPE":null,"NAME":null,"NAMESPACE":"NL.TOP10NL","NUMBER":null,"OBJECT_BEGIN_DATE":"2018-02-01","ORIGINAL_ID":"af8e861f-304b-54dd-9169-aec3feaa7ea6","REGION_KEY":"netherlands","REGISTRATION_DATE":"2019-02-01","SOURCE_ACCURACY_M":0.1,"SOURCE_DATE":"2026-06-01","SOURCE_FEATURE_DATE":"2018-01-01","SOURCE_ID":"nl-kadaster-top10nl-high-voltage-2026-06","SOURCE_LICENSE":"CC BY 4.0","SOURCE_METHOD":"luchtfoto","SOURCE_URL":"https://api.pdok.nl/kadaster/brt-top10nl/ogc/v1","TOP10NL_CODE":481,"TOP10NL_TYPE":"hoogspanningsleiding","VISUALISATION_CODE":15210,"VOLTAGE_KV":null},"type":"Feature"},{"geometry":{"coordinates":[[6.947718,52.820469],[6.94415,52.823053],[6.940951,52.825272],[6.937594,52.827627],[6.934309,52.829961],[6.931022,52.83225],[6.925976,52.83197],[6.920246,52.83165],[6.915844,52.831406],[6.910977,52.831114],[6.905809,52.83083],[6.900697,52.830505],[6.895473,52.830217],[6.890322,52.829937],[6.885354,52.829532],[6.880336,52.829117],[6.875425,52.82871],[6.871722,52.828401],[6.868141,52.828116],[6.863698,52.827831],[6.858419,52.827369],[6.853372,52.826998],[6.847915,52.826567],[6.842631,52.826154],[6.837452,52.825749],[6.832272,52.825319],[6.827494,52.825948],[6.821654,52.826699],[6.818155,52.827169],[6.813027,52.827817],[6.808029,52.828458],[6.802827,52.829087],[6.797643,52.829769],[6.792466,52.830441],[6.787395,52.831092],[6.782323,52.831752],[6.781044,52.831917],[6.780203,52.832026],[6.778891,52.832195],[6.777243,52.832408],[6.772163,52.833043],[6.767714,52.833615],[6.767058,52.833699],[6.761994,52.834363],[6.756921,52.835008],[6.751962,52.835651],[6.747011,52.836294],[6.742108,52.836921],[6.73753,52.83752],[6.73261,52.838123],[6.727659,52.838775],[6.722722,52.839372],[6.717722,52.84003],[6.712711,52.840622],[6.70767,52.841289],[6.702433,52.841948],[6.697295,52.84262],[6.692147,52.843268],[6.686918,52.843941],[6.681535,52.844615],[6.679271,52.845921],[6.675741,52.84793],[6.672965,52.849556],[6.668931,52.851871],[6.665249,52.85396],[6.66147,52.856129],[6.657724,52.858287],[6.653928,52.860456],[6.650309,52.862534],[6.646472,52.864703],[6.641847,52.866368],[6.637281,52.868009],[6.637229,52.868028],[6.634644,52.86895],[6.632764,52.869621],[6.63264,52.869666],[6.630394,52.870476],[6.628411,52.871191],[6.628291,52.871235],[6.623696,52.872879],[6.621522,52.873652],[6.618762,52.874635],[6.618062,52.874875],[6.617916,52.874925],[6.617774,52.874974],[6.617714,52.874995],[6.617658,52.875014],[6.617583,52.87504],[6.617195,52.875173],[6.617047,52.875224],[6.616963,52.875253],[6.616897,52.875276],[6.616814,52.875304],[6.616754,52.875325],[6.616265,52.875493],[6.616063,52.875562],[6.615927,52.875609],[6.615687,52.875691],[6.615515,52.87575],[6.615242,52.875845],[6.614977,52.875941],[6.614653,52.876059],[6.614454,52.876131],[6.614417,52.876145],[6.612599,52.876805],[6.612568,52.876816],[6.612489,52.876845],[6.612425,52.876868],[6.612391,52.876881],[6.610039,52.877735],[6.609475,52.877936],[6.605773,52.879261],[6.600307,52.879484],[6.594809,52.879737],[6.589448,52.879959],[6.583819,52.880198],[6.578889,52.880415],[6.573773,52.880638],[6.568738,52.880851],[6.563548,52.881074],[6.558439,52.881302],[6.55333,52.88151],[6.54823,52.881737],[6.543105,52.881939],[6.537964,52.882176],[6.532505,52.882411],[6.528079,52.882582],[6.523345,52.882814],[6.521139,52.885042],[6.518869,52.887335],[6.518691,52.887716]],"type":"LineString"},"id":"aff696f9-6f51-5a6e-8f15-9d6751dfad48","properties":{"ASSET_KIND":"official_transmission_line","EVIDENCE":"official","GEOMETRY_CONFIDENCE":"official-top10nl-1:10000-rounded-6dp-no-simplification","HEIGHT_LEVEL":0,"LOCAL_ID":"132131953","MUTATION_TYPE":"werkelijke verandering","NAME":null,"NAMESPACE":"NL.TOP10NL","NUMBER":null,"OBJECT_BEGIN_DATE":"2024-04-01","ORIGINAL_ID":"aff696f9-6f51-5a6e-8f15-9d6751dfad48","REGION_KEY":"netherlands","REGISTRATION_DATE":"2024-04-01","SOURCE_ACCURACY_M":0.1,"SOURCE_DATE":"2026-06-01","SOURCE_FEATURE_DATE":"2023-01-01","SOURCE_ID":"nl-kadaster-top10nl-high-voltage-2026-06","SOURCE_LICENSE":"CC BY 4.0","SOURCE_METHOD":"luchtfoto","SOURCE_URL":"https://api.pdok.nl/kadaster/brt-top10nl/ogc/v1","TOP10NL_CODE":481,"TOP10NL_TYPE":"hoogspanningsleiding","VISUALISATION_CODE":15210,"VOLTAGE_KV":null},"type":"Feature"},{"geometry":{"coordinates":[[5.624056,51.456844],[5.621447,51.455148]],"type":"LineString"},"id":"b00133fc-b45a-5e84-bf94-4710f7a09a0c","properties":{"ASSET_KIND":"official_transmission_line","EVIDENCE":"official","GEOMETRY_CONFIDENCE":"official-top10nl-1:10000-rounded-6dp-no-simplification","HEIGHT_LEVEL":0,"LOCAL_ID":"127451642","MUTATION_TYPE":null,"NAME":null,"NAMESPACE":"NL.TOP10NL","NUMBER":null,"OBJECT_BEGIN_DATE":"2014-05-29","ORIGINAL_ID":"b00133fc-b45a-5e84-bf94-4710f7a09a0c","REGION_KEY":"netherlands","REGISTRATION_DATE":"2014-05-29","SOURCE_ACCURACY_M":0.1,"SOURCE_DATE":"2026-06-01","SOURCE_FEATURE_DATE":"2013-01-01","SOURCE_ID":"nl-kadaster-top10nl-high-voltage-2026-06","SOURCE_LICENSE":"CC BY 4.0","SOURCE_METHOD":"luchtfoto","SOURCE_URL":"https://api.pdok.nl/kadaster/brt-top10nl/ogc/v1","TOP10NL_CODE":481,"TOP10NL_TYPE":"hoogspanningsleiding","VISUALISATION_CODE":15210,"VOLTAGE_KV":null},"type":"Feature"},{"geometry":{"coordinates":[[4.48576,51.547031],[4.485898,51.547463],[4.486561,51.550033],[4.487334,51.552919],[4.488093,51.5558],[4.488866,51.55869],[4.48939,51.56067],[4.493485,51.56206],[4.497666,51.563478],[4.501625,51.564813],[4.505727,51.56623],[4.507045,51.566793],[4.510796,51.568454],[4.514555,51.570116],[4.518321,51.571777],[4.522045,51.573407],[4.525747,51.575045],[4.529643,51.576761],[4.533345,51.578399],[4.537042,51.580005],[4.540616,51.581593],[4.544234,51.583194],[4.548477,51.584583],[4.552713,51.585945],[4.556849,51.587298],[4.560999,51.58865],[4.565243,51.590025],[4.569444,51.591396],[4.573545,51.592743],[4.577869,51.594131],[4.581841,51.595432],[4.58585,51.596733],[4.590549,51.596941],[4.595235,51.597148],[4.599941,51.597355],[4.604649,51.597553],[4.609471,51.597766]],"type":"LineString"},"id":"b002d4fc-6723-5a85-8a23-3635963469c2","properties":{"ASSET_KIND":"official_transmission_line","EVIDENCE":"official","GEOMETRY_CONFIDENCE":"official-top10nl-1:10000-rounded-6dp-no-simplification","HEIGHT_LEVEL":0,"LOCAL_ID":"122083018","MUTATION_TYPE":null,"NAME":null,"NAMESPACE":"NL.TOP10NL","NUMBER":null,"OBJECT_BEGIN_DATE":"2011-08-25","ORIGINAL_ID":"b002d4fc-6723-5a85-8a23-3635963469c2","REGION_KEY":"netherlands","REGISTRATION_DATE":"2019-02-01","SOURCE_ACCURACY_M":0.1,"SOURCE_DATE":"2026-06-01","SOURCE_FEATURE_DATE":"2018-01-01","SOURCE_ID":"nl-kadaster-top10nl-high-voltage-2026-06","SOURCE_LICENSE":"CC BY 4.0","SOURCE_METHOD":"luchtfoto","SOURCE_URL":"https://api.pdok.nl/kadaster/brt-top10nl/ogc/v1","TOP10NL_CODE":481,"TOP10NL_TYPE":"hoogspanningsleiding","VISUALISATION_CODE":15210,"VOLTAGE_KV":null},"type":"Feature"},{"geometry":{"coordinates":[[6.760608,52.244527],[6.76436,52.241647],[6.767951,52.238853],[6.771641,52.235995],[6.775451,52.234605],[6.77925,52.233246],[6.782782,52.231828],[6.786126,52.229654],[6.789436,52.227202],[6.793102,52.224483],[6.796794,52.221779],[6.800462,52.219137],[6.803521,52.216884],[6.806216,52.214919],[6.812678,52.214495],[6.819173,52.21411],[6.825591,52.213712],[6.830736,52.213381]],"type":"LineString"},"id":"b19f3456-2a23-588a-8221-bbbdab04b583","properties":{"ASSET_KIND":"official_transmission_line","EVIDENCE":"official","GEOMETRY_CONFIDENCE":"official-top10nl-1:10000-rounded-6dp-no-simplification","HEIGHT_LEVEL":0,"LOCAL_ID":"122083311","MUTATION_TYPE":null,"NAME":null,"NAMESPACE":"NL.TOP10NL","NUMBER":null,"OBJECT_BEGIN_DATE":"2011-08-25","ORIGINAL_ID":"b19f3456-2a23-588a-8221-bbbdab04b583","REGION_KEY":"netherlands","REGISTRATION_DATE":"2019-02-01","SOURCE_ACCURACY_M":0.1,"SOURCE_DATE":"2026-06-01","SOURCE_FEATURE_DATE":"2018-01-01","SOURCE_ID":"nl-kadaster-top10nl-high-voltage-2026-06","SOURCE_LICENSE":"CC BY 4.0","SOURCE_METHOD":"luchtfoto","SOURCE_URL":"https://api.pdok.nl/kadaster/brt-top10nl/ogc/v1","TOP10NL_CODE":481,"TOP10NL_TYPE":"hoogspanningsleiding","VISUALISATION_CODE":15210,"VOLTAGE_KV":null},"type":"Feature"},{"geometry":{"coordinates":[[6.065994,52.31283],[6.060789,52.312583],[6.055756,52.312334],[6.050716,52.312091],[6.045568,52.311838],[6.040331,52.312194],[6.035209,52.312534],[6.030398,52.312858],[6.025604,52.313171],[6.020794,52.313494],[6.015909,52.313817],[6.011041,52.314145],[6.005787,52.3145],[6.000705,52.314834],[5.996855,52.313323],[5.993087,52.311801],[5.991199,52.3089],[5.989454,52.30625],[5.989405,52.305331]],"type":"LineString"},"id":"b2211478-117d-53e9-ae98-9ae304547c67","properties":{"ASSET_KIND":"official_transmission_line","EVIDENCE":"official","GEOMETRY_CONFIDENCE":"official-top10nl-1:10000-rounded-6dp-no-simplification","HEIGHT_LEVEL":0,"LOCAL_ID":"122083262","MUTATION_TYPE":null,"NAME":null,"NAMESPACE":"NL.TOP10NL","NUMBER":null,"OBJECT_BEGIN_DATE":"2011-08-25","ORIGINAL_ID":"b2211478-117d-53e9-ae98-9ae304547c67","REGION_KEY":"netherlands","REGISTRATION_DATE":"2019-02-01","SOURCE_ACCURACY_M":0.1,"SOURCE_DATE":"2026-06-01","SOURCE_FEATURE_DATE":"2018-01-01","SOURCE_ID":"nl-kadaster-top10nl-high-voltage-2026-06","SOURCE_LICENSE":"CC BY 4.0","SOURCE_METHOD":"luchtfoto","SOURCE_URL":"https://api.pdok.nl/kadaster/brt-top10nl/ogc/v1","TOP10NL_CODE":481,"TOP10NL_TYPE":"hoogspanningsleiding","VISUALISATION_CODE":15210,"VOLTAGE_KV":null},"type":"Feature"},{"geometry":{"coordinates":[[6.035946,52.195844],[6.037395,52.195811],[6.04129,52.194782],[6.045903,52.193559],[6.050361,52.19239],[6.054647,52.191243],[6.058961,52.190091],[6.063368,52.18893],[6.067906,52.187474],[6.072493,52.185996],[6.077086,52.184522],[6.08163,52.183074],[6.086153,52.181622],[6.090461,52.180228],[6.092648,52.178215],[6.094835,52.176184],[6.096986,52.174198],[6.101282,52.172913],[6.105144,52.171775],[6.109673,52.170423],[6.114251,52.169049],[6.118546,52.167772],[6.122958,52.16628],[6.127376,52.164783],[6.131816,52.163286],[6.135894,52.161909],[6.139453,52.160711],[6.143476,52.160729],[6.147784,52.160789],[6.152649,52.160836],[6.157828,52.160934],[6.162993,52.16105],[6.167916,52.161144],[6.173023,52.161233],[6.17821,52.161477],[6.183112,52.161876],[6.187007,52.162336],[6.191859,52.162874],[6.196847,52.161848],[6.201821,52.16084],[6.206801,52.159815],[6.211781,52.158762],[6.216111,52.156943],[6.220356,52.155132],[6.222405,52.152596],[6.221557,52.150737],[6.220689,52.148937],[6.220638,52.148842]],"type":"LineString"},"id":"b2b7754a-c02b-504a-9cb4-500dde7038d1","properties":{"ASSET_KIND":"official_transmission_line","EVIDENCE":"official","GEOMETRY_CONFIDENCE":"official-top10nl-1:10000-rounded-6dp-no-simplification","HEIGHT_LEVEL":0,"LOCAL_ID":"122083095","MUTATION_TYPE":null,"NAME":null,"NAMESPACE":"NL.TOP10NL","NUMBER":null,"OBJECT_BEGIN_DATE":"2011-08-25","ORIGINAL_ID":"b2b7754a-c02b-504a-9cb4-500dde7038d1","REGION_KEY":"netherlands","REGISTRATION_DATE":"2019-02-01","SOURCE_ACCURACY_M":0.1,"SOURCE_DATE":"2026-06-01","SOURCE_FEATURE_DATE":"2018-01-01","SOURCE_ID":"nl-kadaster-top10nl-high-voltage-2026-06","SOURCE_LICENSE":"CC BY 4.0","SOURCE_METHOD":"luchtfoto","SOURCE_URL":"https://api.pdok.nl/kadaster/brt-top10nl/ogc/v1","TOP10NL_CODE":481,"TOP10NL_TYPE":"hoogspanningsleiding","VISUALISATION_CODE":15210,"VOLTAGE_KV":null},"type":"Feature"},{"geometry":{"coordinates":[[5.020716,52.335235],[5.021122,52.335106],[5.023986,52.334512],[5.02558,52.333014],[5.028099,52.330619],[5.030038,52.32871],[5.030127,52.328625],[5.035629,52.327678],[5.041161,52.326726],[5.046612,52.325785],[5.052062,52.324851],[5.057472,52.323909],[5.062629,52.322899],[5.06476,52.322488],[5.069703,52.321521],[5.072149,52.31826],[5.074556,52.314993],[5.076962,52.311776],[5.079394,52.308503],[5.081749,52.305359],[5.083763,52.302628],[5.085076,52.300875],[5.087055,52.298201],[5.08871,52.295951],[5.08923,52.294004],[5.092663,52.291101],[5.096028,52.288275],[5.099494,52.285361],[5.10302,52.282375],[5.106443,52.279487],[5.109857,52.276634],[5.113211,52.273803],[5.116454,52.271069],[5.119289,52.268677],[5.119921,52.266144],[5.120595,52.263617],[5.121338,52.26079],[5.120335,52.259675]],"type":"LineString"},"id":"b2f73f35-b85e-5e4c-ba4e-09d23e25475f","properties":{"ASSET_KIND":"official_transmission_line","EVIDENCE":"official","GEOMETRY_CONFIDENCE":"official-top10nl-1:10000-rounded-6dp-no-simplification","HEIGHT_LEVEL":0,"LOCAL_ID":"130369837","MUTATION_TYPE":"werkelijke verandering","NAME":null,"NAMESPACE":"NL.TOP10NL","NUMBER":null,"OBJECT_BEGIN_DATE":"2018-02-01","ORIGINAL_ID":"b2f73f35-b85e-5e4c-ba4e-09d23e25475f","REGION_KEY":"netherlands","REGISTRATION_DATE":"2018-02-01","SOURCE_ACCURACY_M":0.1,"SOURCE_DATE":"2026-06-01","SOURCE_FEATURE_DATE":"2017-01-01","SOURCE_ID":"nl-kadaster-top10nl-high-voltage-2026-06","SOURCE_LICENSE":"CC BY 4.0","SOURCE_METHOD":"luchtfoto","SOURCE_URL":"https://api.pdok.nl/kadaster/brt-top10nl/ogc/v1","TOP10NL_CODE":481,"TOP10NL_TYPE":"hoogspanningsleiding","VISUALISATION_CODE":15210,"VOLTAGE_KV":null},"type":"Feature"},{"geometry":{"coordinates":[[5.489979,51.606796],[5.488471,51.609497],[5.487235,51.611673],[5.485823,51.614208],[5.484641,51.616256],[5.481083,51.617997],[5.477544,51.619708],[5.474022,51.621422],[5.470724,51.623012],[5.467468,51.624586],[5.46377,51.626387],[5.460054,51.628206],[5.456338,51.630007],[5.452712,51.631826],[5.449109,51.633649],[5.445525,51.635491],[5.441965,51.637287],[5.438368,51.639117],[5.435225,51.640714],[5.431785,51.642457],[5.428436,51.644147],[5.424941,51.64592],[5.42184,51.64813],[5.418932,51.650197],[5.4158,51.652434],[5.412898,51.654504],[5.409796,51.656699],[5.4065,51.658694],[5.40313,51.660723],[5.399736,51.662759],[5.396348,51.664792],[5.393026,51.666831],[5.389637,51.668856],[5.386271,51.670896],[5.382876,51.672928],[5.379492,51.67496],[5.376144,51.676995],[5.373215,51.679253],[5.370903,51.681085],[5.367797,51.683483],[5.365043,51.685601],[5.362555,51.687847],[5.360127,51.690101],[5.357754,51.692272],[5.355126,51.694684],[5.352952,51.696667],[5.350736,51.698676],[5.349844,51.699501],[5.349455,51.70064],[5.348907,51.702162],[5.348165,51.70436],[5.344116,51.705995],[5.341184,51.707166],[5.337396,51.708669],[5.332669,51.708614],[5.328014,51.70862],[5.323287,51.708564],[5.31863,51.708525],[5.314004,51.708511],[5.309251,51.708453],[5.304568,51.708407],[5.300055,51.708384],[5.29765,51.708805]],"type":"LineString"},"id":"b3194970-3bb6-5621-aa01-9a1561c95bfe","properties":{"ASSET_KIND":"official_transmission_line","EVIDENCE":"official","GEOMETRY_CONFIDENCE":"official-top10nl-1:10000-rounded-6dp-no-simplification","HEIGHT_LEVEL":0,"LOCAL_ID":"122083085","MUTATION_TYPE":null,"NAME":null,"NAMESPACE":"NL.TOP10NL","NUMBER":null,"OBJECT_BEGIN_DATE":"2011-08-25","ORIGINAL_ID":"b3194970-3bb6-5621-aa01-9a1561c95bfe","REGION_KEY":"netherlands","REGISTRATION_DATE":"2019-02-01","SOURCE_ACCURACY_M":0.1,"SOURCE_DATE":"2026-06-01","SOURCE_FEATURE_DATE":"2018-01-01","SOURCE_ID":"nl-kadaster-top10nl-high-voltage-2026-06","SOURCE_LICENSE":"CC BY 4.0","SOURCE_METHOD":"luchtfoto","SOURCE_URL":"https://api.pdok.nl/kadaster/brt-top10nl/ogc/v1","TOP10NL_CODE":481,"TOP10NL_TYPE":"hoogspanningsleiding","VISUALISATION_CODE":15210,"VOLTAGE_KV":null},"type":"Feature"},{"geometry":{"coordinates":[[6.821793,52.985918],[6.819698,52.987925],[6.81761,52.989925],[6.815452,52.991974],[6.813326,52.993982],[6.811139,52.996058],[6.80908,52.998039],[6.807008,53.000016],[6.804978,53.001947],[6.802832,53.003985],[6.800663,53.006054],[6.798499,53.008103],[6.796316,53.010168],[6.794272,53.012073],[6.792143,53.014076],[6.790008,53.01608],[6.787964,53.017996],[6.785786,53.020038],[6.783608,53.022087],[6.781484,53.024091],[6.779385,53.026067],[6.77723,53.028094],[6.775094,53.030097],[6.772981,53.032078],[6.770863,53.034081],[6.768714,53.036096],[6.76657,53.038088],[6.764445,53.040095],[6.762301,53.042106],[6.76023,53.044048],[6.758178,53.045982],[6.756015,53.048008],[6.753801,53.050005],[6.751587,53.051997],[6.74947,53.053891],[6.747359,53.055795],[6.74501,53.057902],[6.742838,53.059853],[6.740672,53.061807],[6.738462,53.06378],[6.736258,53.065746],[6.734049,53.067738],[6.731833,53.069731],[6.729781,53.07157],[6.727711,53.073421],[6.725592,53.075337],[6.723381,53.07731],[6.721231,53.079241],[6.719075,53.081176],[6.716919,53.083114],[6.714829,53.084984],[6.71274,53.086862],[6.710662,53.08872],[6.708603,53.09059],[6.706538,53.092474],[6.704412,53.094412],[6.70234,53.096297],[6.700213,53.098219],[6.699789,53.098609],[6.698515,53.099782],[6.698475,53.099818],[6.698439,53.099851],[6.698412,53.099877],[6.698378,53.099908],[6.698357,53.099926],[6.698331,53.099951],[6.698312,53.099968],[6.698214,53.100059],[6.698136,53.10013],[6.697451,53.100754],[6.696993,53.10117],[6.695844,53.102217],[6.695634,53.102409],[6.694705,53.103262],[6.694476,53.103472],[6.694304,53.10363],[6.694267,53.103664],[6.694198,53.103727],[6.693553,53.104318],[6.691297,53.106359],[6.69043,53.107152],[6.68906,53.108404],[6.687085,53.110189],[6.685161,53.112252],[6.68323,53.114293],[6.681391,53.116239],[6.679465,53.118253],[6.677595,53.120267],[6.6757,53.12227],[6.673848,53.124227],[6.671965,53.126226],[6.670124,53.128186],[6.668265,53.130151],[6.666623,53.132271],[6.664951,53.134407],[6.663296,53.136535],[6.661636,53.138667],[6.659987,53.140784],[6.658332,53.142908],[6.657754,53.14365],[6.656689,53.145017],[6.655872,53.146064],[6.655064,53.1471],[6.654504,53.147825],[6.654214,53.1482],[6.65389,53.14862],[6.653677,53.148894],[6.653623,53.148965],[6.653397,53.149258],[6.653275,53.149412],[6.652994,53.149768],[6.652704,53.150137],[6.652391,53.150534],[6.651857,53.151212],[6.651831,53.151244],[6.651798,53.151285],[6.651773,53.151317],[6.651704,53.151405],[6.651469,53.151706],[6.651322,53.151894],[6.650078,53.153484],[6.648459,53.155566],[6.646846,53.157652],[6.645207,53.159746],[6.643514,53.161911],[6.641822,53.164096],[6.640111,53.166281],[6.638382,53.168511],[6.636707,53.170669],[6.634982,53.172854],[6.633349,53.174959],[6.63171,53.177056],[6.630076,53.179154],[6.62748,53.180925],[6.624908,53.182682],[6.622354,53.184426],[6.619824,53.186133],[6.61724,53.187916],[6.614667,53.189676],[6.612095,53.191439],[6.609521,53.193192],[6.606925,53.194956],[6.605016,53.196252],[6.601804,53.198026],[6.599277,53.199252],[6.596734,53.200503],[6.593711,53.201987]],"type":"LineString"},"id":"b31e1b20-b828-5b89-8ffe-0d2aeaf31a08","properties":{"ASSET_KIND":"official_transmission_line","EVIDENCE":"official","GEOMETRY_CONFIDENCE":"official-top10nl-1:10000-rounded-6dp-no-simplification","HEIGHT_LEVEL":0,"LOCAL_ID":"132609147","MUTATION_TYPE":"werkelijke verandering","NAME":null,"NAMESPACE":"NL.TOP10NL","NUMBER":null,"OBJECT_BEGIN_DATE":"2026-06-01","ORIGINAL_ID":"b31e1b20-b828-5b89-8ffe-0d2aeaf31a08","REGION_KEY":"netherlands","REGISTRATION_DATE":"2026-06-01","SOURCE_ACCURACY_M":0.1,"SOURCE_DATE":"2026-06-01","SOURCE_FEATURE_DATE":"2025-01-01","SOURCE_ID":"nl-kadaster-top10nl-high-voltage-2026-06","SOURCE_LICENSE":"CC BY 4.0","SOURCE_METHOD":"luchtfoto","SOURCE_URL":"https://api.pdok.nl/kadaster/brt-top10nl/ogc/v1","TOP10NL_CODE":481,"TOP10NL_TYPE":"hoogspanningsleiding","VISUALISATION_CODE":15210,"VOLTAGE_KV":null},"type":"Feature"},{"geometry":{"coordinates":[[7.035133,52.631799],[7.043685,52.630671]],"type":"LineString"},"id":"b39856c9-383b-5540-af16-e03bf18e9124","properties":{"ASSET_KIND":"official_transmission_line","EVIDENCE":"official","GEOMETRY_CONFIDENCE":"official-top10nl-1:10000-rounded-6dp-no-simplification","HEIGHT_LEVEL":0,"LOCAL_ID":"132275819","MUTATION_TYPE":"kwaliteitsverbetering","NAME":null,"NAMESPACE":"NL.TOP10NL","NUMBER":null,"OBJECT_BEGIN_DATE":"2024-09-01","ORIGINAL_ID":"b39856c9-383b-5540-af16-e03bf18e9124","REGION_KEY":"netherlands","REGISTRATION_DATE":"2024-09-01","SOURCE_ACCURACY_M":0.1,"SOURCE_DATE":"2026-06-01","SOURCE_FEATURE_DATE":"2023-01-01","SOURCE_ID":"nl-kadaster-top10nl-high-voltage-2026-06","SOURCE_LICENSE":"CC BY 4.0","SOURCE_METHOD":"luchtfoto","SOURCE_URL":"https://api.pdok.nl/kadaster/brt-top10nl/ogc/v1","TOP10NL_CODE":481,"TOP10NL_TYPE":"hoogspanningsleiding","VISUALISATION_CODE":15210,"VOLTAGE_KV":null},"type":"Feature"},{"geometry":{"coordinates":[[5.491151,51.605852],[5.49111,51.605872],[5.490891,51.605979],[5.490808,51.60602]],"type":"LineString"},"id":"b4b07846-9054-5507-a1a5-8c504dadbfad","properties":{"ASSET_KIND":"official_transmission_line","EVIDENCE":"official","GEOMETRY_CONFIDENCE":"official-top10nl-1:10000-rounded-6dp-no-simplification","HEIGHT_LEVEL":0,"LOCAL_ID":"122082950","MUTATION_TYPE":"kwaliteitsverbetering","NAME":null,"NAMESPACE":"NL.TOP10NL","NUMBER":null,"OBJECT_BEGIN_DATE":"2011-08-25","ORIGINAL_ID":"b4b07846-9054-5507-a1a5-8c504dadbfad","REGION_KEY":"netherlands","REGISTRATION_DATE":"2024-02-01","SOURCE_ACCURACY_M":0.1,"SOURCE_DATE":"2026-06-01","SOURCE_FEATURE_DATE":"2022-01-01","SOURCE_ID":"nl-kadaster-top10nl-high-voltage-2026-06","SOURCE_LICENSE":"CC BY 4.0","SOURCE_METHOD":"luchtfoto","SOURCE_URL":"https://api.pdok.nl/kadaster/brt-top10nl/ogc/v1","TOP10NL_CODE":481,"TOP10NL_TYPE":"hoogspanningsleiding","VISUALISATION_CODE":15210,"VOLTAGE_KV":null},"type":"Feature"},{"geometry":{"coordinates":[[6.221211,52.148745],[6.221258,52.14884],[6.222119,52.150637],[6.222945,52.152478],[6.227429,52.15395],[6.23197,52.155418],[6.233764,52.157514],[6.237668,52.159188],[6.242439,52.159939],[6.246574,52.160593],[6.251638,52.16138],[6.256659,52.162155],[6.258226,52.162371]],"type":"LineString"},"id":"b4cf5acf-3160-5fb3-8dfd-5b651fb4a042","properties":{"ASSET_KIND":"official_transmission_line","EVIDENCE":"official","GEOMETRY_CONFIDENCE":"official-top10nl-1:10000-rounded-6dp-no-simplification","HEIGHT_LEVEL":0,"LOCAL_ID":"122082897","MUTATION_TYPE":null,"NAME":null,"NAMESPACE":"NL.TOP10NL","NUMBER":null,"OBJECT_BEGIN_DATE":"2011-08-25","ORIGINAL_ID":"b4cf5acf-3160-5fb3-8dfd-5b651fb4a042","REGION_KEY":"netherlands","REGISTRATION_DATE":"2019-02-01","SOURCE_ACCURACY_M":0.1,"SOURCE_DATE":"2026-06-01","SOURCE_FEATURE_DATE":"2018-01-01","SOURCE_ID":"nl-kadaster-top10nl-high-voltage-2026-06","SOURCE_LICENSE":"CC BY 4.0","SOURCE_METHOD":"luchtfoto","SOURCE_URL":"https://api.pdok.nl/kadaster/brt-top10nl/ogc/v1","TOP10NL_CODE":481,"TOP10NL_TYPE":"hoogspanningsleiding","VISUALISATION_CODE":15210,"VOLTAGE_KV":null},"type":"Feature"},{"geometry":{"coordinates":[[5.08906,51.70587],[5.089278,51.706162]],"type":"LineString"},"id":"b4d55b65-517f-54b8-b895-55913a398456","properties":{"ASSET_KIND":"official_transmission_line","EVIDENCE":"official","GEOMETRY_CONFIDENCE":"official-top10nl-1:10000-rounded-6dp-no-simplification","HEIGHT_LEVEL":0,"LOCAL_ID":"122083352","MUTATION_TYPE":null,"NAME":null,"NAMESPACE":"NL.TOP10NL","NUMBER":null,"OBJECT_BEGIN_DATE":"2011-08-25","ORIGINAL_ID":"b4d55b65-517f-54b8-b895-55913a398456","REGION_KEY":"netherlands","REGISTRATION_DATE":"2019-02-01","SOURCE_ACCURACY_M":0.1,"SOURCE_DATE":"2026-06-01","SOURCE_FEATURE_DATE":"2018-01-01","SOURCE_ID":"nl-kadaster-top10nl-high-voltage-2026-06","SOURCE_LICENSE":"CC BY 4.0","SOURCE_METHOD":"luchtfoto","SOURCE_URL":"https://api.pdok.nl/kadaster/brt-top10nl/ogc/v1","TOP10NL_CODE":481,"TOP10NL_TYPE":"hoogspanningsleiding","VISUALISATION_CODE":15210,"VOLTAGE_KV":null},"type":"Feature"},{"geometry":{"coordinates":[[5.673844,51.930126],[5.674,51.930245],[5.673596,51.930714],[5.67197,51.932706],[5.67035,51.934718],[5.668723,51.936713],[5.667103,51.938715],[5.66547,51.940728],[5.663838,51.94274],[5.662194,51.944739],[5.661175,51.946],[5.66032,51.947059],[5.658794,51.948949],[5.658446,51.94938],[5.659319,51.951403],[5.659341,51.951453],[5.659341,51.951454],[5.659376,51.951535],[5.659425,51.95165],[5.660296,51.953689],[5.66035,51.953815],[5.661038,51.955427],[5.657776,51.957266],[5.654524,51.959069],[5.653521,51.959637],[5.652287,51.960307],[5.651457,51.960595]],"type":"LineString"},"id":"b601887d-ab98-5988-ab4b-f6501fc441f4","properties":{"ASSET_KIND":"official_transmission_line","EVIDENCE":"official","GEOMETRY_CONFIDENCE":"official-top10nl-1:10000-rounded-6dp-no-simplification","HEIGHT_LEVEL":0,"LOCAL_ID":"122083106","MUTATION_TYPE":null,"NAME":null,"NAMESPACE":"NL.TOP10NL","NUMBER":null,"OBJECT_BEGIN_DATE":"2011-08-25","ORIGINAL_ID":"b601887d-ab98-5988-ab4b-f6501fc441f4","REGION_KEY":"netherlands","REGISTRATION_DATE":"2019-02-01","SOURCE_ACCURACY_M":0.1,"SOURCE_DATE":"2026-06-01","SOURCE_FEATURE_DATE":"2018-01-01","SOURCE_ID":"nl-kadaster-top10nl-high-voltage-2026-06","SOURCE_LICENSE":"CC BY 4.0","SOURCE_METHOD":"luchtfoto","SOURCE_URL":"https://api.pdok.nl/kadaster/brt-top10nl/ogc/v1","TOP10NL_CODE":481,"TOP10NL_TYPE":"hoogspanningsleiding","VISUALISATION_CODE":15210,"VOLTAGE_KV":null},"type":"Feature"},{"geometry":{"coordinates":[[5.411963,51.487571],[5.412453,51.48716],[5.414454,51.485349],[5.416471,51.483534],[5.418538,51.481687],[5.420526,51.479949],[5.422183,51.478433],[5.423931,51.477051],[5.426234,51.47544],[5.428361,51.473847],[5.430587,51.472201],[5.432833,51.470516],[5.434875,51.468975],[5.437171,51.467307],[5.439395,51.465656],[5.441585,51.464032],[5.443711,51.462421],[5.444079,51.462179]],"type":"LineString"},"id":"b6a70227-4072-571d-9484-1fb55082d131","properties":{"ASSET_KIND":"official_transmission_line","EVIDENCE":"official","GEOMETRY_CONFIDENCE":"official-top10nl-1:10000-rounded-6dp-no-simplification","HEIGHT_LEVEL":0,"LOCAL_ID":"122083172","MUTATION_TYPE":null,"NAME":null,"NAMESPACE":"NL.TOP10NL","NUMBER":null,"OBJECT_BEGIN_DATE":"2011-08-25","ORIGINAL_ID":"b6a70227-4072-571d-9484-1fb55082d131","REGION_KEY":"netherlands","REGISTRATION_DATE":"2019-02-01","SOURCE_ACCURACY_M":0.1,"SOURCE_DATE":"2026-06-01","SOURCE_FEATURE_DATE":"2018-01-01","SOURCE_ID":"nl-kadaster-top10nl-high-voltage-2026-06","SOURCE_LICENSE":"CC BY 4.0","SOURCE_METHOD":"luchtfoto","SOURCE_URL":"https://api.pdok.nl/kadaster/brt-top10nl/ogc/v1","TOP10NL_CODE":481,"TOP10NL_TYPE":"hoogspanningsleiding","VISUALISATION_CODE":15210,"VOLTAGE_KV":null},"type":"Feature"},{"geometry":{"coordinates":[[4.993012,52.188792],[4.993274,52.189754],[4.99409,52.192851],[4.99493,52.195944],[4.99573,52.199021],[4.996364,52.201459],[4.997046,52.203977],[4.997847,52.206943],[4.998624,52.209925],[4.999441,52.213037],[5.000274,52.21615],[5.001107,52.219242],[5.001941,52.222335],[5.003084,52.224688],[5.003954,52.226362],[5.005412,52.22928],[5.00619,52.232262],[5.007033,52.235278],[5.00766,52.237666],[5.008844,52.239094],[5.009623,52.241954],[5.010514,52.245178],[5.011413,52.248386],[5.012176,52.251261],[5.012544,52.254327],[5.012951,52.257634],[5.013358,52.260932],[5.013764,52.264314],[5.014131,52.26744],[5.014523,52.270632],[5.014914,52.273914],[5.015244,52.276557],[5.015635,52.279864],[5.016035,52.283056],[5.016449,52.286529],[5.016673,52.28823],[5.017087,52.291689],[5.015558,52.29494],[5.014238,52.297799],[5.01361,52.299211],[5.012097,52.302456],[5.011278,52.30419],[5.012233,52.305894],[5.013939,52.308903],[5.01563,52.311928],[5.01724,52.314761],[5.015788,52.317513],[5.014186,52.320553],[5.012617,52.323567],[5.010985,52.326603],[5.010284,52.327973],[5.011215,52.330522],[5.012186,52.333209],[5.013089,52.335565],[5.013148,52.335715]],"type":"LineString"},"id":"b6cc4a43-f6d5-555b-9660-75a3209eddec","properties":{"ASSET_KIND":"official_transmission_line","EVIDENCE":"official","GEOMETRY_CONFIDENCE":"official-top10nl-1:10000-rounded-6dp-no-simplification","HEIGHT_LEVEL":0,"LOCAL_ID":"122083271","MUTATION_TYPE":null,"NAME":null,"NAMESPACE":"NL.TOP10NL","NUMBER":null,"OBJECT_BEGIN_DATE":"2011-08-25","ORIGINAL_ID":"b6cc4a43-f6d5-555b-9660-75a3209eddec","REGION_KEY":"netherlands","REGISTRATION_DATE":"2019-02-01","SOURCE_ACCURACY_M":0.1,"SOURCE_DATE":"2026-06-01","SOURCE_FEATURE_DATE":"2018-01-01","SOURCE_ID":"nl-kadaster-top10nl-high-voltage-2026-06","SOURCE_LICENSE":"CC BY 4.0","SOURCE_METHOD":"luchtfoto","SOURCE_URL":"https://api.pdok.nl/kadaster/brt-top10nl/ogc/v1","TOP10NL_CODE":481,"TOP10NL_TYPE":"hoogspanningsleiding","VISUALISATION_CODE":15210,"VOLTAGE_KV":null},"type":"Feature"},{"geometry":{"coordinates":[[7.041091,52.923436],[7.040964,52.923395],[7.044437,52.922426],[7.045907,52.922023],[7.046397,52.921906]],"type":"LineString"},"id":"b72891c8-2244-51c8-8f94-eeea2e010236","properties":{"ASSET_KIND":"official_transmission_line","EVIDENCE":"official","GEOMETRY_CONFIDENCE":"official-top10nl-1:10000-rounded-6dp-no-simplification","HEIGHT_LEVEL":0,"LOCAL_ID":"122083121","MUTATION_TYPE":null,"NAME":null,"NAMESPACE":"NL.TOP10NL","NUMBER":null,"OBJECT_BEGIN_DATE":"2011-08-25","ORIGINAL_ID":"b72891c8-2244-51c8-8f94-eeea2e010236","REGION_KEY":"netherlands","REGISTRATION_DATE":"2019-02-01","SOURCE_ACCURACY_M":0.1,"SOURCE_DATE":"2026-06-01","SOURCE_FEATURE_DATE":"2018-01-01","SOURCE_ID":"nl-kadaster-top10nl-high-voltage-2026-06","SOURCE_LICENSE":"CC BY 4.0","SOURCE_METHOD":"luchtfoto","SOURCE_URL":"https://api.pdok.nl/kadaster/brt-top10nl/ogc/v1","TOP10NL_CODE":481,"TOP10NL_TYPE":"hoogspanningsleiding","VISUALISATION_CODE":15210,"VOLTAGE_KV":null},"type":"Feature"},{"geometry":{"coordinates":[[4.861114,52.679758],[4.861623,52.683225],[4.862148,52.686698],[4.862657,52.690179],[4.863167,52.693661],[4.863677,52.697128],[4.864146,52.700337],[4.864692,52.703908],[4.863904,52.705329],[4.863102,52.706775],[4.863058,52.706854],[4.862989,52.706979],[4.862908,52.707125],[4.862903,52.707133],[4.862815,52.707292],[4.862789,52.707339],[4.862771,52.707371],[4.862702,52.707495],[4.861198,52.710194],[4.859319,52.713575],[4.857447,52.716984],[4.855567,52.720378],[4.853665,52.723769],[4.851837,52.72707],[4.85033,52.729781]],"type":"LineString"},"id":"b8493b2c-78e7-555c-96de-c054009fcbf6","properties":{"ASSET_KIND":"official_transmission_line","EVIDENCE":"official","GEOMETRY_CONFIDENCE":"official-top10nl-1:10000-rounded-6dp-no-simplification","HEIGHT_LEVEL":0,"LOCAL_ID":"131737032","MUTATION_TYPE":"kwaliteitsverbetering","NAME":null,"NAMESPACE":"NL.TOP10NL","NUMBER":null,"OBJECT_BEGIN_DATE":"2022-06-01","ORIGINAL_ID":"b8493b2c-78e7-555c-96de-c054009fcbf6","REGION_KEY":"netherlands","REGISTRATION_DATE":"2022-06-01","SOURCE_ACCURACY_M":0.1,"SOURCE_DATE":"2026-06-01","SOURCE_FEATURE_DATE":"2021-01-01","SOURCE_ID":"nl-kadaster-top10nl-high-voltage-2026-06","SOURCE_LICENSE":"CC BY 4.0","SOURCE_METHOD":"luchtfoto","SOURCE_URL":"https://api.pdok.nl/kadaster/brt-top10nl/ogc/v1","TOP10NL_CODE":481,"TOP10NL_TYPE":"hoogspanningsleiding","VISUALISATION_CODE":15210,"VOLTAGE_KV":null},"type":"Feature"},{"geometry":{"coordinates":[[5.906835,51.152976],[5.908626,51.152012],[5.913235,51.150943],[5.917643,51.149897],[5.918572,51.149547]],"type":"LineString"},"id":"b919e4da-0e38-5c7c-bff6-1e11390a837d","properties":{"ASSET_KIND":"official_transmission_line","EVIDENCE":"official","GEOMETRY_CONFIDENCE":"official-top10nl-1:10000-rounded-6dp-no-simplification","HEIGHT_LEVEL":0,"LOCAL_ID":"122082918","MUTATION_TYPE":null,"NAME":null,"NAMESPACE":"NL.TOP10NL","NUMBER":null,"OBJECT_BEGIN_DATE":"2011-08-25","ORIGINAL_ID":"b919e4da-0e38-5c7c-bff6-1e11390a837d","REGION_KEY":"netherlands","REGISTRATION_DATE":"2019-02-01","SOURCE_ACCURACY_M":0.1,"SOURCE_DATE":"2026-06-01","SOURCE_FEATURE_DATE":"2018-01-01","SOURCE_ID":"nl-kadaster-top10nl-high-voltage-2026-06","SOURCE_LICENSE":"CC BY 4.0","SOURCE_METHOD":"luchtfoto","SOURCE_URL":"https://api.pdok.nl/kadaster/brt-top10nl/ogc/v1","TOP10NL_CODE":481,"TOP10NL_TYPE":"hoogspanningsleiding","VISUALISATION_CODE":15210,"VOLTAGE_KV":null},"type":"Feature"},{"geometry":{"coordinates":[[4.832822,51.698366],[4.833901,51.698542],[4.834998,51.69873]],"type":"LineString"},"id":"b9761435-6ceb-54eb-bb2a-1411c91f5a98","properties":{"ASSET_KIND":"official_transmission_line","EVIDENCE":"official","GEOMETRY_CONFIDENCE":"official-top10nl-1:10000-rounded-6dp-no-simplification","HEIGHT_LEVEL":0,"LOCAL_ID":"122083346","MUTATION_TYPE":null,"NAME":null,"NAMESPACE":"NL.TOP10NL","NUMBER":null,"OBJECT_BEGIN_DATE":"2011-08-25","ORIGINAL_ID":"b9761435-6ceb-54eb-bb2a-1411c91f5a98","REGION_KEY":"netherlands","REGISTRATION_DATE":"2019-02-01","SOURCE_ACCURACY_M":0.1,"SOURCE_DATE":"2026-06-01","SOURCE_FEATURE_DATE":"2018-01-01","SOURCE_ID":"nl-kadaster-top10nl-high-voltage-2026-06","SOURCE_LICENSE":"CC BY 4.0","SOURCE_METHOD":"luchtfoto","SOURCE_URL":"https://api.pdok.nl/kadaster/brt-top10nl/ogc/v1","TOP10NL_CODE":481,"TOP10NL_TYPE":"hoogspanningsleiding","VISUALISATION_CODE":15210,"VOLTAGE_KV":null},"type":"Feature"},{"geometry":{"coordinates":[[5.540895,52.572363],[5.540261,52.571923],[5.538617,52.57095],[5.538451,52.570236]],"type":"LineString"},"id":"ba8a19a5-9161-5d0a-9541-459400e41e80","properties":{"ASSET_KIND":"official_transmission_line","EVIDENCE":"official","GEOMETRY_CONFIDENCE":"official-top10nl-1:10000-rounded-6dp-no-simplification","HEIGHT_LEVEL":0,"LOCAL_ID":"122083305","MUTATION_TYPE":null,"NAME":null,"NAMESPACE":"NL.TOP10NL","NUMBER":null,"OBJECT_BEGIN_DATE":"2011-08-25","ORIGINAL_ID":"ba8a19a5-9161-5d0a-9541-459400e41e80","REGION_KEY":"netherlands","REGISTRATION_DATE":"2019-02-01","SOURCE_ACCURACY_M":0.1,"SOURCE_DATE":"2026-06-01","SOURCE_FEATURE_DATE":"2018-01-01","SOURCE_ID":"nl-kadaster-top10nl-high-voltage-2026-06","SOURCE_LICENSE":"CC BY 4.0","SOURCE_METHOD":"luchtfoto","SOURCE_URL":"https://api.pdok.nl/kadaster/brt-top10nl/ogc/v1","TOP10NL_CODE":481,"TOP10NL_TYPE":"hoogspanningsleiding","VISUALISATION_CODE":15210,"VOLTAGE_KV":null},"type":"Feature"},{"geometry":{"coordinates":[[7.036506,52.913443],[7.031981,52.91444],[7.031251,52.914228]],"type":"LineString"},"id":"bb472d6c-22ef-5f0b-b4cc-89f5ecf10636","properties":{"ASSET_KIND":"official_transmission_line","EVIDENCE":"official","GEOMETRY_CONFIDENCE":"official-top10nl-1:10000-rounded-6dp-no-simplification","HEIGHT_LEVEL":0,"LOCAL_ID":"122083330","MUTATION_TYPE":null,"NAME":null,"NAMESPACE":"NL.TOP10NL","NUMBER":null,"OBJECT_BEGIN_DATE":"2011-08-25","ORIGINAL_ID":"bb472d6c-22ef-5f0b-b4cc-89f5ecf10636","REGION_KEY":"netherlands","REGISTRATION_DATE":"2019-02-01","SOURCE_ACCURACY_M":0.1,"SOURCE_DATE":"2026-06-01","SOURCE_FEATURE_DATE":"2018-01-01","SOURCE_ID":"nl-kadaster-top10nl-high-voltage-2026-06","SOURCE_LICENSE":"CC BY 4.0","SOURCE_METHOD":"luchtfoto","SOURCE_URL":"https://api.pdok.nl/kadaster/brt-top10nl/ogc/v1","TOP10NL_CODE":481,"TOP10NL_TYPE":"hoogspanningsleiding","VISUALISATION_CODE":15210,"VOLTAGE_KV":null},"type":"Feature"},{"geometry":{"coordinates":[[4.679943,52.473682],[4.680426,52.473318],[4.685221,52.471744],[4.690435,52.470048],[4.694381,52.468761],[4.697294,52.467809],[4.702394,52.466168],[4.707596,52.464471],[4.712614,52.462817],[4.717621,52.461193],[4.722045,52.459752],[4.726945,52.457749],[4.730884,52.456119],[4.735752,52.454133],[4.740641,52.452135],[4.745519,52.450125],[4.750417,52.448151],[4.75542,52.447259],[4.76077,52.446312],[4.766481,52.447131],[4.772213,52.447968],[4.777955,52.44878],[4.783676,52.449617],[4.788475,52.450312],[4.794167,52.451136],[4.799138,52.451844],[4.803948,52.452513],[4.80744,52.452916],[4.811107,52.454654],[4.813977,52.456034],[4.818489,52.457776],[4.822484,52.457789],[4.826612,52.457802],[4.832254,52.457817],[4.835776,52.458324],[4.837816,52.458638],[4.843004,52.457562],[4.845669,52.454972],[4.848282,52.452431],[4.850998,52.449792],[4.853507,52.447344],[4.855996,52.444945],[4.856453,52.444496],[4.856828,52.444128],[4.856885,52.444072],[4.857398,52.443569],[4.857751,52.443222],[4.85783,52.443144],[4.858207,52.442774],[4.858243,52.442738],[4.858464,52.442521],[4.858505,52.442482],[4.858749,52.442248],[4.859021,52.441986],[4.859442,52.441581],[4.859508,52.441517],[4.859958,52.441084],[4.860454,52.440608],[4.860829,52.440246],[4.863389,52.437755],[4.86549,52.43571],[4.865594,52.435607],[4.866185,52.435032],[4.866237,52.434981],[4.866411,52.434812],[4.866536,52.434692],[4.866576,52.434653],[4.867365,52.433893],[4.867463,52.433798],[4.867571,52.433694],[4.86766,52.433608],[4.867705,52.433565],[4.867756,52.433515],[4.867814,52.433459],[4.867831,52.433442],[4.867902,52.433375],[4.868088,52.433195],[4.868108,52.433175],[4.868362,52.43293],[4.868457,52.43284],[4.869072,52.432415],[4.869216,52.432316],[4.87072,52.431278],[4.873189,52.429562]],"type":"LineString"},"id":"bb59e121-8dbd-5842-b37d-db098b6f3d27","properties":{"ASSET_KIND":"official_transmission_line","EVIDENCE":"official","GEOMETRY_CONFIDENCE":"official-top10nl-1:10000-rounded-6dp-no-simplification","HEIGHT_LEVEL":0,"LOCAL_ID":"128001241","MUTATION_TYPE":null,"NAME":null,"NAMESPACE":"NL.TOP10NL","NUMBER":null,"OBJECT_BEGIN_DATE":"2014-10-25","ORIGINAL_ID":"bb59e121-8dbd-5842-b37d-db098b6f3d27","REGION_KEY":"netherlands","REGISTRATION_DATE":"2019-02-01","SOURCE_ACCURACY_M":0.1,"SOURCE_DATE":"2026-06-01","SOURCE_FEATURE_DATE":"2018-01-01","SOURCE_ID":"nl-kadaster-top10nl-high-voltage-2026-06","SOURCE_LICENSE":"CC BY 4.0","SOURCE_METHOD":"luchtfoto","SOURCE_URL":"https://api.pdok.nl/kadaster/brt-top10nl/ogc/v1","TOP10NL_CODE":481,"TOP10NL_TYPE":"hoogspanningsleiding","VISUALISATION_CODE":15210,"VOLTAGE_KV":null},"type":"Feature"},{"geometry":{"coordinates":[[4.83561,52.63285],[4.835679,52.631778],[4.834474,52.629071],[4.833282,52.626364],[4.832084,52.623643],[4.830877,52.620935],[4.829679,52.618214],[4.828474,52.615493],[4.827275,52.61279],[4.826077,52.610087],[4.823613,52.607681],[4.821121,52.60528],[4.81865,52.602875],[4.816151,52.600451],[4.813673,52.598049],[4.811218,52.595657],[4.80851,52.593031],[4.80794,52.592477],[4.806911,52.591475],[4.806047,52.590635],[4.8057,52.590298],[4.805328,52.589939],[4.805262,52.589875],[4.804567,52.589206],[4.803792,52.588459],[4.802952,52.58765],[4.802891,52.587591],[4.802099,52.586819],[4.801214,52.585956],[4.800184,52.584951],[4.797469,52.582316],[4.796857,52.581718],[4.795955,52.580836],[4.795876,52.580758],[4.795794,52.580678],[4.794972,52.579874],[4.794321,52.579245],[4.794224,52.579152],[4.793009,52.577978],[4.79223,52.577225],[4.79148,52.576497],[4.791377,52.576397],[4.789494,52.574568],[4.786767,52.571892],[4.786764,52.57175],[4.78676,52.57157],[4.786736,52.57045],[4.786723,52.569879],[4.786711,52.569316],[4.786699,52.568801],[4.78669,52.56818],[4.786653,52.565733],[4.786612,52.563674],[4.786592,52.562668],[4.78658,52.561883],[4.786546,52.559609],[4.786533,52.558583],[4.78651,52.55676],[4.786509,52.556702],[4.786507,52.556558],[4.786504,52.556466],[4.7865,52.556354],[4.786496,52.556249],[4.786481,52.555843],[4.786475,52.555669],[4.786429,52.552614],[4.786377,52.549782],[4.786375,52.549678],[4.786374,52.54963],[4.786344,52.548271],[4.786337,52.547947],[4.786337,52.547934],[4.786336,52.547868],[4.786318,52.547051],[4.786308,52.546617],[4.786306,52.546548],[4.786301,52.54619],[4.786293,52.54566],[4.78626,52.543489],[4.786206,52.54046],[4.786145,52.537432],[4.786084,52.534408],[4.786037,52.531366],[4.785998,52.528351],[4.781291,52.52663],[4.778413,52.525561],[4.77469,52.52418],[4.770676,52.522694],[4.766437,52.521136],[4.762168,52.519555],[4.757879,52.517964],[4.753977,52.515876],[4.750098,52.5138],[4.746233,52.511716],[4.742347,52.509649],[4.738476,52.507578],[4.734772,52.505602],[4.73316,52.504726],[4.729056,52.503118],[4.724828,52.501478],[4.720754,52.499883],[4.716673,52.498292],[4.712518,52.496666],[4.708444,52.495062],[4.704307,52.493453],[4.700189,52.491849],[4.697562,52.490818],[4.69596,52.487973],[4.694349,52.485121],[4.689525,52.483692],[4.684122,52.483615],[4.678963,52.483536],[4.676718,52.482656]],"type":"LineString"},"id":"bc1b3249-d9dc-52e1-bd77-097bbbd8285d","properties":{"ASSET_KIND":"official_transmission_line","EVIDENCE":"official","GEOMETRY_CONFIDENCE":"official-top10nl-1:10000-rounded-6dp-no-simplification","HEIGHT_LEVEL":0,"LOCAL_ID":"128025813","MUTATION_TYPE":null,"NAME":null,"NAMESPACE":"NL.TOP10NL","NUMBER":null,"OBJECT_BEGIN_DATE":"2014-10-25","ORIGINAL_ID":"bc1b3249-d9dc-52e1-bd77-097bbbd8285d","REGION_KEY":"netherlands","REGISTRATION_DATE":"2019-02-01","SOURCE_ACCURACY_M":0.1,"SOURCE_DATE":"2026-06-01","SOURCE_FEATURE_DATE":"2018-01-01","SOURCE_ID":"nl-kadaster-top10nl-high-voltage-2026-06","SOURCE_LICENSE":"CC BY 4.0","SOURCE_METHOD":"luchtfoto","SOURCE_URL":"https://api.pdok.nl/kadaster/brt-top10nl/ogc/v1","TOP10NL_CODE":481,"TOP10NL_TYPE":"hoogspanningsleiding","VISUALISATION_CODE":15210,"VOLTAGE_KV":null},"type":"Feature"},{"geometry":{"coordinates":[[5.818128,50.981808],[5.820193,50.982711],[5.822967,50.984003],[5.822634,50.986053],[5.822279,50.988051],[5.821998,50.989785],[5.821776,50.991129],[5.821594,50.99221],[5.821376,50.993498],[5.821172,50.994637],[5.820839,50.996695],[5.82049,50.998833],[5.820146,51.00085],[5.819796,51.002995],[5.820226,51.005158],[5.820681,51.007405],[5.821088,51.009583],[5.82151,51.011746],[5.821957,51.013988],[5.822371,51.016026],[5.822827,51.018358],[5.823233,51.020431],[5.823663,51.022559],[5.824078,51.024727],[5.824517,51.026895],[5.824931,51.028928],[5.825331,51.03119],[5.825747,51.033428],[5.82613,51.035561],[5.826537,51.037734],[5.826938,51.040021],[5.827303,51.041935],[5.827687,51.044073],[5.828053,51.046072],[5.828419,51.048021],[5.828345,51.048459],[5.828561,51.049687],[5.82878,51.050141],[5.829187,51.052309],[5.829612,51.054668],[5.830421,51.05675],[5.831198,51.058717],[5.832048,51.060913],[5.832826,51.0629],[5.833603,51.064922],[5.834364,51.06687],[5.835167,51.068974],[5.836097,51.071301],[5.836859,51.073249],[5.83766,51.075294],[5.838487,51.077402],[5.83924,51.07933],[5.84047,51.081386],[5.841746,51.083504],[5.841792,51.083582],[5.842965,51.085542],[5.843179,51.085899],[5.843217,51.085963],[5.844325,51.087823],[5.845457,51.089714],[5.846341,51.091207],[5.846679,51.091779],[5.847803,51.093605],[5.848913,51.095487],[5.850126,51.097537],[5.851332,51.099532],[5.852561,51.101577],[5.85388,51.103756],[5.856194,51.105204],[5.858962,51.106915],[5.861229,51.108328],[5.86379,51.109905],[5.866121,51.111348],[5.868341,51.112742],[5.870911,51.114314],[5.873496,51.115865],[5.875795,51.117224],[5.878373,51.118746],[5.880839,51.120223],[5.88294,51.121468],[5.8852,51.122801],[5.887213,51.124007],[5.889934,51.125592],[5.892664,51.127242],[5.895335,51.128831],[5.897441,51.130054],[5.900001,51.131501],[5.902544,51.132985],[5.905003,51.134353],[5.907278,51.135665],[5.909753,51.137001],[5.912129,51.138365],[5.914529,51.139718],[5.916846,51.141018],[5.919138,51.14234],[5.921155,51.143799],[5.92228,51.145542],[5.922381,51.146602]],"type":"LineString"},"id":"bc634762-24d0-558a-846e-3f507c8c0bab","properties":{"ASSET_KIND":"official_transmission_line","EVIDENCE":"official","GEOMETRY_CONFIDENCE":"official-top10nl-1:10000-rounded-6dp-no-simplification","HEIGHT_LEVEL":0,"LOCAL_ID":"131252547","MUTATION_TYPE":"kwaliteitsverbetering","NAME":null,"NAMESPACE":"NL.TOP10NL","NUMBER":null,"OBJECT_BEGIN_DATE":"2020-09-01","ORIGINAL_ID":"bc634762-24d0-558a-846e-3f507c8c0bab","REGION_KEY":"netherlands","REGISTRATION_DATE":"2020-09-01","SOURCE_ACCURACY_M":0.1,"SOURCE_DATE":"2026-06-01","SOURCE_FEATURE_DATE":"2019-01-01","SOURCE_ID":"nl-kadaster-top10nl-high-voltage-2026-06","SOURCE_LICENSE":"CC BY 4.0","SOURCE_METHOD":"luchtfoto","SOURCE_URL":"https://api.pdok.nl/kadaster/brt-top10nl/ogc/v1","TOP10NL_CODE":481,"TOP10NL_TYPE":"hoogspanningsleiding","VISUALISATION_CODE":15210,"VOLTAGE_KV":null},"type":"Feature"},{"geometry":{"coordinates":[[6.034415,52.195385],[6.033831,52.194747],[6.030332,52.193029],[6.026185,52.192437],[6.022909,52.191966],[6.019578,52.191158],[6.016264,52.19035],[6.012753,52.189482],[6.009226,52.18864],[6.005105,52.188097],[6.000936,52.187575],[5.998079,52.187197],[5.993926,52.18668],[5.989554,52.185715],[5.987737,52.185301],[5.983564,52.184428],[5.981987,52.184101]],"type":"LineString"},"id":"bd03f5c8-ec42-52c9-9c1c-e36514af4d2c","properties":{"ASSET_KIND":"official_transmission_line","EVIDENCE":"official","GEOMETRY_CONFIDENCE":"official-top10nl-1:10000-rounded-6dp-no-simplification","HEIGHT_LEVEL":0,"LOCAL_ID":"122083010","MUTATION_TYPE":null,"NAME":null,"NAMESPACE":"NL.TOP10NL","NUMBER":null,"OBJECT_BEGIN_DATE":"2011-08-25","ORIGINAL_ID":"bd03f5c8-ec42-52c9-9c1c-e36514af4d2c","REGION_KEY":"netherlands","REGISTRATION_DATE":"2019-02-01","SOURCE_ACCURACY_M":0.1,"SOURCE_DATE":"2026-06-01","SOURCE_FEATURE_DATE":"2018-01-01","SOURCE_ID":"nl-kadaster-top10nl-high-voltage-2026-06","SOURCE_LICENSE":"CC BY 4.0","SOURCE_METHOD":"luchtfoto","SOURCE_URL":"https://api.pdok.nl/kadaster/brt-top10nl/ogc/v1","TOP10NL_CODE":481,"TOP10NL_TYPE":"hoogspanningsleiding","VISUALISATION_CODE":15210,"VOLTAGE_KV":null},"type":"Feature"},{"geometry":{"coordinates":[[6.018401,50.86819],[6.018537,50.868093],[6.018673,50.867997],[6.018773,50.867926],[6.018529,50.867798],[6.018447,50.867755],[6.018415,50.867738],[6.018242,50.867648],[6.018138,50.867594],[6.018062,50.867554],[6.018031,50.867538],[6.017871,50.867454],[6.01778,50.867407],[6.017368,50.867192],[6.016478,50.866727],[6.015745,50.866344]],"type":"LineString"},"id":"bd18d197-80f8-5394-b7ed-098407cbacaa","properties":{"ASSET_KIND":"official_transmission_line","EVIDENCE":"official","GEOMETRY_CONFIDENCE":"official-top10nl-1:10000-rounded-6dp-no-simplification","HEIGHT_LEVEL":0,"LOCAL_ID":"122082995","MUTATION_TYPE":null,"NAME":null,"NAMESPACE":"NL.TOP10NL","NUMBER":null,"OBJECT_BEGIN_DATE":"2011-08-25","ORIGINAL_ID":"bd18d197-80f8-5394-b7ed-098407cbacaa","REGION_KEY":"netherlands","REGISTRATION_DATE":"2019-02-01","SOURCE_ACCURACY_M":0.1,"SOURCE_DATE":"2026-06-01","SOURCE_FEATURE_DATE":"2018-01-01","SOURCE_ID":"nl-kadaster-top10nl-high-voltage-2026-06","SOURCE_LICENSE":"CC BY 4.0","SOURCE_METHOD":"luchtfoto","SOURCE_URL":"https://api.pdok.nl/kadaster/brt-top10nl/ogc/v1","TOP10NL_CODE":481,"TOP10NL_TYPE":"hoogspanningsleiding","VISUALISATION_CODE":15210,"VOLTAGE_KV":null},"type":"Feature"},{"geometry":{"coordinates":[[3.863712,51.490972],[3.863513,51.491226],[3.861207,51.491652],[3.856326,51.491151],[3.851509,51.490626],[3.846526,51.490105],[3.841583,51.489578],[3.836736,51.489073],[3.831764,51.488541],[3.82681,51.488023],[3.821981,51.4875],[3.817168,51.486991],[3.813021,51.486556],[3.81273,51.486525],[3.809401,51.486168],[3.808626,51.486085],[3.808441,51.486065],[3.808126,51.486032],[3.80808,51.486027],[3.80803,51.486021],[3.807979,51.486016],[3.807941,51.486012],[3.807839,51.486001],[3.806578,51.485865],[3.806398,51.485846],[3.806336,51.485839],[3.806295,51.485835],[3.806256,51.485831],[3.806189,51.485823],[3.806049,51.485808],[3.803526,51.485537],[3.802947,51.485477],[3.802447,51.485426],[3.798549,51.485025],[3.793601,51.484499],[3.788824,51.483989],[3.783837,51.483451],[3.779008,51.482947],[3.774055,51.482413],[3.769073,51.481885],[3.76412,51.481365],[3.759179,51.480827],[3.754198,51.480302],[3.749359,51.479786],[3.744673,51.479294],[3.739738,51.478755],[3.734768,51.478229],[3.729788,51.477689],[3.725295,51.476911],[3.720965,51.476981],[3.717661,51.478544],[3.713941,51.480283],[3.709864,51.480886],[3.705759,51.481478],[3.701625,51.481009],[3.697497,51.480537],[3.693708,51.479042],[3.689943,51.477529],[3.686167,51.476031],[3.682397,51.474518],[3.678627,51.473019],[3.67498,51.471568],[3.671328,51.470124],[3.667704,51.46868],[3.664041,51.467225],[3.66043,51.465785],[3.657737,51.465172],[3.654257,51.465359]],"type":"LineString"},"id":"bdbbb32e-216d-5755-8ba3-6d4b98af8a09","properties":{"ASSET_KIND":"official_transmission_line","EVIDENCE":"official","GEOMETRY_CONFIDENCE":"official-top10nl-1:10000-rounded-6dp-no-simplification","HEIGHT_LEVEL":0,"LOCAL_ID":"122083174","MUTATION_TYPE":null,"NAME":null,"NAMESPACE":"NL.TOP10NL","NUMBER":null,"OBJECT_BEGIN_DATE":"2011-08-25","ORIGINAL_ID":"bdbbb32e-216d-5755-8ba3-6d4b98af8a09","REGION_KEY":"netherlands","REGISTRATION_DATE":"2019-02-01","SOURCE_ACCURACY_M":0.1,"SOURCE_DATE":"2026-06-01","SOURCE_FEATURE_DATE":"2018-01-01","SOURCE_ID":"nl-kadaster-top10nl-high-voltage-2026-06","SOURCE_LICENSE":"CC BY 4.0","SOURCE_METHOD":"luchtfoto","SOURCE_URL":"https://api.pdok.nl/kadaster/brt-top10nl/ogc/v1","TOP10NL_CODE":481,"TOP10NL_TYPE":"hoogspanningsleiding","VISUALISATION_CODE":15210,"VOLTAGE_KV":null},"type":"Feature"},{"geometry":{"coordinates":[[6.698679,52.703638],[6.698753,52.703423],[6.699044,52.702581],[6.699401,52.701542],[6.69956,52.701082],[6.700609,52.697996],[6.70164,52.694924],[6.702664,52.691842],[6.703308,52.689944],[6.704332,52.686865],[6.705042,52.683755],[6.70573,52.680649],[6.70645,52.677515],[6.707159,52.674374],[6.707851,52.671261],[6.708566,52.66814],[6.709269,52.66501],[6.709979,52.661893],[6.710457,52.659814],[6.710507,52.659371]],"type":"LineString"},"id":"bf94cf2d-8c2c-5079-8fc1-e092a4198694","properties":{"ASSET_KIND":"official_transmission_line","EVIDENCE":"official","GEOMETRY_CONFIDENCE":"official-top10nl-1:10000-rounded-6dp-no-simplification","HEIGHT_LEVEL":0,"LOCAL_ID":"122083211","MUTATION_TYPE":null,"NAME":null,"NAMESPACE":"NL.TOP10NL","NUMBER":null,"OBJECT_BEGIN_DATE":"2011-08-25","ORIGINAL_ID":"bf94cf2d-8c2c-5079-8fc1-e092a4198694","REGION_KEY":"netherlands","REGISTRATION_DATE":"2019-02-01","SOURCE_ACCURACY_M":0.1,"SOURCE_DATE":"2026-06-01","SOURCE_FEATURE_DATE":"2018-01-01","SOURCE_ID":"nl-kadaster-top10nl-high-voltage-2026-06","SOURCE_LICENSE":"CC BY 4.0","SOURCE_METHOD":"luchtfoto","SOURCE_URL":"https://api.pdok.nl/kadaster/brt-top10nl/ogc/v1","TOP10NL_CODE":481,"TOP10NL_TYPE":"hoogspanningsleiding","VISUALISATION_CODE":15210,"VOLTAGE_KV":null},"type":"Feature"},{"geometry":{"coordinates":[[5.539433,52.575864],[5.540895,52.572363]],"type":"LineString"},"id":"c09fa682-0da4-5352-9fa7-53574d75588b","properties":{"ASSET_KIND":"official_transmission_line","EVIDENCE":"official","GEOMETRY_CONFIDENCE":"official-top10nl-1:10000-rounded-6dp-no-simplification","HEIGHT_LEVEL":0,"LOCAL_ID":"122083236","MUTATION_TYPE":null,"NAME":null,"NAMESPACE":"NL.TOP10NL","NUMBER":null,"OBJECT_BEGIN_DATE":"2011-08-25","ORIGINAL_ID":"c09fa682-0da4-5352-9fa7-53574d75588b","REGION_KEY":"netherlands","REGISTRATION_DATE":"2019-02-01","SOURCE_ACCURACY_M":0.1,"SOURCE_DATE":"2026-06-01","SOURCE_FEATURE_DATE":"2018-01-01","SOURCE_ID":"nl-kadaster-top10nl-high-voltage-2026-06","SOURCE_LICENSE":"CC BY 4.0","SOURCE_METHOD":"luchtfoto","SOURCE_URL":"https://api.pdok.nl/kadaster/brt-top10nl/ogc/v1","TOP10NL_CODE":481,"TOP10NL_TYPE":"hoogspanningsleiding","VISUALISATION_CODE":15210,"VOLTAGE_KV":null},"type":"Feature"},{"geometry":{"coordinates":[[3.79478,51.329384],[3.796885,51.331348],[3.79846,51.332814]],"type":"LineString"},"id":"c10317ba-1f89-5de9-9f44-d94ab9b77791","properties":{"ASSET_KIND":"official_transmission_line","EVIDENCE":"official","GEOMETRY_CONFIDENCE":"official-top10nl-1:10000-rounded-6dp-no-simplification","HEIGHT_LEVEL":0,"LOCAL_ID":"122083322","MUTATION_TYPE":null,"NAME":null,"NAMESPACE":"NL.TOP10NL","NUMBER":null,"OBJECT_BEGIN_DATE":"2011-08-25","ORIGINAL_ID":"c10317ba-1f89-5de9-9f44-d94ab9b77791","REGION_KEY":"netherlands","REGISTRATION_DATE":"2019-02-01","SOURCE_ACCURACY_M":0.1,"SOURCE_DATE":"2026-06-01","SOURCE_FEATURE_DATE":"2018-01-01","SOURCE_ID":"nl-kadaster-top10nl-high-voltage-2026-06","SOURCE_LICENSE":"CC BY 4.0","SOURCE_METHOD":"luchtfoto","SOURCE_URL":"https://api.pdok.nl/kadaster/brt-top10nl/ogc/v1","TOP10NL_CODE":481,"TOP10NL_TYPE":"hoogspanningsleiding","VISUALISATION_CODE":15210,"VOLTAGE_KV":null},"type":"Feature"},{"geometry":{"coordinates":[[6.590395,52.251029],[6.589249,52.25116],[6.584777,52.251406],[6.579632,52.251683],[6.574468,52.251974],[6.569334,52.252131],[6.564249,52.252284],[6.559101,52.252452],[6.554128,52.252602],[6.54898,52.252755],[6.543832,52.252916],[6.538671,52.253068],[6.533717,52.253231],[6.528611,52.253383],[6.523477,52.253535],[6.518364,52.253694],[6.517885,52.253709],[6.513494,52.253839],[6.508387,52.253989],[6.507972,52.254002],[6.506272,52.254053],[6.506229,52.254054],[6.505623,52.254072],[6.505459,52.254077],[6.505379,52.25408],[6.505296,52.254082],[6.505199,52.254085],[6.504924,52.254093],[6.504815,52.254097],[6.504402,52.254109],[6.504375,52.25411],[6.50433,52.254111],[6.503742,52.254129],[6.503419,52.254139],[6.502904,52.254155],[6.499951,52.254248],[6.499927,52.254248],[6.499182,52.254272],[6.498396,52.254297],[6.493338,52.254433],[6.488225,52.254588],[6.483266,52.254268],[6.478182,52.253923],[6.473091,52.253574],[6.469827,52.253362]],"type":"LineString"},"id":"c20d019f-0868-5914-b7ae-8e9e95a86992","properties":{"ASSET_KIND":"official_transmission_line","EVIDENCE":"official","GEOMETRY_CONFIDENCE":"official-top10nl-1:10000-rounded-6dp-no-simplification","HEIGHT_LEVEL":0,"LOCAL_ID":"129471043","MUTATION_TYPE":null,"NAME":null,"NAMESPACE":"NL.TOP10NL","NUMBER":null,"OBJECT_BEGIN_DATE":"2016-04-01","ORIGINAL_ID":"c20d019f-0868-5914-b7ae-8e9e95a86992","REGION_KEY":"netherlands","REGISTRATION_DATE":"2019-02-01","SOURCE_ACCURACY_M":0.1,"SOURCE_DATE":"2026-06-01","SOURCE_FEATURE_DATE":"2018-01-01","SOURCE_ID":"nl-kadaster-top10nl-high-voltage-2026-06","SOURCE_LICENSE":"CC BY 4.0","SOURCE_METHOD":"luchtfoto","SOURCE_URL":"https://api.pdok.nl/kadaster/brt-top10nl/ogc/v1","TOP10NL_CODE":481,"TOP10NL_TYPE":"hoogspanningsleiding","VISUALISATION_CODE":15210,"VOLTAGE_KV":null},"type":"Feature"},{"geometry":{"coordinates":[[4.330458,51.699459],[4.332589,51.699602]],"type":"LineString"},"id":"c251e70b-c425-54ba-97c1-19f0b99110f4","properties":{"ASSET_KIND":"official_transmission_line","EVIDENCE":"official","GEOMETRY_CONFIDENCE":"official-top10nl-1:10000-rounded-6dp-no-simplification","HEIGHT_LEVEL":0,"LOCAL_ID":"122082926","MUTATION_TYPE":null,"NAME":null,"NAMESPACE":"NL.TOP10NL","NUMBER":null,"OBJECT_BEGIN_DATE":"2011-08-25","ORIGINAL_ID":"c251e70b-c425-54ba-97c1-19f0b99110f4","REGION_KEY":"netherlands","REGISTRATION_DATE":"2019-02-01","SOURCE_ACCURACY_M":0.1,"SOURCE_DATE":"2026-06-01","SOURCE_FEATURE_DATE":"2018-01-01","SOURCE_ID":"nl-kadaster-top10nl-high-voltage-2026-06","SOURCE_LICENSE":"CC BY 4.0","SOURCE_METHOD":"luchtfoto","SOURCE_URL":"https://api.pdok.nl/kadaster/brt-top10nl/ogc/v1","TOP10NL_CODE":481,"TOP10NL_TYPE":"hoogspanningsleiding","VISUALISATION_CODE":15210,"VOLTAGE_KV":null},"type":"Feature"},{"geometry":{"coordinates":[[5.969803,50.902724],[5.96673,50.901912]],"type":"LineString"},"id":"c37221cb-d866-5874-9a78-8ff9339d851f","properties":{"ASSET_KIND":"official_transmission_line","EVIDENCE":"official","GEOMETRY_CONFIDENCE":"official-top10nl-1:10000-rounded-6dp-no-simplification","HEIGHT_LEVEL":0,"LOCAL_ID":"122083030","MUTATION_TYPE":null,"NAME":null,"NAMESPACE":"NL.TOP10NL","NUMBER":null,"OBJECT_BEGIN_DATE":"2011-08-25","ORIGINAL_ID":"c37221cb-d866-5874-9a78-8ff9339d851f","REGION_KEY":"netherlands","REGISTRATION_DATE":"2019-02-01","SOURCE_ACCURACY_M":0.1,"SOURCE_DATE":"2026-06-01","SOURCE_FEATURE_DATE":"2018-01-01","SOURCE_ID":"nl-kadaster-top10nl-high-voltage-2026-06","SOURCE_LICENSE":"CC BY 4.0","SOURCE_METHOD":"luchtfoto","SOURCE_URL":"https://api.pdok.nl/kadaster/brt-top10nl/ogc/v1","TOP10NL_CODE":481,"TOP10NL_TYPE":"hoogspanningsleiding","VISUALISATION_CODE":15210,"VOLTAGE_KV":null},"type":"Feature"},{"geometry":{"coordinates":[[6.720741,53.159728],[6.720765,53.1593],[6.721848,53.15704],[6.724651,53.155263],[6.728637,53.154506],[6.732906,53.153714],[6.737612,53.152818],[6.742319,53.15195],[6.747038,53.151053],[6.751247,53.150262],[6.755443,53.149477],[6.75994,53.148654],[6.764515,53.147806],[6.769557,53.147792],[6.774389,53.147764],[6.778063,53.147772],[6.783125,53.147745],[6.7882,53.147733],[6.793256,53.147718],[6.797495,53.147704],[6.802083,53.147677],[6.807001,53.147671],[6.811398,53.147658],[6.815775,53.14742],[6.820079,53.147171],[6.824561,53.146923],[6.829444,53.14665],[6.834423,53.146333],[6.839425,53.146075],[6.844393,53.145801],[6.849445,53.14551],[6.854485,53.145222],[6.85894,53.144974],[6.863769,53.143913],[6.867683,53.143045],[6.872361,53.142026],[6.876967,53.141007],[6.881423,53.140025],[6.885859,53.139051],[6.8903,53.138066],[6.895141,53.137003],[6.898735,53.136249],[6.903958,53.135051],[6.906665,53.134665],[6.908513,53.134402],[6.90868,53.134378],[6.908826,53.134357],[6.909256,53.134293],[6.909323,53.134284],[6.909379,53.134275],[6.910556,53.134102],[6.910892,53.13405],[6.911229,53.134003],[6.913472,53.133674],[6.913486,53.133672],[6.915657,53.133351],[6.918201,53.132974],[6.92298,53.132276],[6.927628,53.131579],[6.932473,53.130863],[6.936555,53.129053],[6.940602,53.127232],[6.943666,53.125862],[6.944078,53.125789]],"type":"LineString"},"id":"c4037d12-19a1-5a7e-be44-70921889449f","properties":{"ASSET_KIND":"official_transmission_line","EVIDENCE":"official","GEOMETRY_CONFIDENCE":"official-top10nl-1:10000-rounded-6dp-no-simplification","HEIGHT_LEVEL":0,"LOCAL_ID":"122083334","MUTATION_TYPE":null,"NAME":null,"NAMESPACE":"NL.TOP10NL","NUMBER":null,"OBJECT_BEGIN_DATE":"2011-08-25","ORIGINAL_ID":"c4037d12-19a1-5a7e-be44-70921889449f","REGION_KEY":"netherlands","REGISTRATION_DATE":"2019-02-01","SOURCE_ACCURACY_M":0.1,"SOURCE_DATE":"2026-06-01","SOURCE_FEATURE_DATE":"2018-01-01","SOURCE_ID":"nl-kadaster-top10nl-high-voltage-2026-06","SOURCE_LICENSE":"CC BY 4.0","SOURCE_METHOD":"luchtfoto","SOURCE_URL":"https://api.pdok.nl/kadaster/brt-top10nl/ogc/v1","TOP10NL_CODE":481,"TOP10NL_TYPE":"hoogspanningsleiding","VISUALISATION_CODE":15210,"VOLTAGE_KV":null},"type":"Feature"},{"geometry":{"coordinates":[[5.793998,50.97335],[5.795026,50.974224],[5.795804,50.975214],[5.797142,50.977041],[5.799449,50.978094],[5.801829,50.979173],[5.804009,50.979449],[5.804392,50.980135]],"type":"LineString"},"id":"c4728d69-6ebb-5f38-9760-19cb9bbffc7a","properties":{"ASSET_KIND":"official_transmission_line","EVIDENCE":"official","GEOMETRY_CONFIDENCE":"official-top10nl-1:10000-rounded-6dp-no-simplification","HEIGHT_LEVEL":0,"LOCAL_ID":"122083297","MUTATION_TYPE":null,"NAME":null,"NAMESPACE":"NL.TOP10NL","NUMBER":null,"OBJECT_BEGIN_DATE":"2011-08-25","ORIGINAL_ID":"c4728d69-6ebb-5f38-9760-19cb9bbffc7a","REGION_KEY":"netherlands","REGISTRATION_DATE":"2019-02-01","SOURCE_ACCURACY_M":0.1,"SOURCE_DATE":"2026-06-01","SOURCE_FEATURE_DATE":"2018-01-01","SOURCE_ID":"nl-kadaster-top10nl-high-voltage-2026-06","SOURCE_LICENSE":"CC BY 4.0","SOURCE_METHOD":"luchtfoto","SOURCE_URL":"https://api.pdok.nl/kadaster/brt-top10nl/ogc/v1","TOP10NL_CODE":481,"TOP10NL_TYPE":"hoogspanningsleiding","VISUALISATION_CODE":15210,"VOLTAGE_KV":null},"type":"Feature"},{"geometry":{"coordinates":[[3.776064,51.331901],[3.776548,51.33105],[3.780855,51.329895],[3.785334,51.329725],[3.789865,51.329554],[3.79478,51.329384]],"type":"LineString"},"id":"c49190f6-1d22-579f-a584-2988429d6ce2","properties":{"ASSET_KIND":"official_transmission_line","EVIDENCE":"official","GEOMETRY_CONFIDENCE":"official-top10nl-1:10000-rounded-6dp-no-simplification","HEIGHT_LEVEL":0,"LOCAL_ID":"122083146","MUTATION_TYPE":null,"NAME":null,"NAMESPACE":"NL.TOP10NL","NUMBER":null,"OBJECT_BEGIN_DATE":"2011-08-25","ORIGINAL_ID":"c49190f6-1d22-579f-a584-2988429d6ce2","REGION_KEY":"netherlands","REGISTRATION_DATE":"2019-02-01","SOURCE_ACCURACY_M":0.1,"SOURCE_DATE":"2026-06-01","SOURCE_FEATURE_DATE":"2018-01-01","SOURCE_ID":"nl-kadaster-top10nl-high-voltage-2026-06","SOURCE_LICENSE":"CC BY 4.0","SOURCE_METHOD":"luchtfoto","SOURCE_URL":"https://api.pdok.nl/kadaster/brt-top10nl/ogc/v1","TOP10NL_CODE":481,"TOP10NL_TYPE":"hoogspanningsleiding","VISUALISATION_CODE":15210,"VOLTAGE_KV":null},"type":"Feature"},{"geometry":{"coordinates":[[6.872502,53.424463],[6.873958,53.425037]],"type":"LineString"},"id":"c524920a-c426-555b-980a-16b1955c8010","properties":{"ASSET_KIND":"official_transmission_line","EVIDENCE":"official","GEOMETRY_CONFIDENCE":"official-top10nl-1:10000-rounded-6dp-no-simplification","HEIGHT_LEVEL":0,"LOCAL_ID":"132347919","MUTATION_TYPE":"werkelijke verandering","NAME":null,"NAMESPACE":"NL.TOP10NL","NUMBER":null,"OBJECT_BEGIN_DATE":"2025-02-01","ORIGINAL_ID":"c524920a-c426-555b-980a-16b1955c8010","REGION_KEY":"netherlands","REGISTRATION_DATE":"2025-02-01","SOURCE_ACCURACY_M":0.1,"SOURCE_DATE":"2026-06-01","SOURCE_FEATURE_DATE":"2024-01-01","SOURCE_ID":"nl-kadaster-top10nl-high-voltage-2026-06","SOURCE_LICENSE":"CC BY 4.0","SOURCE_METHOD":"luchtfoto","SOURCE_URL":"https://api.pdok.nl/kadaster/brt-top10nl/ogc/v1","TOP10NL_CODE":481,"TOP10NL_TYPE":"hoogspanningsleiding","VISUALISATION_CODE":15210,"VOLTAGE_KV":null},"type":"Feature"},{"geometry":{"coordinates":[[5.804207,50.979218],[5.804392,50.980135]],"type":"LineString"},"id":"c56fa870-1f02-56a5-bda5-76d4dc57c7bb","properties":{"ASSET_KIND":"official_transmission_line","EVIDENCE":"official","GEOMETRY_CONFIDENCE":"official-top10nl-1:10000-rounded-6dp-no-simplification","HEIGHT_LEVEL":0,"LOCAL_ID":"127268650","MUTATION_TYPE":null,"NAME":null,"NAMESPACE":"NL.TOP10NL","NUMBER":null,"OBJECT_BEGIN_DATE":"2014-03-29","ORIGINAL_ID":"c56fa870-1f02-56a5-bda5-76d4dc57c7bb","REGION_KEY":"netherlands","REGISTRATION_DATE":"2014-03-29","SOURCE_ACCURACY_M":0.1,"SOURCE_DATE":"2026-06-01","SOURCE_FEATURE_DATE":"2013-01-01","SOURCE_ID":"nl-kadaster-top10nl-high-voltage-2026-06","SOURCE_LICENSE":"CC BY 4.0","SOURCE_METHOD":"luchtfoto","SOURCE_URL":"https://api.pdok.nl/kadaster/brt-top10nl/ogc/v1","TOP10NL_CODE":481,"TOP10NL_TYPE":"hoogspanningsleiding","VISUALISATION_CODE":15210,"VOLTAGE_KV":null},"type":"Feature"},{"geometry":{"coordinates":[[4.554008,52.164812],[4.553871,52.164932],[4.553808,52.164987],[4.553778,52.165014],[4.553761,52.165028],[4.553691,52.165089],[4.553345,52.165392],[4.553274,52.165455],[4.552984,52.165709],[4.552822,52.165851],[4.552628,52.16602],[4.55255,52.166089],[4.551975,52.166592],[4.551945,52.166618],[4.551922,52.166639],[4.551824,52.166724],[4.551801,52.166744],[4.551586,52.166932],[4.551564,52.166952],[4.551353,52.167136],[4.551197,52.167273],[4.550662,52.167741],[4.547112,52.170801],[4.5429,52.171944],[4.538033,52.173214],[4.535233,52.173976],[4.535089,52.174015],[4.53493,52.174058],[4.534653,52.174134],[4.534253,52.174243],[4.534184,52.174262],[4.534121,52.174279],[4.533965,52.174321],[4.533867,52.174348],[4.533782,52.174371],[4.533553,52.174433],[4.532935,52.174602],[4.531872,52.174384],[4.531757,52.174361],[4.531704,52.17435],[4.529757,52.173951],[4.527154,52.173418],[4.526659,52.173317],[4.520423,52.172058],[4.519213,52.171813],[4.513834,52.170712],[4.511735,52.170917],[4.51049,52.171038],[4.510278,52.171059],[4.510234,52.171063],[4.510187,52.171067],[4.510141,52.171072],[4.510099,52.171076],[4.50997,52.171089],[4.50993,52.171092],[4.509901,52.171095],[4.509864,52.171099],[4.509826,52.171103],[4.509752,52.17111],[4.50962,52.171123],[4.509357,52.171148],[4.509314,52.171152],[4.509278,52.171156],[4.508868,52.171196],[4.508506,52.171231],[4.508455,52.171236],[4.508413,52.17124],[4.508097,52.171271],[4.507741,52.171306],[4.507672,52.171312],[4.507611,52.171318],[4.507321,52.171347],[4.506863,52.171391],[4.504887,52.171582],[4.504503,52.171619],[4.504445,52.171625],[4.504405,52.171629],[4.504029,52.171665],[4.503701,52.171697],[4.503626,52.171704],[4.503573,52.171709],[4.503292,52.171736],[4.50296,52.171768],[4.502911,52.171773],[4.502866,52.171777],[4.502555,52.171808],[4.502356,52.171827],[4.502105,52.171851],[4.501691,52.171891],[4.50127,52.171932],[4.500436,52.172174],[4.499783,52.172364],[4.499777,52.172366],[4.499564,52.172428],[4.499024,52.172585],[4.498914,52.172616],[4.49796,52.172894],[4.497636,52.172986]],"type":"LineString"},"id":"c69a4c43-ba3b-5202-a0d0-7598f2cf9611","properties":{"ASSET_KIND":"official_transmission_line","EVIDENCE":"official","GEOMETRY_CONFIDENCE":"official-top10nl-1:10000-rounded-6dp-no-simplification","HEIGHT_LEVEL":0,"LOCAL_ID":"131183001","MUTATION_TYPE":"werkelijke verandering","NAME":null,"NAMESPACE":"NL.TOP10NL","NUMBER":null,"OBJECT_BEGIN_DATE":"2020-06-01","ORIGINAL_ID":"c69a4c43-ba3b-5202-a0d0-7598f2cf9611","REGION_KEY":"netherlands","REGISTRATION_DATE":"2020-06-01","SOURCE_ACCURACY_M":0.1,"SOURCE_DATE":"2026-06-01","SOURCE_FEATURE_DATE":"2019-01-01","SOURCE_ID":"nl-kadaster-top10nl-high-voltage-2026-06","SOURCE_LICENSE":"CC BY 4.0","SOURCE_METHOD":"luchtfoto","SOURCE_URL":"https://api.pdok.nl/kadaster/brt-top10nl/ogc/v1","TOP10NL_CODE":481,"TOP10NL_TYPE":"hoogspanningsleiding","VISUALISATION_CODE":15210,"VOLTAGE_KV":null},"type":"Feature"},{"geometry":{"coordinates":[[5.192404,52.716008],[5.195306,52.71557],[5.198216,52.715135],[5.201075,52.714699],[5.203848,52.714279],[5.206544,52.713871],[5.209343,52.713448],[5.212189,52.713017],[5.215052,52.712579],[5.217872,52.712153],[5.220692,52.711724],[5.223324,52.711319],[5.226071,52.710903],[5.228861,52.710482],[5.231583,52.710069],[5.2343,52.709653],[5.237141,52.709219],[5.240012,52.708782],[5.24284,52.708358],[5.245753,52.707929],[5.248266,52.707539],[5.250927,52.707138],[5.25358,52.706734],[5.256408,52.70631],[5.259116,52.705896],[5.260671,52.704647],[5.262167,52.70346],[5.263761,52.702201],[5.265461,52.700828],[5.266737,52.69984],[5.268822,52.698189],[5.270349,52.696971],[5.272343,52.69537],[5.274965,52.695484]],"type":"LineString"},"id":"c6f37df6-1ebc-5fb3-b068-f2bca17a4b98","properties":{"ASSET_KIND":"official_transmission_line","EVIDENCE":"official","GEOMETRY_CONFIDENCE":"official-top10nl-1:10000-rounded-6dp-no-simplification","HEIGHT_LEVEL":0,"LOCAL_ID":"122082910","MUTATION_TYPE":null,"NAME":null,"NAMESPACE":"NL.TOP10NL","NUMBER":null,"OBJECT_BEGIN_DATE":"2011-08-25","ORIGINAL_ID":"c6f37df6-1ebc-5fb3-b068-f2bca17a4b98","REGION_KEY":"netherlands","REGISTRATION_DATE":"2019-02-01","SOURCE_ACCURACY_M":0.1,"SOURCE_DATE":"2026-06-01","SOURCE_FEATURE_DATE":"2018-01-01","SOURCE_ID":"nl-kadaster-top10nl-high-voltage-2026-06","SOURCE_LICENSE":"CC BY 4.0","SOURCE_METHOD":"luchtfoto","SOURCE_URL":"https://api.pdok.nl/kadaster/brt-top10nl/ogc/v1","TOP10NL_CODE":481,"TOP10NL_TYPE":"hoogspanningsleiding","VISUALISATION_CODE":15210,"VOLTAGE_KV":null},"type":"Feature"},{"geometry":{"coordinates":[[5.629627,51.317939],[5.626398,51.319485],[5.622591,51.321331],[5.61874,51.323205],[5.614897,51.325062],[5.611748,51.326577],[5.608571,51.328102],[5.606221,51.330783],[5.60387,51.333464],[5.601457,51.336189],[5.599008,51.338937],[5.596568,51.341707],[5.594136,51.344466],[5.591704,51.347208],[5.589263,51.349967],[5.58683,51.352714],[5.586042,51.353604],[5.584406,51.35545],[5.583508,51.356468],[5.581964,51.35822],[5.579606,51.360878],[5.579521,51.360973],[5.577096,51.363715],[5.574662,51.366445],[5.572228,51.369215],[5.569775,51.371968],[5.56734,51.37472],[5.564941,51.377456],[5.563059,51.380392],[5.561205,51.383306],[5.559349,51.386214],[5.557494,51.389144],[5.556899,51.390084],[5.555603,51.392064],[5.553774,51.395],[5.551927,51.397924],[5.550106,51.400743],[5.549245,51.402342],[5.548312,51.403617]],"type":"LineString"},"id":"c773c321-1997-5d62-b02b-65e538da7aad","properties":{"ASSET_KIND":"official_transmission_line","EVIDENCE":"official","GEOMETRY_CONFIDENCE":"official-top10nl-1:10000-rounded-6dp-no-simplification","HEIGHT_LEVEL":0,"LOCAL_ID":"122082949","MUTATION_TYPE":null,"NAME":null,"NAMESPACE":"NL.TOP10NL","NUMBER":null,"OBJECT_BEGIN_DATE":"2011-08-25","ORIGINAL_ID":"c773c321-1997-5d62-b02b-65e538da7aad","REGION_KEY":"netherlands","REGISTRATION_DATE":"2019-02-01","SOURCE_ACCURACY_M":0.1,"SOURCE_DATE":"2026-06-01","SOURCE_FEATURE_DATE":"2018-01-01","SOURCE_ID":"nl-kadaster-top10nl-high-voltage-2026-06","SOURCE_LICENSE":"CC BY 4.0","SOURCE_METHOD":"luchtfoto","SOURCE_URL":"https://api.pdok.nl/kadaster/brt-top10nl/ogc/v1","TOP10NL_CODE":481,"TOP10NL_TYPE":"hoogspanningsleiding","VISUALISATION_CODE":15210,"VOLTAGE_KV":null},"type":"Feature"},{"geometry":{"coordinates":[[5.662682,51.927418],[5.661479,51.92754],[5.656145,51.926275],[5.651128,51.925086],[5.649169,51.922203],[5.647051,51.919111],[5.64492,51.915994],[5.644716,51.91259],[5.644492,51.909097],[5.644287,51.90549],[5.643997,51.900544],[5.643689,51.895809],[5.643398,51.890833],[5.64314,51.886422],[5.642729,51.883524],[5.642325,51.880401],[5.641861,51.877137],[5.641439,51.873865],[5.641371,51.873385],[5.640987,51.870685],[5.640966,51.870525],[5.640957,51.870452],[5.640952,51.87041],[5.640565,51.867371],[5.640532,51.867112],[5.640067,51.863797],[5.641483,51.860477],[5.642931,51.857144],[5.644336,51.853824],[5.645814,51.850339],[5.647262,51.847026],[5.648666,51.843726],[5.650102,51.840406],[5.651569,51.836954],[5.652994,51.833601],[5.65545,51.830411],[5.657895,51.827207],[5.66034,51.824009],[5.662774,51.820818],[5.665196,51.817654],[5.669081,51.815631],[5.672976,51.81364],[5.676542,51.811802],[5.680563,51.809752],[5.684996,51.807464],[5.688932,51.805453],[5.693163,51.803271],[5.697395,51.801114],[5.701583,51.798938],[5.703992,51.797719],[5.704056,51.797687],[5.70426,51.797584],[5.705742,51.796834],[5.706004,51.796702],[5.706724,51.796513],[5.706776,51.7965],[5.706799,51.796493],[5.707327,51.796355],[5.707568,51.796292],[5.70795,51.796192],[5.711036,51.795385],[5.716025,51.794101],[5.721036,51.792803],[5.726003,51.791506],[5.730685,51.790294],[5.735376,51.789089],[5.740047,51.787897],[5.745342,51.786539],[5.750615,51.785173],[5.755846,51.783815],[5.761023,51.782469],[5.766264,51.781136],[5.771452,51.779789],[5.776469,51.77849],[5.780099,51.776214],[5.78395,51.773785],[5.786464,51.772196],[5.787758,51.771377],[5.789103,51.770524],[5.789379,51.770349],[5.789399,51.770336],[5.789439,51.770311],[5.789501,51.770272],[5.789537,51.770249],[5.789669,51.770165],[5.791524,51.768988],[5.795584,51.766447],[5.799581,51.763932],[5.803219,51.761596],[5.80273,51.758031],[5.802209,51.754473],[5.801657,51.750868],[5.801125,51.747277],[5.800685,51.744304],[5.800254,51.741278],[5.800531,51.737908],[5.800765,51.734524],[5.801019,51.731075],[5.801263,51.727573],[5.801499,51.724439],[5.801736,51.721346],[5.801982,51.718153],[5.802248,51.714842],[5.802454,51.711866],[5.805075,51.708935],[5.80778,51.705872],[5.810274,51.703033],[5.812926,51.700055],[5.815472,51.697144],[5.818259,51.694007],[5.821024,51.690878],[5.823779,51.687761],[5.826513,51.684678],[5.829256,51.681561],[5.831958,51.67853],[5.834616,51.675506],[5.837286,51.672528],[5.841804,51.670312],[5.846333,51.668103],[5.850894,51.665953],[5.855453,51.663749],[5.859992,51.661573],[5.86454,51.659369],[5.869109,51.657172],[5.873635,51.655001],[5.878182,51.652817],[5.882739,51.65062],[5.887191,51.648462],[5.891684,51.646291],[5.896123,51.644119],[5.900658,51.641987],[5.905097,51.639829],[5.909599,51.63765]],"type":"LineString"},"id":"c7c23ed6-2ae8-5e94-9bf0-2b6d696fc940","properties":{"ASSET_KIND":"official_transmission_line","EVIDENCE":"official","GEOMETRY_CONFIDENCE":"official-top10nl-1:10000-rounded-6dp-no-simplification","HEIGHT_LEVEL":0,"LOCAL_ID":"131595221","MUTATION_TYPE":"werkelijke verandering","NAME":null,"NAMESPACE":"NL.TOP10NL","NUMBER":null,"OBJECT_BEGIN_DATE":"2022-02-01","ORIGINAL_ID":"c7c23ed6-2ae8-5e94-9bf0-2b6d696fc940","REGION_KEY":"netherlands","REGISTRATION_DATE":"2022-02-01","SOURCE_ACCURACY_M":0.1,"SOURCE_DATE":"2026-06-01","SOURCE_FEATURE_DATE":"2021-01-01","SOURCE_ID":"nl-kadaster-top10nl-high-voltage-2026-06","SOURCE_LICENSE":"CC BY 4.0","SOURCE_METHOD":"luchtfoto","SOURCE_URL":"https://api.pdok.nl/kadaster/brt-top10nl/ogc/v1","TOP10NL_CODE":481,"TOP10NL_TYPE":"hoogspanningsleiding","VISUALISATION_CODE":15210,"VOLTAGE_KV":null},"type":"Feature"},{"geometry":{"coordinates":[[6.366723,52.566754],[6.372402,52.569051],[6.378108,52.571387],[6.384653,52.572592],[6.391364,52.573865],[6.398125,52.575121],[6.404911,52.576369],[6.411622,52.577648],[6.418345,52.578842],[6.425095,52.580112],[6.431928,52.580625],[6.438774,52.58113],[6.445581,52.581635],[6.452277,52.582148],[6.459348,52.582649],[6.466069,52.583169],[6.472941,52.583679],[6.479812,52.584166],[6.486696,52.584683],[6.492423,52.587028],[6.498187,52.589357],[6.503965,52.591678],[6.509656,52.594038],[6.515359,52.59636],[6.52057,52.598525],[6.526019,52.60068],[6.531345,52.602867],[6.53099,52.607297],[6.530578,52.611674],[6.530299,52.615887],[6.529978,52.620044],[6.529672,52.624166],[6.529127,52.628443],[6.528543,52.632779],[6.527958,52.637056],[6.527404,52.641304],[6.526844,52.64533],[6.526293,52.64941],[6.531046,52.651813],[6.535834,52.65426],[6.540563,52.656653],[6.54531,52.65907],[6.550008,52.661439],[6.554797,52.6639],[6.561269,52.664683],[6.567731,52.665398],[6.574104,52.666132],[6.580828,52.666932],[6.587008,52.667668],[6.593333,52.668417],[6.599204,52.669121],[6.605685,52.669893],[6.612052,52.67063],[6.617688,52.671301],[6.620145,52.675119],[6.622568,52.678829],[6.624935,52.682554],[6.627351,52.686303],[6.633682,52.687665],[6.63999,52.689072],[6.646298,52.690474],[6.652614,52.69187],[6.658923,52.693271],[6.664857,52.694577],[6.671134,52.695973],[6.67759,52.697372],[6.684,52.69876],[6.690564,52.70021],[6.695314,52.702975],[6.700084,52.705736],[6.705432,52.708785],[6.710751,52.711829],[6.715994,52.714883],[6.721355,52.717953],[6.726672,52.72098],[6.732115,52.724111],[6.736989,52.726914],[6.742209,52.72986],[6.748486,52.730212],[6.754339,52.730505],[6.760533,52.730818],[6.767228,52.72973],[6.772961,52.728826],[6.77905,52.727848],[6.785776,52.72675],[6.787004,52.726546],[6.78805,52.726373],[6.788076,52.726368],[6.788174,52.726352],[6.788198,52.726348],[6.788229,52.726343],[6.788262,52.726338],[6.788339,52.726325],[6.788404,52.726314],[6.788482,52.726301],[6.790055,52.726041],[6.790129,52.726028],[6.790198,52.726017],[6.790275,52.726004],[6.790295,52.726001],[6.790359,52.72599],[6.790482,52.72597],[6.790656,52.725941],[6.790804,52.725916],[6.790861,52.725907],[6.790997,52.725884],[6.791086,52.72587],[6.791346,52.725827],[6.792048,52.725714],[6.794581,52.725307],[6.797708,52.724805],[6.803827,52.723797],[6.810487,52.722717],[6.81659,52.724974],[6.821979,52.726984],[6.827022,52.728811],[6.832124,52.730675],[6.837154,52.73258]],"type":"LineString"},"id":"c7e3cadc-d1c1-5dba-80b7-67d1bb830089","properties":{"ASSET_KIND":"official_transmission_line","EVIDENCE":"official","GEOMETRY_CONFIDENCE":"official-top10nl-1:10000-rounded-6dp-no-simplification","HEIGHT_LEVEL":0,"LOCAL_ID":"125864388","MUTATION_TYPE":null,"NAME":null,"NAMESPACE":"NL.TOP10NL","NUMBER":null,"OBJECT_BEGIN_DATE":"2013-03-31","ORIGINAL_ID":"c7e3cadc-d1c1-5dba-80b7-67d1bb830089","REGION_KEY":"netherlands","REGISTRATION_DATE":"2019-02-01","SOURCE_ACCURACY_M":0.1,"SOURCE_DATE":"2026-06-01","SOURCE_FEATURE_DATE":"2018-01-01","SOURCE_ID":"nl-kadaster-top10nl-high-voltage-2026-06","SOURCE_LICENSE":"CC BY 4.0","SOURCE_METHOD":"luchtfoto","SOURCE_URL":"https://api.pdok.nl/kadaster/brt-top10nl/ogc/v1","TOP10NL_CODE":481,"TOP10NL_TYPE":"hoogspanningsleiding","VISUALISATION_CODE":15210,"VOLTAGE_KV":null},"type":"Feature"},{"geometry":{"coordinates":[[4.350223,52.081554],[4.350515,52.0817],[4.353027,52.082824],[4.356226,52.084259],[4.359542,52.085724],[4.363394,52.087474],[4.367296,52.089194],[4.372022,52.091298],[4.375338,52.092784],[4.379697,52.094728],[4.383817,52.096585],[4.388462,52.098667],[4.392018,52.100252],[4.396371,52.102199],[4.400602,52.104082],[4.404867,52.105986],[4.408062,52.108097],[4.411541,52.110401],[4.414879,52.112598],[4.417267,52.114181],[4.421359,52.116876],[4.42484,52.119175],[4.42801,52.121247],[4.431438,52.123504],[4.431525,52.123602]],"type":"LineString"},"id":"c802f1bf-0e84-5146-b448-273c06cfece6","properties":{"ASSET_KIND":"official_transmission_line","EVIDENCE":"official","GEOMETRY_CONFIDENCE":"official-top10nl-1:10000-rounded-6dp-no-simplification","HEIGHT_LEVEL":0,"LOCAL_ID":"122083103","MUTATION_TYPE":null,"NAME":null,"NAMESPACE":"NL.TOP10NL","NUMBER":null,"OBJECT_BEGIN_DATE":"2011-08-25","ORIGINAL_ID":"c802f1bf-0e84-5146-b448-273c06cfece6","REGION_KEY":"netherlands","REGISTRATION_DATE":"2019-02-01","SOURCE_ACCURACY_M":0.1,"SOURCE_DATE":"2026-06-01","SOURCE_FEATURE_DATE":"2018-01-01","SOURCE_ID":"nl-kadaster-top10nl-high-voltage-2026-06","SOURCE_LICENSE":"CC BY 4.0","SOURCE_METHOD":"luchtfoto","SOURCE_URL":"https://api.pdok.nl/kadaster/brt-top10nl/ogc/v1","TOP10NL_CODE":481,"TOP10NL_TYPE":"hoogspanningsleiding","VISUALISATION_CODE":15210,"VOLTAGE_KV":null},"type":"Feature"},{"geometry":{"coordinates":[[6.448012,51.867269],[6.444787,51.870101],[6.441391,51.873076],[6.437757,51.876271],[6.434008,51.879563],[6.430274,51.882839],[6.426568,51.88609],[6.42283,51.889369],[6.419102,51.892638],[6.415405,51.895883],[6.40922,51.896379],[6.402767,51.896877],[6.396338,51.897389],[6.389896,51.897889],[6.38738,51.900689],[6.381498,51.901357],[6.376399,51.903089],[6.371819,51.904622],[6.367201,51.906185],[6.363681,51.907348],[6.358285,51.90918],[6.351759,51.909007],[6.345252,51.908847],[6.338716,51.908662],[6.334568,51.911369],[6.33008,51.914297],[6.326169,51.916861],[6.321359,51.919522],[6.31681,51.922034],[6.312199,51.924589],[6.307611,51.927128],[6.303018,51.929667],[6.298182,51.932359],[6.29334,51.93501],[6.288631,51.937626],[6.279107,51.942913],[6.272786,51.942872],[6.266455,51.942818],[6.260307,51.942787],[6.254139,51.942738],[6.250501,51.945719],[6.246864,51.948712],[6.243245,51.951684],[6.238704,51.954504],[6.234124,51.957357],[6.230806,51.959418],[6.232177,51.962616],[6.233855,51.966466],[6.235556,51.970369],[6.23997,51.972903],[6.244625,51.975589],[6.248259,51.977665],[6.251986,51.979798],[6.252671,51.980353]],"type":"LineString"},"id":"c8217512-c192-5e6b-b712-957b64af1db1","properties":{"ASSET_KIND":"official_transmission_line","EVIDENCE":"official","GEOMETRY_CONFIDENCE":"official-top10nl-1:10000-rounded-6dp-no-simplification","HEIGHT_LEVEL":0,"LOCAL_ID":"130370745","MUTATION_TYPE":null,"NAME":null,"NAMESPACE":"NL.TOP10NL","NUMBER":null,"OBJECT_BEGIN_DATE":"2018-02-01","ORIGINAL_ID":"c8217512-c192-5e6b-b712-957b64af1db1","REGION_KEY":"netherlands","REGISTRATION_DATE":"2019-02-01","SOURCE_ACCURACY_M":0.1,"SOURCE_DATE":"2026-06-01","SOURCE_FEATURE_DATE":"2018-01-01","SOURCE_ID":"nl-kadaster-top10nl-high-voltage-2026-06","SOURCE_LICENSE":"CC BY 4.0","SOURCE_METHOD":"luchtfoto","SOURCE_URL":"https://api.pdok.nl/kadaster/brt-top10nl/ogc/v1","TOP10NL_CODE":481,"TOP10NL_TYPE":"hoogspanningsleiding","VISUALISATION_CODE":15210,"VOLTAGE_KV":null},"type":"Feature"},{"geometry":{"coordinates":[[4.582657,51.663811],[4.583073,51.663153],[4.58442,51.662173],[4.586673,51.660529],[4.587276,51.659701],[4.589589,51.660313],[4.593973,51.661478],[4.598339,51.662655],[4.602705,51.663821],[4.607126,51.664987],[4.610042,51.665782],[4.614472,51.666959],[4.618533,51.668043],[4.622617,51.669352],[4.626801,51.670679],[4.630967,51.67201],[4.635142,51.673353],[4.639327,51.67468],[4.643529,51.676006],[4.647678,51.677342],[4.651908,51.678685],[4.656067,51.68001],[4.660451,51.681399],[4.664285,51.682632],[4.666347,51.683291],[4.669327,51.684221],[4.671442,51.684897],[4.675602,51.686228],[4.679762,51.687541],[4.68457,51.687885],[4.689154,51.688193],[4.693764,51.688502],[4.698338,51.688833],[4.702948,51.68913],[4.70754,51.689449],[4.71216,51.689757],[4.716761,51.690076],[4.721345,51.690377],[4.725946,51.690702],[4.730594,51.690981],[4.735063,51.691309],[4.739733,51.691634],[4.744191,51.691939],[4.748892,51.692269],[4.753512,51.692575],[4.758123,51.69287],[4.762761,51.693198],[4.767282,51.693509],[4.771893,51.693843],[4.776514,51.69412],[4.781044,51.694442],[4.785737,51.694753],[4.790339,51.695063],[4.795068,51.69538],[4.799535,51.695689],[4.803939,51.695987],[4.808496,51.69629],[4.813036,51.696583],[4.817548,51.696897],[4.822242,51.697207],[4.826989,51.697528],[4.831009,51.697804],[4.835688,51.698109],[4.839593,51.696637],[4.839779,51.69566]],"type":"LineString"},"id":"c833fc9f-4292-5cae-8b7d-77bf56faefb5","properties":{"ASSET_KIND":"official_transmission_line","EVIDENCE":"official","GEOMETRY_CONFIDENCE":"official-top10nl-1:10000-rounded-6dp-no-simplification","HEIGHT_LEVEL":0,"LOCAL_ID":"129815341","MUTATION_TYPE":null,"NAME":null,"NAMESPACE":"NL.TOP10NL","NUMBER":null,"OBJECT_BEGIN_DATE":"2017-02-01","ORIGINAL_ID":"c833fc9f-4292-5cae-8b7d-77bf56faefb5","REGION_KEY":"netherlands","REGISTRATION_DATE":"2019-02-01","SOURCE_ACCURACY_M":0.1,"SOURCE_DATE":"2026-06-01","SOURCE_FEATURE_DATE":"2018-01-01","SOURCE_ID":"nl-kadaster-top10nl-high-voltage-2026-06","SOURCE_LICENSE":"CC BY 4.0","SOURCE_METHOD":"luchtfoto","SOURCE_URL":"https://api.pdok.nl/kadaster/brt-top10nl/ogc/v1","TOP10NL_CODE":481,"TOP10NL_TYPE":"hoogspanningsleiding","VISUALISATION_CODE":15210,"VOLTAGE_KV":null},"type":"Feature"},{"geometry":{"coordinates":[[5.591166,52.321653],[5.588371,52.320237],[5.585843,52.318949],[5.583141,52.317594],[5.580904,52.316435],[5.578547,52.31526],[5.577858,52.31311],[5.577146,52.310902],[5.576448,52.308657],[5.575745,52.306493],[5.575038,52.304282],[5.574928,52.302154],[5.574858,52.299877],[5.574739,52.297659],[5.574633,52.295464],[5.574527,52.293221],[5.574431,52.29102],[5.572765,52.289069],[5.571082,52.28711],[5.569454,52.285193],[5.567835,52.283298],[5.566156,52.281347],[5.564552,52.279458],[5.562804,52.277414],[5.561168,52.275488],[5.561086,52.275393],[5.559777,52.273862],[5.559582,52.273633],[5.559419,52.273443],[5.55789,52.271654],[5.556883,52.27046],[5.556222,52.269675],[5.555064,52.2685],[5.554665,52.268095],[5.554421,52.267848],[5.554117,52.267537],[5.552537,52.265919],[5.551942,52.265303],[5.550899,52.264223],[5.550704,52.264022],[5.548876,52.262178],[5.547062,52.260323],[5.545244,52.258453],[5.544451,52.257645],[5.544025,52.257211],[5.543599,52.256776],[5.543421,52.256595],[5.543149,52.256315],[5.541624,52.254745],[5.541602,52.254723],[5.541181,52.254293],[5.539775,52.252856],[5.5399,52.250643],[5.540023,52.248597],[5.540035,52.248406],[5.540134,52.246674],[5.540151,52.246381],[5.540152,52.246355],[5.540152,52.246317],[5.540157,52.24627],[5.540159,52.24624],[5.54016,52.246218],[5.540183,52.245734],[5.540211,52.245146],[5.540263,52.244062],[5.539507,52.243033],[5.538896,52.242741],[5.536591,52.24164],[5.536519,52.241606],[5.535828,52.241274],[5.535457,52.241096],[5.533656,52.240231],[5.530653,52.238791],[5.527631,52.237322],[5.524757,52.235958],[5.522002,52.234629],[5.519124,52.233245],[5.516415,52.23193],[5.516254,52.231852],[5.515705,52.23159],[5.513362,52.23047],[5.510283,52.229263],[5.507172,52.228045],[5.504001,52.226804],[5.501459,52.22581],[5.501095,52.225764]],"type":"LineString"},"id":"c91693fd-5617-5e6a-afee-d5628e7773ed","properties":{"ASSET_KIND":"official_transmission_line","EVIDENCE":"official","GEOMETRY_CONFIDENCE":"official-top10nl-1:10000-rounded-6dp-no-simplification","HEIGHT_LEVEL":0,"LOCAL_ID":"125004607","MUTATION_TYPE":null,"NAME":null,"NAMESPACE":"NL.TOP10NL","NUMBER":null,"OBJECT_BEGIN_DATE":"2012-08-31","ORIGINAL_ID":"c91693fd-5617-5e6a-afee-d5628e7773ed","REGION_KEY":"netherlands","REGISTRATION_DATE":"2019-02-01","SOURCE_ACCURACY_M":0.1,"SOURCE_DATE":"2026-06-01","SOURCE_FEATURE_DATE":"2018-01-01","SOURCE_ID":"nl-kadaster-top10nl-high-voltage-2026-06","SOURCE_LICENSE":"CC BY 4.0","SOURCE_METHOD":"luchtfoto","SOURCE_URL":"https://api.pdok.nl/kadaster/brt-top10nl/ogc/v1","TOP10NL_CODE":481,"TOP10NL_TYPE":"hoogspanningsleiding","VISUALISATION_CODE":15210,"VOLTAGE_KV":null},"type":"Feature"},{"geometry":{"coordinates":[[6.720558,53.160122],[6.720412,53.160463]],"type":"LineString"},"id":"c9373165-fbd8-5f86-b59d-8b4da0c5fc00","properties":{"ASSET_KIND":"official_transmission_line","EVIDENCE":"official","GEOMETRY_CONFIDENCE":"official-top10nl-1:10000-rounded-6dp-no-simplification","HEIGHT_LEVEL":0,"LOCAL_ID":"132432736","MUTATION_TYPE":"kwaliteitsverbetering","NAME":null,"NAMESPACE":"NL.TOP10NL","NUMBER":null,"OBJECT_BEGIN_DATE":"2025-06-01","ORIGINAL_ID":"c9373165-fbd8-5f86-b59d-8b4da0c5fc00","REGION_KEY":"netherlands","REGISTRATION_DATE":"2025-06-01","SOURCE_ACCURACY_M":0.1,"SOURCE_DATE":"2026-06-01","SOURCE_FEATURE_DATE":"2024-01-01","SOURCE_ID":"nl-kadaster-top10nl-high-voltage-2026-06","SOURCE_LICENSE":"CC BY 4.0","SOURCE_METHOD":"luchtfoto","SOURCE_URL":"https://api.pdok.nl/kadaster/brt-top10nl/ogc/v1","TOP10NL_CODE":481,"TOP10NL_TYPE":"hoogspanningsleiding","VISUALISATION_CODE":15210,"VOLTAGE_KV":null},"type":"Feature"},{"geometry":{"coordinates":[[6.149084,52.475877],[6.151039,52.476019],[6.152197,52.47529],[6.155131,52.47266],[6.158086,52.470065],[6.16103,52.467468],[6.163986,52.464848],[6.166943,52.462238],[6.169332,52.459461],[6.171297,52.457158],[6.173664,52.454364],[6.17608,52.451536],[6.178511,52.448709],[6.180895,52.445919],[6.183226,52.443181],[6.185638,52.440365],[6.188021,52.437578],[6.190404,52.434803],[6.192769,52.432027],[6.19437,52.429173],[6.196058,52.426191],[6.19769,52.423348],[6.199371,52.420369],[6.201041,52.417384],[6.202734,52.414405],[6.204428,52.411423],[6.206137,52.408394],[6.207841,52.405375],[6.2116,52.403582],[6.215654,52.401659],[6.219719,52.399718],[6.223784,52.397781],[6.227636,52.395936],[6.23084,52.394408],[6.234881,52.392488],[6.23895,52.390539],[6.2419,52.389133],[6.24598,52.387184],[6.250049,52.385234],[6.254134,52.383281],[6.258207,52.381335],[6.258426,52.381231]],"type":"LineString"},"id":"c990ebfc-de87-5b3e-a0b9-d97dfaf05603","properties":{"ASSET_KIND":"official_transmission_line","EVIDENCE":"official","GEOMETRY_CONFIDENCE":"official-top10nl-1:10000-rounded-6dp-no-simplification","HEIGHT_LEVEL":0,"LOCAL_ID":"132518113","MUTATION_TYPE":"kwaliteitsverbetering","NAME":null,"NAMESPACE":"NL.TOP10NL","NUMBER":null,"OBJECT_BEGIN_DATE":"2025-09-01","ORIGINAL_ID":"c990ebfc-de87-5b3e-a0b9-d97dfaf05603","REGION_KEY":"netherlands","REGISTRATION_DATE":"2025-09-01","SOURCE_ACCURACY_M":0.1,"SOURCE_DATE":"2026-06-01","SOURCE_FEATURE_DATE":"2024-01-01","SOURCE_ID":"nl-kadaster-top10nl-high-voltage-2026-06","SOURCE_LICENSE":"CC BY 4.0","SOURCE_METHOD":"luchtfoto","SOURCE_URL":"https://api.pdok.nl/kadaster/brt-top10nl/ogc/v1","TOP10NL_CODE":481,"TOP10NL_TYPE":"hoogspanningsleiding","VISUALISATION_CODE":15210,"VOLTAGE_KV":null},"type":"Feature"},{"geometry":{"coordinates":[[3.79478,51.329384],[3.795447,51.326597],[3.796068,51.324022],[3.796376,51.322728],[3.796925,51.320449],[3.797396,51.318475],[3.79811,51.31556],[3.798495,51.313978],[3.798982,51.311951],[3.7995,51.309837],[3.8002,51.306922],[3.80088,51.30415],[3.801577,51.301291],[3.802165,51.298824],[3.802778,51.296333],[3.803454,51.293523],[3.804091,51.290885],[3.804567,51.28895],[3.804748,51.288215],[3.805391,51.285524],[3.805471,51.285198],[3.805477,51.285174],[3.805491,51.285117],[3.805546,51.284889],[3.806038,51.282875],[3.806687,51.280147],[3.807011,51.278837],[3.807371,51.277382],[3.810239,51.275089],[3.813139,51.272798],[3.815977,51.270526],[3.818646,51.268411],[3.821439,51.266187],[3.824726,51.265436],[3.828005,51.264709],[3.82825,51.264637]],"type":"LineString"},"id":"ca3729a8-a61c-54ec-819f-24b3ad5150a3","properties":{"ASSET_KIND":"official_transmission_line","EVIDENCE":"official","GEOMETRY_CONFIDENCE":"official-top10nl-1:10000-rounded-6dp-no-simplification","HEIGHT_LEVEL":0,"LOCAL_ID":"123282270","MUTATION_TYPE":null,"NAME":null,"NAMESPACE":"NL.TOP10NL","NUMBER":null,"OBJECT_BEGIN_DATE":"2011-08-25","ORIGINAL_ID":"ca3729a8-a61c-54ec-819f-24b3ad5150a3","REGION_KEY":"netherlands","REGISTRATION_DATE":"2019-02-01","SOURCE_ACCURACY_M":0.1,"SOURCE_DATE":"2026-06-01","SOURCE_FEATURE_DATE":"2018-01-01","SOURCE_ID":"nl-kadaster-top10nl-high-voltage-2026-06","SOURCE_LICENSE":"CC BY 4.0","SOURCE_METHOD":"luchtfoto","SOURCE_URL":"https://api.pdok.nl/kadaster/brt-top10nl/ogc/v1","TOP10NL_CODE":481,"TOP10NL_TYPE":"hoogspanningsleiding","VISUALISATION_CODE":15210,"VOLTAGE_KV":null},"type":"Feature"},{"geometry":{"coordinates":[[3.733763,51.436173],[3.73825,51.436957],[3.742761,51.43774],[3.744515,51.439776],[3.746205,51.441715],[3.747958,51.44378],[3.752391,51.444193],[3.757024,51.444603],[3.761618,51.445008],[3.766159,51.445427],[3.770293,51.445806],[3.774842,51.446219],[3.779352,51.446622],[3.783901,51.44703],[3.788618,51.447455],[3.793143,51.447867],[3.797731,51.44828],[3.80228,51.448688],[3.806783,51.449094]],"type":"LineString"},"id":"cb02803c-a4aa-51eb-8d96-02901af3e54c","properties":{"ASSET_KIND":"official_transmission_line","EVIDENCE":"official","GEOMETRY_CONFIDENCE":"official-top10nl-1:10000-rounded-6dp-no-simplification","HEIGHT_LEVEL":0,"LOCAL_ID":"122083320","MUTATION_TYPE":null,"NAME":null,"NAMESPACE":"NL.TOP10NL","NUMBER":null,"OBJECT_BEGIN_DATE":"2011-08-25","ORIGINAL_ID":"cb02803c-a4aa-51eb-8d96-02901af3e54c","REGION_KEY":"netherlands","REGISTRATION_DATE":"2019-02-01","SOURCE_ACCURACY_M":0.1,"SOURCE_DATE":"2026-06-01","SOURCE_FEATURE_DATE":"2018-01-01","SOURCE_ID":"nl-kadaster-top10nl-high-voltage-2026-06","SOURCE_LICENSE":"CC BY 4.0","SOURCE_METHOD":"luchtfoto","SOURCE_URL":"https://api.pdok.nl/kadaster/brt-top10nl/ogc/v1","TOP10NL_CODE":481,"TOP10NL_TYPE":"hoogspanningsleiding","VISUALISATION_CODE":15210,"VOLTAGE_KV":null},"type":"Feature"},{"geometry":{"coordinates":[[4.490119,52.211023],[4.490255,52.211147],[4.493198,52.213596],[4.496157,52.216056],[4.499101,52.218495],[4.502035,52.220914],[4.504959,52.223372],[4.507885,52.225797],[4.510445,52.227923],[4.513078,52.230089],[4.51562,52.232198],[4.518155,52.234315],[4.522547,52.234945],[4.524053,52.23516],[4.524346,52.235201]],"type":"LineString"},"id":"cb0ca03b-e9a8-5a2c-886c-d6d667dec0eb","properties":{"ASSET_KIND":"official_transmission_line","EVIDENCE":"official","GEOMETRY_CONFIDENCE":"official-top10nl-1:10000-rounded-6dp-no-simplification","HEIGHT_LEVEL":0,"LOCAL_ID":"122082978","MUTATION_TYPE":null,"NAME":null,"NAMESPACE":"NL.TOP10NL","NUMBER":null,"OBJECT_BEGIN_DATE":"2011-08-25","ORIGINAL_ID":"cb0ca03b-e9a8-5a2c-886c-d6d667dec0eb","REGION_KEY":"netherlands","REGISTRATION_DATE":"2019-02-01","SOURCE_ACCURACY_M":0.1,"SOURCE_DATE":"2026-06-01","SOURCE_FEATURE_DATE":"2018-01-01","SOURCE_ID":"nl-kadaster-top10nl-high-voltage-2026-06","SOURCE_LICENSE":"CC BY 4.0","SOURCE_METHOD":"luchtfoto","SOURCE_URL":"https://api.pdok.nl/kadaster/brt-top10nl/ogc/v1","TOP10NL_CODE":481,"TOP10NL_TYPE":"hoogspanningsleiding","VISUALISATION_CODE":15210,"VOLTAGE_KV":null},"type":"Feature"},{"geometry":{"coordinates":[[6.775177,52.274806],[6.773992,52.276198],[6.773113,52.278388],[6.772142,52.280804],[6.771241,52.282962],[6.770274,52.285346],[6.771833,52.286182],[6.774336,52.287534],[6.776685,52.2888]],"type":"LineString"},"id":"cb7f14b4-b63d-595f-83d1-dc5a53d2c0e6","properties":{"ASSET_KIND":"official_transmission_line","EVIDENCE":"official","GEOMETRY_CONFIDENCE":"official-top10nl-1:10000-rounded-6dp-no-simplification","HEIGHT_LEVEL":0,"LOCAL_ID":"122083037","MUTATION_TYPE":null,"NAME":null,"NAMESPACE":"NL.TOP10NL","NUMBER":null,"OBJECT_BEGIN_DATE":"2011-08-25","ORIGINAL_ID":"cb7f14b4-b63d-595f-83d1-dc5a53d2c0e6","REGION_KEY":"netherlands","REGISTRATION_DATE":"2019-02-01","SOURCE_ACCURACY_M":0.1,"SOURCE_DATE":"2026-06-01","SOURCE_FEATURE_DATE":"2018-01-01","SOURCE_ID":"nl-kadaster-top10nl-high-voltage-2026-06","SOURCE_LICENSE":"CC BY 4.0","SOURCE_METHOD":"luchtfoto","SOURCE_URL":"https://api.pdok.nl/kadaster/brt-top10nl/ogc/v1","TOP10NL_CODE":481,"TOP10NL_TYPE":"hoogspanningsleiding","VISUALISATION_CODE":15210,"VOLTAGE_KV":null},"type":"Feature"},{"geometry":{"coordinates":[[4.84158,51.695848],[4.841382,51.696857]],"type":"LineString"},"id":"cb8e87da-ba80-59f2-8e6e-e75b2503b8ad","properties":{"ASSET_KIND":"official_transmission_line","EVIDENCE":"official","GEOMETRY_CONFIDENCE":"official-top10nl-1:10000-rounded-6dp-no-simplification","HEIGHT_LEVEL":0,"LOCAL_ID":"122082947","MUTATION_TYPE":null,"NAME":null,"NAMESPACE":"NL.TOP10NL","NUMBER":null,"OBJECT_BEGIN_DATE":"2011-08-25","ORIGINAL_ID":"cb8e87da-ba80-59f2-8e6e-e75b2503b8ad","REGION_KEY":"netherlands","REGISTRATION_DATE":"2019-02-01","SOURCE_ACCURACY_M":0.1,"SOURCE_DATE":"2026-06-01","SOURCE_FEATURE_DATE":"2018-01-01","SOURCE_ID":"nl-kadaster-top10nl-high-voltage-2026-06","SOURCE_LICENSE":"CC BY 4.0","SOURCE_METHOD":"luchtfoto","SOURCE_URL":"https://api.pdok.nl/kadaster/brt-top10nl/ogc/v1","TOP10NL_CODE":481,"TOP10NL_TYPE":"hoogspanningsleiding","VISUALISATION_CODE":15210,"VOLTAGE_KV":null},"type":"Feature"},{"geometry":{"coordinates":[[5.085567,51.593302],[5.086455,51.593089],[5.089575,51.592347],[5.092699,51.591581],[5.095789,51.590826],[5.098009,51.589994],[5.100723,51.588671],[5.103409,51.587336],[5.106101,51.586051],[5.108802,51.584712],[5.111497,51.583391],[5.114192,51.582066],[5.116923,51.580746],[5.1196,51.579417],[5.121827,51.578325],[5.124339,51.577105],[5.127051,51.575762],[5.13,51.574336],[5.132803,51.572954],[5.134647,51.571792],[5.137041,51.570281],[5.138839,51.56913],[5.141334,51.567566],[5.143525,51.56618],[5.146146,51.564984],[5.148701,51.563793],[5.151334,51.562594],[5.15399,51.561354],[5.156668,51.560116],[5.159412,51.558838],[5.161992,51.557644],[5.164436,51.556494],[5.167333,51.555194],[5.17023,51.553885],[5.173115,51.552525],[5.176365,51.551916],[5.179813,51.551264],[5.183266,51.550609],[5.186841,51.549957],[5.190333,51.549282],[5.193838,51.548638],[5.197348,51.54798],[5.200791,51.547316],[5.204269,51.546685],[5.207765,51.546027],[5.211274,51.545371],[5.214765,51.54471],[5.218252,51.544056],[5.221752,51.543403],[5.224739,51.542219],[5.227717,51.541063],[5.230686,51.539882],[5.233729,51.538715],[5.236601,51.537575],[5.239711,51.53638],[5.242741,51.535168],[5.245798,51.534034],[5.248848,51.532824],[5.251275,51.531869],[5.252764,51.531267],[5.254906,51.530448],[5.257962,51.529234],[5.261005,51.528057],[5.264047,51.526853],[5.267088,51.525677],[5.270124,51.524511],[5.273114,51.52331],[5.276161,51.52212],[5.279191,51.52094],[5.282226,51.519746],[5.285103,51.518734],[5.287912,51.517687],[5.290811,51.516682],[5.293665,51.515653],[5.296548,51.514648],[5.299424,51.513615],[5.302362,51.512574],[5.305171,51.511555],[5.308024,51.510553],[5.310894,51.509527],[5.313781,51.508504],[5.316691,51.507502],[5.31951,51.506454],[5.322335,51.505389],[5.324687,51.504046],[5.326972,51.502699],[5.330561,51.502438],[5.334166,51.502208],[5.337799,51.501904],[5.341381,51.501639],[5.344924,51.501345],[5.348529,51.501111],[5.352117,51.500832],[5.35571,51.500573],[5.359315,51.500314],[5.362892,51.500062],[5.366496,51.499761],[5.370095,51.499484],[5.373694,51.499201],[5.377156,51.498918],[5.380892,51.498643],[5.384462,51.498359],[5.388072,51.498064],[5.391666,51.497787],[5.395247,51.497492],[5.39884,51.497207],[5.401247,51.495922],[5.403124,51.494922],[5.404856,51.49396],[5.406856,51.49231],[5.408756,51.490467],[5.410728,51.488712],[5.411393,51.488086]],"type":"LineString"},"id":"cef0ef3e-b77b-5902-815c-72aa607ad8a6","properties":{"ASSET_KIND":"official_transmission_line","EVIDENCE":"official","GEOMETRY_CONFIDENCE":"official-top10nl-1:10000-rounded-6dp-no-simplification","HEIGHT_LEVEL":0,"LOCAL_ID":"130390333","MUTATION_TYPE":null,"NAME":null,"NAMESPACE":"NL.TOP10NL","NUMBER":null,"OBJECT_BEGIN_DATE":"2018-02-01","ORIGINAL_ID":"cef0ef3e-b77b-5902-815c-72aa607ad8a6","REGION_KEY":"netherlands","REGISTRATION_DATE":"2019-02-01","SOURCE_ACCURACY_M":0.1,"SOURCE_DATE":"2026-06-01","SOURCE_FEATURE_DATE":"2018-01-01","SOURCE_ID":"nl-kadaster-top10nl-high-voltage-2026-06","SOURCE_LICENSE":"CC BY 4.0","SOURCE_METHOD":"luchtfoto","SOURCE_URL":"https://api.pdok.nl/kadaster/brt-top10nl/ogc/v1","TOP10NL_CODE":481,"TOP10NL_TYPE":"hoogspanningsleiding","VISUALISATION_CODE":15210,"VOLTAGE_KV":null},"type":"Feature"},{"geometry":{"coordinates":[[4.67059,52.452165],[4.668461,52.449367],[4.667855,52.445807],[4.671206,52.443689],[4.674742,52.441437],[4.678347,52.439154],[4.681602,52.43707],[4.685219,52.43478],[4.688787,52.432507],[4.692332,52.430247],[4.695797,52.428052],[4.6994,52.425753]],"type":"LineString"},"id":"cf72b836-2872-5162-9b08-76adffd72f57","properties":{"ASSET_KIND":"official_transmission_line","EVIDENCE":"official","GEOMETRY_CONFIDENCE":"official-top10nl-1:10000-rounded-6dp-no-simplification","HEIGHT_LEVEL":0,"LOCAL_ID":"130026679","MUTATION_TYPE":null,"NAME":null,"NAMESPACE":"NL.TOP10NL","NUMBER":null,"OBJECT_BEGIN_DATE":"2017-04-01","ORIGINAL_ID":"cf72b836-2872-5162-9b08-76adffd72f57","REGION_KEY":"netherlands","REGISTRATION_DATE":"2017-04-01","SOURCE_ACCURACY_M":0.1,"SOURCE_DATE":"2026-06-01","SOURCE_FEATURE_DATE":"2016-01-01","SOURCE_ID":"nl-kadaster-top10nl-high-voltage-2026-06","SOURCE_LICENSE":"CC BY 4.0","SOURCE_METHOD":"luchtfoto","SOURCE_URL":"https://api.pdok.nl/kadaster/brt-top10nl/ogc/v1","TOP10NL_CODE":481,"TOP10NL_TYPE":"hoogspanningsleiding","VISUALISATION_CODE":15210,"VOLTAGE_KV":null},"type":"Feature"},{"geometry":{"coordinates":[[4.630672,51.915375],[4.631479,51.916144],[4.63488,51.918719],[4.638268,51.921281],[4.637338,51.923952],[4.634755,51.925763],[4.631359,51.928186],[4.627867,51.930683],[4.622794,51.93426],[4.619483,51.936642],[4.614574,51.940118],[4.610542,51.943498],[4.60669,51.946755],[4.603393,51.949546],[4.60019,51.952256],[4.59709,51.954866],[4.593958,51.957523],[4.590311,51.960592],[4.588682,51.961964]],"type":"LineString"},"id":"d01d2d94-804f-5027-b6e7-34f624f90cb3","properties":{"ASSET_KIND":"official_transmission_line","EVIDENCE":"official","GEOMETRY_CONFIDENCE":"official-top10nl-1:10000-rounded-6dp-no-simplification","HEIGHT_LEVEL":0,"LOCAL_ID":"124681344","MUTATION_TYPE":"werkelijke verandering","NAME":null,"NAMESPACE":"NL.TOP10NL","NUMBER":null,"OBJECT_BEGIN_DATE":"2012-06-01","ORIGINAL_ID":"d01d2d94-804f-5027-b6e7-34f624f90cb3","REGION_KEY":"netherlands","REGISTRATION_DATE":"2021-11-01","SOURCE_ACCURACY_M":0.1,"SOURCE_DATE":"2026-06-01","SOURCE_FEATURE_DATE":"2020-01-01","SOURCE_ID":"nl-kadaster-top10nl-high-voltage-2026-06","SOURCE_LICENSE":"CC BY 4.0","SOURCE_METHOD":"luchtfoto","SOURCE_URL":"https://api.pdok.nl/kadaster/brt-top10nl/ogc/v1","TOP10NL_CODE":481,"TOP10NL_TYPE":"hoogspanningsleiding","VISUALISATION_CODE":15210,"VOLTAGE_KV":null},"type":"Feature"},{"geometry":{"coordinates":[[3.806783,51.449094],[3.809607,51.450285],[3.812424,51.452569],[3.81525,51.454835],[3.818001,51.457051],[3.820581,51.459135],[3.82322,51.461259],[3.826032,51.463524],[3.828694,51.465662],[3.831274,51.467751],[3.83393,51.469879],[3.836578,51.472012],[3.839158,51.47411],[3.841793,51.476204],[3.845529,51.478011],[3.849152,51.479777],[3.852797,51.481543],[3.856164,51.483167],[3.859779,51.484947],[3.863547,51.486758],[3.863747,51.48929],[3.863595,51.490212]],"type":"LineString"},"id":"d05d197f-2b90-5a02-be3d-81eb40688246","properties":{"ASSET_KIND":"official_transmission_line","EVIDENCE":"official","GEOMETRY_CONFIDENCE":"official-top10nl-1:10000-rounded-6dp-no-simplification","HEIGHT_LEVEL":0,"LOCAL_ID":"122083248","MUTATION_TYPE":null,"NAME":null,"NAMESPACE":"NL.TOP10NL","NUMBER":null,"OBJECT_BEGIN_DATE":"2011-08-25","ORIGINAL_ID":"d05d197f-2b90-5a02-be3d-81eb40688246","REGION_KEY":"netherlands","REGISTRATION_DATE":"2019-02-01","SOURCE_ACCURACY_M":0.1,"SOURCE_DATE":"2026-06-01","SOURCE_FEATURE_DATE":"2018-01-01","SOURCE_ID":"nl-kadaster-top10nl-high-voltage-2026-06","SOURCE_LICENSE":"CC BY 4.0","SOURCE_METHOD":"luchtfoto","SOURCE_URL":"https://api.pdok.nl/kadaster/brt-top10nl/ogc/v1","TOP10NL_CODE":481,"TOP10NL_TYPE":"hoogspanningsleiding","VISUALISATION_CODE":15210,"VOLTAGE_KV":null},"type":"Feature"},{"geometry":{"coordinates":[[6.476331,52.740477],[6.476004,52.738766],[6.47369,52.737772],[6.472078,52.736903],[6.471318,52.736494],[6.471173,52.736415],[6.470719,52.736165],[6.46764,52.734463],[6.467305,52.734278],[6.465837,52.73348],[6.465743,52.733429],[6.465417,52.733251],[6.464533,52.732771],[6.460773,52.730691],[6.458314,52.729363],[6.45434,52.728548],[6.450148,52.727705],[6.445934,52.726845],[6.441699,52.725999],[6.439024,52.725457],[6.437507,52.725149],[6.437411,52.725129],[6.435457,52.724721],[6.434493,52.72452],[6.434069,52.723618],[6.433069,52.72149],[6.431673,52.718493],[6.430253,52.715397],[6.428752,52.71211],[6.427368,52.709139],[6.425925,52.705994],[6.424632,52.703155],[6.423168,52.700026],[6.421773,52.696999],[6.420372,52.693966],[6.418998,52.690919],[6.417683,52.68806],[6.414416,52.685572],[6.411133,52.683082],[6.408194,52.680839],[6.404928,52.678335],[6.401657,52.675857],[6.398641,52.673568],[6.394449,52.671727],[6.390246,52.669882],[6.386039,52.668037],[6.381837,52.666212],[6.377624,52.664363],[6.373412,52.662515],[6.37044,52.661213],[6.369206,52.660672],[6.368918,52.660546],[6.368248,52.66025],[6.368215,52.660236],[6.368147,52.660206],[6.36807,52.660172],[6.365225,52.658918],[6.36501,52.658823],[6.360794,52.656971],[6.356589,52.655152],[6.352367,52.653292],[6.349496,52.65069],[6.347864,52.649208],[6.347059,52.648476],[6.347012,52.648434],[6.346981,52.648405],[6.34696,52.648387],[6.346941,52.64837],[6.346904,52.648335],[6.346614,52.648072],[6.345978,52.647495],[6.345152,52.646745],[6.343732,52.645457],[6.340851,52.642868],[6.33797,52.640253],[6.3351,52.637647],[6.33222,52.635051],[6.329401,52.632482],[6.326451,52.629863],[6.323528,52.627254],[6.320583,52.624626],[6.317667,52.62205],[6.314746,52.619448],[6.311857,52.616842],[6.308942,52.614232],[6.306049,52.611656],[6.305838,52.6116],[6.304405,52.611217],[6.303147,52.61088],[6.302874,52.610807],[6.301377,52.610407],[6.301307,52.610388],[6.299858,52.609996],[6.296593,52.609114],[6.291885,52.607842],[6.287145,52.60658],[6.282426,52.605298],[6.277685,52.604016],[6.272951,52.602747],[6.268255,52.601488],[6.263527,52.600212],[6.258782,52.598939],[6.25406,52.597666],[6.249616,52.596464],[6.245883,52.594286],[6.24216,52.592108],[6.238427,52.589947],[6.234689,52.587765],[6.230962,52.58559],[6.22723,52.583412],[6.22504,52.580581],[6.222857,52.577785],[6.220668,52.574957],[6.21849,52.572129],[6.216291,52.569304],[6.214092,52.566479],[6.211898,52.563637],[6.209904,52.560728],[6.207884,52.557842],[6.205875,52.554939],[6.203877,52.552056],[6.20189,52.549147],[6.199881,52.546244],[6.197878,52.543331],[6.195876,52.540445],[6.193879,52.537535],[6.191878,52.534659],[6.189795,52.531763],[6.189522,52.531384],[6.188886,52.531332]],"type":"LineString"},"id":"d2048cab-f99f-5580-a4ca-71dec806b454","properties":{"ASSET_KIND":"official_transmission_line","EVIDENCE":"official","GEOMETRY_CONFIDENCE":"official-top10nl-1:10000-rounded-6dp-no-simplification","HEIGHT_LEVEL":0,"LOCAL_ID":"132080893","MUTATION_TYPE":"kwaliteitsverbetering","NAME":null,"NAMESPACE":"NL.TOP10NL","NUMBER":null,"OBJECT_BEGIN_DATE":"2024-02-01","ORIGINAL_ID":"d2048cab-f99f-5580-a4ca-71dec806b454","REGION_KEY":"netherlands","REGISTRATION_DATE":"2024-02-01","SOURCE_ACCURACY_M":0.1,"SOURCE_DATE":"2026-06-01","SOURCE_FEATURE_DATE":"2022-01-01","SOURCE_ID":"nl-kadaster-top10nl-high-voltage-2026-06","SOURCE_LICENSE":"CC BY 4.0","SOURCE_METHOD":"luchtfoto","SOURCE_URL":"https://api.pdok.nl/kadaster/brt-top10nl/ogc/v1","TOP10NL_CODE":481,"TOP10NL_TYPE":"hoogspanningsleiding","VISUALISATION_CODE":15210,"VOLTAGE_KV":null},"type":"Feature"},{"geometry":{"coordinates":[[3.729278,51.435028],[3.729799,51.435142],[3.733763,51.436173]],"type":"LineString"},"id":"d36b0f47-789a-58b6-a413-47759983f032","properties":{"ASSET_KIND":"official_transmission_line","EVIDENCE":"official","GEOMETRY_CONFIDENCE":"official-top10nl-1:10000-rounded-6dp-no-simplification","HEIGHT_LEVEL":0,"LOCAL_ID":"122082916","MUTATION_TYPE":null,"NAME":null,"NAMESPACE":"NL.TOP10NL","NUMBER":null,"OBJECT_BEGIN_DATE":"2011-08-25","ORIGINAL_ID":"d36b0f47-789a-58b6-a413-47759983f032","REGION_KEY":"netherlands","REGISTRATION_DATE":"2019-02-01","SOURCE_ACCURACY_M":0.1,"SOURCE_DATE":"2026-06-01","SOURCE_FEATURE_DATE":"2018-01-01","SOURCE_ID":"nl-kadaster-top10nl-high-voltage-2026-06","SOURCE_LICENSE":"CC BY 4.0","SOURCE_METHOD":"luchtfoto","SOURCE_URL":"https://api.pdok.nl/kadaster/brt-top10nl/ogc/v1","TOP10NL_CODE":481,"TOP10NL_TYPE":"hoogspanningsleiding","VISUALISATION_CODE":15210,"VOLTAGE_KV":null},"type":"Feature"},{"geometry":{"coordinates":[[4.219512,51.42468],[4.221609,51.425],[4.223932,51.426312],[4.22504,51.428408],[4.226349,51.430647],[4.231983,51.43134],[4.236576,51.431888],[4.242031,51.432542],[4.243877,51.435002],[4.244262,51.435514],[4.244399,51.435697],[4.244492,51.435821],[4.244386,51.436133],[4.243312,51.439287],[4.243171,51.4397],[4.241826,51.443557],[4.240504,51.447436],[4.239223,51.451123],[4.239189,51.451219],[4.239178,51.451251],[4.239158,51.451308],[4.237824,51.455172],[4.2377,51.455736],[4.237038,51.458742],[4.236171,51.462648],[4.235315,51.466592],[4.234435,51.470513],[4.233592,51.47439],[4.232712,51.478311],[4.231856,51.482225],[4.230963,51.486161],[4.230174,51.48982],[4.232435,51.493495],[4.234832,51.497524],[4.237116,51.501281],[4.239712,51.505086],[4.242052,51.508529],[4.244522,51.511666],[4.24705,51.514848],[4.249566,51.518045],[4.25241,51.521125],[4.252771,51.524511],[4.253132,51.527844],[4.253462,51.53102],[4.253787,51.533888],[4.254125,51.537228],[4.254475,51.540554],[4.258341,51.541784],[4.262243,51.543014],[4.267047,51.543293],[4.271912,51.543557],[4.276164,51.543792],[4.281913,51.543794],[4.287385,51.543808],[4.292858,51.543815],[4.298619,51.543816],[4.304392,51.543832],[4.310085,51.543622],[4.31584,51.543413],[4.321558,51.543195],[4.326911,51.544174],[4.332253,51.545152],[4.337558,51.54613],[4.342889,51.5471],[4.348387,51.548109],[4.353526,51.549039],[4.358953,51.55001],[4.364067,51.550977],[4.369015,51.551883],[4.374059,51.552812],[4.379427,51.553788],[4.384987,51.554788],[4.390534,51.555811],[4.396119,51.556818],[4.401655,51.557832],[4.40724,51.558847],[4.412249,51.559759],[4.417277,51.560955],[4.422329,51.562167],[4.427429,51.563357],[4.432458,51.564553],[4.436969,51.565174],[4.441493,51.565781],[4.447133,51.566531],[4.449677,51.566897],[4.454459,51.567835],[4.459109,51.568757],[4.463129,51.571069],[4.466864,51.573251],[4.471087,51.575714],[4.475298,51.578154],[4.478102,51.581213],[4.480927,51.5843],[4.483733,51.587377],[4.486279,51.590128],[4.489107,51.593218],[4.490769,51.593955],[4.494058,51.595344],[4.495562,51.598546],[4.497164,51.601968],[4.498751,51.605409],[4.500188,51.608448],[4.501423,51.611081],[4.502921,51.614283],[4.504247,51.617087],[4.505225,51.619196],[4.509545,51.621599],[4.51355,51.623452],[4.518057,51.625546],[4.522578,51.627654],[4.52695,51.629679],[4.531602,51.631828],[4.535721,51.634243],[4.539776,51.636675],[4.543645,51.638971],[4.5473,51.641139],[4.551192,51.643426],[4.555012,51.645707],[4.558832,51.647984],[4.56269,51.650243],[4.567727,51.652045],[4.572273,51.653658],[4.576748,51.655235],[4.581313,51.656831],[4.585824,51.658431],[4.590075,51.659962],[4.595215,51.661318],[4.600445,51.66272],[4.6051,51.663949],[4.609025,51.664988],[4.613769,51.666274],[4.61829,51.667445],[4.623364,51.669081],[4.628519,51.67074],[4.633648,51.672354],[4.638786,51.674012],[4.64397,51.675632],[4.649136,51.67729],[4.654275,51.678919],[4.659387,51.68056],[4.664527,51.682195],[4.666688,51.6829],[4.669695,51.683835],[4.674845,51.685469],[4.679986,51.687098],[4.68413,51.687388],[4.689117,51.687648],[4.694098,51.687936],[4.699071,51.688218],[4.704701,51.68869],[4.710304,51.689178],[4.716036,51.68956],[4.721813,51.689964],[4.727553,51.690345],[4.729174,51.691502],[4.732748,51.694058],[4.738498,51.694461],[4.743833,51.694817],[4.74847,51.692683],[4.754148,51.693068],[4.759717,51.693446],[4.765558,51.693838],[4.771182,51.694227],[4.776933,51.694612],[4.782231,51.694965],[4.787982,51.695366],[4.793706,51.695744],[4.799385,51.696121],[4.805073,51.696504],[4.810751,51.696892],[4.816485,51.697274],[4.822164,51.697656],[4.827349,51.699189],[4.830506,51.700158]],"type":"LineString"},"id":"d3980859-e0aa-5c7f-be49-9957d36ba460","properties":{"ASSET_KIND":"official_transmission_line","EVIDENCE":"official","GEOMETRY_CONFIDENCE":"official-top10nl-1:10000-rounded-6dp-no-simplification","HEIGHT_LEVEL":0,"LOCAL_ID":"122083202","MUTATION_TYPE":"kwaliteitsverbetering","NAME":null,"NAMESPACE":"NL.TOP10NL","NUMBER":null,"OBJECT_BEGIN_DATE":"2011-08-25","ORIGINAL_ID":"d3980859-e0aa-5c7f-be49-9957d36ba460","REGION_KEY":"netherlands","REGISTRATION_DATE":"2021-09-01","SOURCE_ACCURACY_M":0.1,"SOURCE_DATE":"2026-06-01","SOURCE_FEATURE_DATE":"2020-01-01","SOURCE_ID":"nl-kadaster-top10nl-high-voltage-2026-06","SOURCE_LICENSE":"CC BY 4.0","SOURCE_METHOD":"luchtfoto","SOURCE_URL":"https://api.pdok.nl/kadaster/brt-top10nl/ogc/v1","TOP10NL_CODE":481,"TOP10NL_TYPE":"hoogspanningsleiding","VISUALISATION_CODE":15210,"VOLTAGE_KV":null},"type":"Feature"},{"geometry":{"coordinates":[[5.578007,52.006215],[5.577357,52.006755],[5.574831,52.009096],[5.572457,52.011245],[5.569642,52.01382],[5.566263,52.015321],[5.562872,52.016793],[5.559458,52.018304],[5.556033,52.0198],[5.552675,52.02123],[5.5509,52.02219],[5.548284,52.023699],[5.547379,52.023995]],"type":"LineString"},"id":"d3c0391d-90ad-58ca-931d-0ba3f6bf6037","properties":{"ASSET_KIND":"official_transmission_line","EVIDENCE":"official","GEOMETRY_CONFIDENCE":"official-top10nl-1:10000-rounded-6dp-no-simplification","HEIGHT_LEVEL":0,"LOCAL_ID":"122082912","MUTATION_TYPE":null,"NAME":null,"NAMESPACE":"NL.TOP10NL","NUMBER":null,"OBJECT_BEGIN_DATE":"2011-08-25","ORIGINAL_ID":"d3c0391d-90ad-58ca-931d-0ba3f6bf6037","REGION_KEY":"netherlands","REGISTRATION_DATE":"2019-02-01","SOURCE_ACCURACY_M":0.1,"SOURCE_DATE":"2026-06-01","SOURCE_FEATURE_DATE":"2018-01-01","SOURCE_ID":"nl-kadaster-top10nl-high-voltage-2026-06","SOURCE_LICENSE":"CC BY 4.0","SOURCE_METHOD":"luchtfoto","SOURCE_URL":"https://api.pdok.nl/kadaster/brt-top10nl/ogc/v1","TOP10NL_CODE":481,"TOP10NL_TYPE":"hoogspanningsleiding","VISUALISATION_CODE":15210,"VOLTAGE_KV":null},"type":"Feature"},{"geometry":{"coordinates":[[5.804009,50.979449],[5.804207,50.979218]],"type":"LineString"},"id":"d4038089-59eb-59c2-82b2-6f3f18ddc3e5","properties":{"ASSET_KIND":"official_transmission_line","EVIDENCE":"official","GEOMETRY_CONFIDENCE":"official-top10nl-1:10000-rounded-6dp-no-simplification","HEIGHT_LEVEL":0,"LOCAL_ID":"127268579","MUTATION_TYPE":null,"NAME":null,"NAMESPACE":"NL.TOP10NL","NUMBER":null,"OBJECT_BEGIN_DATE":"2014-03-29","ORIGINAL_ID":"d4038089-59eb-59c2-82b2-6f3f18ddc3e5","REGION_KEY":"netherlands","REGISTRATION_DATE":"2014-03-29","SOURCE_ACCURACY_M":0.1,"SOURCE_DATE":"2026-06-01","SOURCE_FEATURE_DATE":"2013-01-01","SOURCE_ID":"nl-kadaster-top10nl-high-voltage-2026-06","SOURCE_LICENSE":"CC BY 4.0","SOURCE_METHOD":"luchtfoto","SOURCE_URL":"https://api.pdok.nl/kadaster/brt-top10nl/ogc/v1","TOP10NL_CODE":481,"TOP10NL_TYPE":"hoogspanningsleiding","VISUALISATION_CODE":15210,"VOLTAGE_KV":null},"type":"Feature"},{"geometry":{"coordinates":[[4.152583,51.945668],[4.152606,51.945398],[4.152653,51.943435],[4.15271,51.941348],[4.152774,51.93901],[4.152075,51.936566],[4.147604,51.935804],[4.141413,51.934737],[4.137288,51.934537],[4.133006,51.935846],[4.129567,51.93648],[4.125801,51.937173],[4.122027,51.937861],[4.118776,51.938474],[4.114879,51.939188],[4.111177,51.939872],[4.105906,51.939014],[4.102742,51.936579],[4.098979,51.933724],[4.094748,51.934233],[4.090929,51.934698],[4.087083,51.935153],[4.082677,51.935695],[4.07817,51.935548],[4.074005,51.935414],[4.069447,51.935233],[4.064611,51.934138],[4.060251,51.933121],[4.055881,51.932103],[4.051521,51.931095],[4.047131,51.930073],[4.043764,51.929281],[4.039383,51.928272],[4.037157,51.928724],[4.035503,51.931454],[4.033755,51.934339],[4.032011,51.937257],[4.030231,51.940122],[4.028471,51.94301],[4.026722,51.945899],[4.024973,51.948793],[4.02323,51.951723],[4.023177,51.951811],[4.023222,51.953192],[4.023229,51.953407],[4.023236,51.953624],[4.023244,51.953855],[4.023245,51.953906],[4.023246,51.953935],[4.023249,51.954024],[4.023254,51.954166],[4.023259,51.954318],[4.022571,51.955412]],"type":"LineString"},"id":"d4397108-a9a8-5db3-86cf-2f82913d6034","properties":{"ASSET_KIND":"official_transmission_line","EVIDENCE":"official","GEOMETRY_CONFIDENCE":"official-top10nl-1:10000-rounded-6dp-no-simplification","HEIGHT_LEVEL":0,"LOCAL_ID":"122082905","MUTATION_TYPE":null,"NAME":null,"NAMESPACE":"NL.TOP10NL","NUMBER":null,"OBJECT_BEGIN_DATE":"2011-08-25","ORIGINAL_ID":"d4397108-a9a8-5db3-86cf-2f82913d6034","REGION_KEY":"netherlands","REGISTRATION_DATE":"2019-02-01","SOURCE_ACCURACY_M":0.1,"SOURCE_DATE":"2026-06-01","SOURCE_FEATURE_DATE":"2018-01-01","SOURCE_ID":"nl-kadaster-top10nl-high-voltage-2026-06","SOURCE_LICENSE":"CC BY 4.0","SOURCE_METHOD":"luchtfoto","SOURCE_URL":"https://api.pdok.nl/kadaster/brt-top10nl/ogc/v1","TOP10NL_CODE":481,"TOP10NL_TYPE":"hoogspanningsleiding","VISUALISATION_CODE":15210,"VOLTAGE_KV":null},"type":"Feature"},{"geometry":{"coordinates":[[5.454469,51.872628],[5.456135,51.872223],[5.461137,51.871994],[5.466111,51.871766],[5.471113,51.871531],[5.476106,51.871308],[5.481108,51.871066],[5.48613,51.870843],[5.490969,51.870619],[5.495799,51.870383],[5.500504,51.870154],[5.50542,51.869935],[5.509935,51.870506],[5.514604,51.8711],[5.519225,51.871676],[5.523731,51.872241],[5.528688,51.872864],[5.533981,51.873557],[5.539136,51.873159],[5.544119,51.872809],[5.549236,51.87244],[5.554266,51.872071],[5.559315,51.871708],[5.564365,51.87135],[5.568929,51.871936],[5.573522,51.872516],[5.578106,51.873102],[5.57872,51.872833]],"type":"LineString"},"id":"d4fcd9a5-a198-5944-8364-9bf0ca98d98f","properties":{"ASSET_KIND":"official_transmission_line","EVIDENCE":"official","GEOMETRY_CONFIDENCE":"official-top10nl-1:10000-rounded-6dp-no-simplification","HEIGHT_LEVEL":0,"LOCAL_ID":"122083050","MUTATION_TYPE":null,"NAME":null,"NAMESPACE":"NL.TOP10NL","NUMBER":null,"OBJECT_BEGIN_DATE":"2011-08-25","ORIGINAL_ID":"d4fcd9a5-a198-5944-8364-9bf0ca98d98f","REGION_KEY":"netherlands","REGISTRATION_DATE":"2019-02-01","SOURCE_ACCURACY_M":0.1,"SOURCE_DATE":"2026-06-01","SOURCE_FEATURE_DATE":"2018-01-01","SOURCE_ID":"nl-kadaster-top10nl-high-voltage-2026-06","SOURCE_LICENSE":"CC BY 4.0","SOURCE_METHOD":"luchtfoto","SOURCE_URL":"https://api.pdok.nl/kadaster/brt-top10nl/ogc/v1","TOP10NL_CODE":481,"TOP10NL_TYPE":"hoogspanningsleiding","VISUALISATION_CODE":15210,"VOLTAGE_KV":null},"type":"Feature"},{"geometry":{"coordinates":[[5.056103,52.064984],[5.05742,52.067909],[5.058424,52.070149]],"type":"LineString"},"id":"d652633c-bb5e-53dd-8bb3-915a1bba3d74","properties":{"ASSET_KIND":"official_transmission_line","EVIDENCE":"official","GEOMETRY_CONFIDENCE":"official-top10nl-1:10000-rounded-6dp-no-simplification","HEIGHT_LEVEL":0,"LOCAL_ID":"131985900","MUTATION_TYPE":"werkelijke verandering","NAME":null,"NAMESPACE":"NL.TOP10NL","NUMBER":null,"OBJECT_BEGIN_DATE":"2023-06-01","ORIGINAL_ID":"d652633c-bb5e-53dd-8bb3-915a1bba3d74","REGION_KEY":"netherlands","REGISTRATION_DATE":"2023-06-01","SOURCE_ACCURACY_M":0.1,"SOURCE_DATE":"2026-06-01","SOURCE_FEATURE_DATE":"2022-01-01","SOURCE_ID":"nl-kadaster-top10nl-high-voltage-2026-06","SOURCE_LICENSE":"CC BY 4.0","SOURCE_METHOD":"luchtfoto","SOURCE_URL":"https://api.pdok.nl/kadaster/brt-top10nl/ogc/v1","TOP10NL_CODE":481,"TOP10NL_TYPE":"hoogspanningsleiding","VISUALISATION_CODE":15210,"VOLTAGE_KV":null},"type":"Feature"},{"geometry":{"coordinates":[[5.264567,52.057266],[5.264138,52.057005],[5.261355,52.055241],[5.256697,52.055079],[5.25106,52.054877],[5.250188,52.055067],[5.245968,52.055985],[5.245084,52.056195],[5.244632,52.056303],[5.244346,52.05637],[5.244241,52.056395],[5.244229,52.056398],[5.244179,52.05641],[5.244062,52.056438],[5.244009,52.05645],[5.244007,52.056451],[5.243956,52.056463],[5.242123,52.056898],[5.242003,52.056927],[5.241934,52.056943],[5.241866,52.056959],[5.241227,52.057111],[5.236391,52.057643],[5.231189,52.057521],[5.226484,52.056599],[5.222018,52.055178],[5.21762,52.053712],[5.212487,52.053526],[5.207473,52.053379],[5.20238,52.053165],[5.197417,52.053014],[5.192324,52.052838],[5.187673,52.052659],[5.182619,52.052486],[5.177589,52.05231],[5.172558,52.052133],[5.167522,52.051949],[5.162486,52.051765],[5.157364,52.051587],[5.153093,52.051443],[5.14804,52.051244],[5.145513,52.051162],[5.144535,52.051129],[5.144455,52.051126],[5.144387,52.051124],[5.144025,52.051111],[5.143904,52.051107],[5.143782,52.051103],[5.143687,52.0511],[5.143551,52.051095],[5.143436,52.051091],[5.143358,52.051089],[5.14326,52.051085],[5.143211,52.051084],[5.14315,52.051082],[5.143048,52.051078],[5.14287,52.051072],[5.142448,52.051058],[5.142338,52.051054],[5.141464,52.051022],[5.14143,52.051021],[5.140606,52.050991],[5.140457,52.050985],[5.140249,52.050978],[5.140237,52.050977],[5.140165,52.050975],[5.139847,52.050963],[5.139389,52.050947],[5.139228,52.050941],[5.134795,52.050783],[5.12989,52.050573],[5.125001,52.050405],[5.120877,52.05024],[5.115904,52.049969],[5.111322,52.049679],[5.107415,52.049418],[5.103512,52.049168],[5.100109,52.04895],[5.095469,52.04976],[5.09088,52.050545],[5.086212,52.051336],[5.081934,52.052108],[5.07726,52.052882],[5.072642,52.053683],[5.067996,52.054474],[5.064137,52.055159],[5.062376,52.057327],[5.060141,52.060035],[5.057899,52.062774],[5.056103,52.064984]],"type":"LineString"},"id":"d6a85550-9b5d-5e76-87b8-8868026e795e","properties":{"ASSET_KIND":"official_transmission_line","EVIDENCE":"official","GEOMETRY_CONFIDENCE":"official-top10nl-1:10000-rounded-6dp-no-simplification","HEIGHT_LEVEL":0,"LOCAL_ID":"130985389","MUTATION_TYPE":null,"NAME":null,"NAMESPACE":"NL.TOP10NL","NUMBER":null,"OBJECT_BEGIN_DATE":"2019-09-01","ORIGINAL_ID":"d6a85550-9b5d-5e76-87b8-8868026e795e","REGION_KEY":"netherlands","REGISTRATION_DATE":"2019-09-01","SOURCE_ACCURACY_M":0.1,"SOURCE_DATE":"2026-06-01","SOURCE_FEATURE_DATE":"2018-01-01","SOURCE_ID":"nl-kadaster-top10nl-high-voltage-2026-06","SOURCE_LICENSE":"CC BY 4.0","SOURCE_METHOD":"luchtfoto","SOURCE_URL":"https://api.pdok.nl/kadaster/brt-top10nl/ogc/v1","TOP10NL_CODE":481,"TOP10NL_TYPE":"hoogspanningsleiding","VISUALISATION_CODE":15210,"VOLTAGE_KV":null},"type":"Feature"},{"geometry":{"coordinates":[[4.282217,51.863361],[4.282289,51.863211],[4.279294,51.860667],[4.276804,51.85857],[4.272764,51.857848],[4.268827,51.857131],[4.264208,51.856294],[4.260405,51.855604],[4.256142,51.854835],[4.252504,51.85575],[4.248695,51.856716],[4.244959,51.857675],[4.24129,51.858589],[4.236736,51.859735],[4.23223,51.86087],[4.229624,51.862219],[4.227012,51.863534],[4.22352,51.865336],[4.221362,51.866411],[4.217883,51.868168],[4.214507,51.869896],[4.211206,51.871546],[4.207664,51.873365],[4.204183,51.875133],[4.200806,51.876861],[4.197436,51.878577],[4.194021,51.880315],[4.191229,51.88171],[4.188559,51.883072],[4.183848,51.883595],[4.179148,51.884125],[4.175989,51.884476],[4.172921,51.884816],[4.169656,51.885713],[4.166115,51.886679],[4.16282,51.887573],[4.15983,51.888383],[4.156432,51.889324],[4.154438,51.891003],[4.152396,51.892691],[4.150362,51.894437],[4.147684,51.896694],[4.144963,51.898972],[4.142339,51.901167],[4.139913,51.903208],[4.139446,51.903603],[4.138786,51.904161],[4.138283,51.904587],[4.138187,51.904669],[4.137632,51.905138],[4.137465,51.905279],[4.137441,51.905298],[4.136685,51.905934],[4.13541,51.907005],[4.132542,51.909422],[4.130411,51.911206],[4.128485,51.913769],[4.126852,51.915961],[4.125424,51.917891],[4.124256,51.919479],[4.124108,51.919671]],"type":"LineString"},"id":"d77f8467-7cc4-5c8d-b7be-aff877568153","properties":{"ASSET_KIND":"official_transmission_line","EVIDENCE":"official","GEOMETRY_CONFIDENCE":"official-top10nl-1:10000-rounded-6dp-no-simplification","HEIGHT_LEVEL":0,"LOCAL_ID":"131334491","MUTATION_TYPE":"kwaliteitsverbetering","NAME":null,"NAMESPACE":"NL.TOP10NL","NUMBER":null,"OBJECT_BEGIN_DATE":"2021-02-01","ORIGINAL_ID":"d77f8467-7cc4-5c8d-b7be-aff877568153","REGION_KEY":"netherlands","REGISTRATION_DATE":"2021-02-01","SOURCE_ACCURACY_M":0.1,"SOURCE_DATE":"2026-06-01","SOURCE_FEATURE_DATE":"2019-01-01","SOURCE_ID":"nl-kadaster-top10nl-high-voltage-2026-06","SOURCE_LICENSE":"CC BY 4.0","SOURCE_METHOD":"luchtfoto","SOURCE_URL":"https://api.pdok.nl/kadaster/brt-top10nl/ogc/v1","TOP10NL_CODE":481,"TOP10NL_TYPE":"hoogspanningsleiding","VISUALISATION_CODE":15210,"VOLTAGE_KV":null},"type":"Feature"},{"geometry":{"coordinates":[[5.723733,52.848409],[5.724455,52.848348],[5.724601,52.848264],[5.724719,52.848197],[5.724993,52.848041],[5.725015,52.848029],[5.725065,52.848],[5.725111,52.847974],[5.725178,52.847936],[5.725251,52.847894],[5.725282,52.847876],[5.725304,52.847864],[5.725466,52.847772],[5.725497,52.847754],[5.725528,52.847736],[5.725764,52.847602],[5.725931,52.847501],[5.726009,52.847454],[5.726208,52.847335],[5.729401,52.845414],[5.733068,52.843209],[5.736581,52.841079],[5.740276,52.838849],[5.743953,52.836604],[5.747659,52.834401],[5.751341,52.832178],[5.75504,52.829947],[5.758722,52.827723],[5.762408,52.825474],[5.766118,52.823271],[5.769787,52.821047],[5.773373,52.818887],[5.777034,52.816627],[5.780737,52.814402],[5.784398,52.81222],[5.788059,52.809988],[5.791731,52.807767],[5.795379,52.805513],[5.799085,52.80332],[5.802756,52.801109],[5.806433,52.798873],[5.810103,52.796647],[5.813761,52.794418],[5.81746,52.792196],[5.821123,52.789991],[5.824821,52.78774],[5.828507,52.785503],[5.832058,52.783352],[5.836064,52.7809],[5.839463,52.778874],[5.843136,52.776648],[5.846814,52.774421],[5.84836,52.773721],[5.851007,52.772524],[5.851449,52.772325],[5.851491,52.772306],[5.851536,52.772285],[5.851586,52.772263],[5.851619,52.772248],[5.85472,52.770849],[5.855188,52.770638],[5.859369,52.768755],[5.863315,52.766976],[5.867484,52.765097],[5.870007,52.763959],[5.871096,52.763465],[5.871693,52.763202],[5.875884,52.761308],[5.880087,52.759407],[5.884236,52.757548],[5.888403,52.755675],[5.892552,52.753784],[5.896712,52.751917],[5.900848,52.750037],[5.905049,52.748159],[5.909196,52.746278],[5.913355,52.744397],[5.917507,52.742516],[5.91884,52.739473],[5.920156,52.736437],[5.921471,52.733412],[5.922822,52.730373],[5.92416,52.727319],[5.925463,52.724276],[5.926795,52.721229],[5.928121,52.718176],[5.92947,52.715122],[5.930785,52.712129],[5.932128,52.709086],[5.933384,52.706146],[5.934664,52.703214],[5.93599,52.70025],[5.935922,52.697199],[5.935861,52.694162],[5.935788,52.691125],[5.935732,52.688085],[5.935677,52.685055],[5.935624,52.682743]],"type":"LineString"},"id":"d7c1aadd-dda6-59a4-ab7a-56e17b0c494b","properties":{"ASSET_KIND":"official_transmission_line","EVIDENCE":"official","GEOMETRY_CONFIDENCE":"official-top10nl-1:10000-rounded-6dp-no-simplification","HEIGHT_LEVEL":0,"LOCAL_ID":"132161370","MUTATION_TYPE":"werkelijke verandering","NAME":null,"NAMESPACE":"NL.TOP10NL","NUMBER":null,"OBJECT_BEGIN_DATE":"2024-04-01","ORIGINAL_ID":"d7c1aadd-dda6-59a4-ab7a-56e17b0c494b","REGION_KEY":"netherlands","REGISTRATION_DATE":"2024-04-01","SOURCE_ACCURACY_M":0.1,"SOURCE_DATE":"2026-06-01","SOURCE_FEATURE_DATE":"2023-01-01","SOURCE_ID":"nl-kadaster-top10nl-high-voltage-2026-06","SOURCE_LICENSE":"CC BY 4.0","SOURCE_METHOD":"luchtfoto","SOURCE_URL":"https://api.pdok.nl/kadaster/brt-top10nl/ogc/v1","TOP10NL_CODE":481,"TOP10NL_TYPE":"hoogspanningsleiding","VISUALISATION_CODE":15210,"VOLTAGE_KV":null},"type":"Feature"},{"geometry":{"coordinates":[[4.836498,52.633695],[4.83722,52.634422],[4.842228,52.635435],[4.847481,52.636491],[4.852805,52.637558],[4.857498,52.638494],[4.862432,52.638382],[4.867603,52.638265],[4.871807,52.638155],[4.877568,52.63802],[4.882529,52.637896],[4.887941,52.638256],[4.893538,52.638617],[4.899055,52.638976],[4.904556,52.639336],[4.910443,52.639713],[4.916321,52.640084],[4.922182,52.640476],[4.92807,52.640852],[4.93372,52.641226],[4.939598,52.641607],[4.94459,52.641931],[4.949836,52.642266],[4.955618,52.64264],[4.960821,52.64298],[4.965966,52.644742],[4.97098,52.646444],[4.976152,52.648206],[4.981334,52.649925],[4.986068,52.651594],[4.991224,52.65336],[4.996371,52.65511],[5.000265,52.656444],[5.00544,52.658194],[5.010606,52.659959],[5.015755,52.661725],[5.020922,52.663484],[5.026071,52.665228],[5.030748,52.66682],[5.035126,52.668304],[5.039259,52.669712],[5.041936,52.671811],[5.044205,52.674177],[5.047255,52.676897],[5.051897,52.678633],[5.056548,52.680368],[5.061227,52.682087],[5.065984,52.683849],[5.070715,52.685611],[5.075649,52.687443],[5.080645,52.689296],[5.085132,52.690944],[5.089004,52.692382],[5.09343,52.69403],[5.097646,52.695591],[5.101238,52.696916],[5.10617,52.696569],[5.110654,52.696248],[5.115119,52.695942],[5.115871,52.695877]],"type":"LineString"},"id":"d7ee48ce-1668-5f95-aa03-67819511d4d2","properties":{"ASSET_KIND":"official_transmission_line","EVIDENCE":"official","GEOMETRY_CONFIDENCE":"official-top10nl-1:10000-rounded-6dp-no-simplification","HEIGHT_LEVEL":0,"LOCAL_ID":"130311257","MUTATION_TYPE":null,"NAME":null,"NAMESPACE":"NL.TOP10NL","NUMBER":null,"OBJECT_BEGIN_DATE":"2017-11-01","ORIGINAL_ID":"d7ee48ce-1668-5f95-aa03-67819511d4d2","REGION_KEY":"netherlands","REGISTRATION_DATE":"2019-02-01","SOURCE_ACCURACY_M":0.1,"SOURCE_DATE":"2026-06-01","SOURCE_FEATURE_DATE":"2018-01-01","SOURCE_ID":"nl-kadaster-top10nl-high-voltage-2026-06","SOURCE_LICENSE":"CC BY 4.0","SOURCE_METHOD":"luchtfoto","SOURCE_URL":"https://api.pdok.nl/kadaster/brt-top10nl/ogc/v1","TOP10NL_CODE":481,"TOP10NL_TYPE":"hoogspanningsleiding","VISUALISATION_CODE":15210,"VOLTAGE_KV":null},"type":"Feature"},{"geometry":{"coordinates":[[4.83966,51.702033],[4.840167,51.700875],[4.840694,51.699623],[4.84126,51.698306],[4.841846,51.696907]],"type":"LineString"},"id":"d9a33fa9-5715-58ae-a99a-3f653dc2bf82","properties":{"ASSET_KIND":"official_transmission_line","EVIDENCE":"official","GEOMETRY_CONFIDENCE":"official-top10nl-1:10000-rounded-6dp-no-simplification","HEIGHT_LEVEL":0,"LOCAL_ID":"128844083","MUTATION_TYPE":null,"NAME":null,"NAMESPACE":"NL.TOP10NL","NUMBER":null,"OBJECT_BEGIN_DATE":"2015-08-30","ORIGINAL_ID":"d9a33fa9-5715-58ae-a99a-3f653dc2bf82","REGION_KEY":"netherlands","REGISTRATION_DATE":"2019-02-01","SOURCE_ACCURACY_M":0.1,"SOURCE_DATE":"2026-06-01","SOURCE_FEATURE_DATE":"2018-01-01","SOURCE_ID":"nl-kadaster-top10nl-high-voltage-2026-06","SOURCE_LICENSE":"CC BY 4.0","SOURCE_METHOD":"luchtfoto","SOURCE_URL":"https://api.pdok.nl/kadaster/brt-top10nl/ogc/v1","TOP10NL_CODE":481,"TOP10NL_TYPE":"hoogspanningsleiding","VISUALISATION_CODE":15210,"VOLTAGE_KV":null},"type":"Feature"},{"geometry":{"coordinates":[[6.097447,51.343769],[6.098665,51.342222]],"type":"LineString"},"id":"da1fd74f-6633-5f23-99b9-9f63c97a1bff","properties":{"ASSET_KIND":"official_transmission_line","EVIDENCE":"official","GEOMETRY_CONFIDENCE":"official-top10nl-1:10000-rounded-6dp-no-simplification","HEIGHT_LEVEL":0,"LOCAL_ID":"122083318","MUTATION_TYPE":null,"NAME":null,"NAMESPACE":"NL.TOP10NL","NUMBER":null,"OBJECT_BEGIN_DATE":"2011-08-25","ORIGINAL_ID":"da1fd74f-6633-5f23-99b9-9f63c97a1bff","REGION_KEY":"netherlands","REGISTRATION_DATE":"2019-02-01","SOURCE_ACCURACY_M":0.1,"SOURCE_DATE":"2026-06-01","SOURCE_FEATURE_DATE":"2018-01-01","SOURCE_ID":"nl-kadaster-top10nl-high-voltage-2026-06","SOURCE_LICENSE":"CC BY 4.0","SOURCE_METHOD":"luchtfoto","SOURCE_URL":"https://api.pdok.nl/kadaster/brt-top10nl/ogc/v1","TOP10NL_CODE":481,"TOP10NL_TYPE":"hoogspanningsleiding","VISUALISATION_CODE":15210,"VOLTAGE_KV":null},"type":"Feature"},{"geometry":{"coordinates":[[4.845475,51.706728],[4.845618,51.706451],[4.844283,51.706188],[4.842484,51.705328],[4.841611,51.70492],[4.841393,51.704818],[4.841113,51.704687],[4.840997,51.704634],[4.840627,51.70446],[4.840309,51.704312],[4.840127,51.704227],[4.840013,51.7042],[4.837366,51.703572],[4.834615,51.702923],[4.833165,51.701858]],"type":"LineString"},"id":"da42cb88-68ac-53e4-85f9-d7adb26248d6","properties":{"ASSET_KIND":"official_transmission_line","EVIDENCE":"official","GEOMETRY_CONFIDENCE":"official-top10nl-1:10000-rounded-6dp-no-simplification","HEIGHT_LEVEL":0,"LOCAL_ID":"122083159","MUTATION_TYPE":null,"NAME":null,"NAMESPACE":"NL.TOP10NL","NUMBER":null,"OBJECT_BEGIN_DATE":"2011-08-25","ORIGINAL_ID":"da42cb88-68ac-53e4-85f9-d7adb26248d6","REGION_KEY":"netherlands","REGISTRATION_DATE":"2019-02-01","SOURCE_ACCURACY_M":0.1,"SOURCE_DATE":"2026-06-01","SOURCE_FEATURE_DATE":"2018-01-01","SOURCE_ID":"nl-kadaster-top10nl-high-voltage-2026-06","SOURCE_LICENSE":"CC BY 4.0","SOURCE_METHOD":"luchtfoto","SOURCE_URL":"https://api.pdok.nl/kadaster/brt-top10nl/ogc/v1","TOP10NL_CODE":481,"TOP10NL_TYPE":"hoogspanningsleiding","VISUALISATION_CODE":15210,"VOLTAGE_KV":null},"type":"Feature"},{"geometry":{"coordinates":[[6.366723,52.566754],[6.367062,52.566247],[6.367789,52.565214],[6.368815,52.563775],[6.369833,52.562329],[6.370861,52.560887],[6.371853,52.55943],[6.372833,52.55798],[6.37381,52.556529],[6.374794,52.555074],[6.375787,52.553612],[6.37683,52.552163],[6.377879,52.550718],[6.37891,52.549269],[6.379953,52.547824],[6.380996,52.546378],[6.382022,52.544926],[6.383043,52.543477],[6.384058,52.542022],[6.385078,52.54057],[6.386093,52.539118],[6.387114,52.53766],[6.388129,52.536208],[6.389154,52.534752],[6.390164,52.533297],[6.391162,52.531859],[6.392177,52.530407],[6.393149,52.528995],[6.395708,52.528867],[6.398295,52.528742],[6.40196,52.528552],[6.404427,52.528432],[6.406883,52.528308],[6.408061,52.527957]],"type":"LineString"},"id":"da464a3e-deef-5f3e-a3b6-97c55cd5ddbe","properties":{"ASSET_KIND":"official_transmission_line","EVIDENCE":"official","GEOMETRY_CONFIDENCE":"official-top10nl-1:10000-rounded-6dp-no-simplification","HEIGHT_LEVEL":0,"LOCAL_ID":"122082901","MUTATION_TYPE":null,"NAME":null,"NAMESPACE":"NL.TOP10NL","NUMBER":null,"OBJECT_BEGIN_DATE":"2011-08-25","ORIGINAL_ID":"da464a3e-deef-5f3e-a3b6-97c55cd5ddbe","REGION_KEY":"netherlands","REGISTRATION_DATE":"2019-02-01","SOURCE_ACCURACY_M":0.1,"SOURCE_DATE":"2026-06-01","SOURCE_FEATURE_DATE":"2018-01-01","SOURCE_ID":"nl-kadaster-top10nl-high-voltage-2026-06","SOURCE_LICENSE":"CC BY 4.0","SOURCE_METHOD":"luchtfoto","SOURCE_URL":"https://api.pdok.nl/kadaster/brt-top10nl/ogc/v1","TOP10NL_CODE":481,"TOP10NL_TYPE":"hoogspanningsleiding","VISUALISATION_CODE":15210,"VOLTAGE_KV":null},"type":"Feature"},{"geometry":{"coordinates":[[5.844505,52.643023],[5.847251,52.64029],[5.850015,52.63761],[5.852803,52.634946],[5.85555,52.632249],[5.858298,52.629534],[5.861065,52.626854]],"type":"LineString"},"id":"da4cc352-4de4-5223-aae9-564edbc08371","properties":{"ASSET_KIND":"official_transmission_line","EVIDENCE":"official","GEOMETRY_CONFIDENCE":"official-top10nl-1:10000-rounded-6dp-no-simplification","HEIGHT_LEVEL":0,"LOCAL_ID":"130357636","MUTATION_TYPE":null,"NAME":null,"NAMESPACE":"NL.TOP10NL","NUMBER":null,"OBJECT_BEGIN_DATE":"2018-02-01","ORIGINAL_ID":"da4cc352-4de4-5223-aae9-564edbc08371","REGION_KEY":"netherlands","REGISTRATION_DATE":"2019-02-01","SOURCE_ACCURACY_M":0.1,"SOURCE_DATE":"2026-06-01","SOURCE_FEATURE_DATE":"2018-01-01","SOURCE_ID":"nl-kadaster-top10nl-high-voltage-2026-06","SOURCE_LICENSE":"CC BY 4.0","SOURCE_METHOD":"luchtfoto","SOURCE_URL":"https://api.pdok.nl/kadaster/brt-top10nl/ogc/v1","TOP10NL_CODE":481,"TOP10NL_TYPE":"hoogspanningsleiding","VISUALISATION_CODE":15210,"VOLTAGE_KV":null},"type":"Feature"},{"geometry":{"coordinates":[[6.958886,53.304141],[6.959463,53.306366],[6.958643,53.307616]],"type":"LineString"},"id":"dab6c273-749c-5b61-8ed5-d311da232359","properties":{"ASSET_KIND":"official_transmission_line","EVIDENCE":"official","GEOMETRY_CONFIDENCE":"official-top10nl-1:10000-rounded-6dp-no-simplification","HEIGHT_LEVEL":0,"LOCAL_ID":"122083003","MUTATION_TYPE":null,"NAME":null,"NAMESPACE":"NL.TOP10NL","NUMBER":null,"OBJECT_BEGIN_DATE":"2011-08-25","ORIGINAL_ID":"dab6c273-749c-5b61-8ed5-d311da232359","REGION_KEY":"netherlands","REGISTRATION_DATE":"2019-02-01","SOURCE_ACCURACY_M":0.1,"SOURCE_DATE":"2026-06-01","SOURCE_FEATURE_DATE":"2018-01-01","SOURCE_ID":"nl-kadaster-top10nl-high-voltage-2026-06","SOURCE_LICENSE":"CC BY 4.0","SOURCE_METHOD":"luchtfoto","SOURCE_URL":"https://api.pdok.nl/kadaster/brt-top10nl/ogc/v1","TOP10NL_CODE":481,"TOP10NL_TYPE":"hoogspanningsleiding","VISUALISATION_CODE":15210,"VOLTAGE_KV":null},"type":"Feature"},{"geometry":{"coordinates":[[4.524867,52.035324],[4.528407,52.035963],[4.529095,52.036414]],"type":"LineString"},"id":"dacd9cbe-9e03-5953-8777-fe71b47a3296","properties":{"ASSET_KIND":"official_transmission_line","EVIDENCE":"official","GEOMETRY_CONFIDENCE":"official-top10nl-1:10000-rounded-6dp-no-simplification","HEIGHT_LEVEL":0,"LOCAL_ID":"131733218","MUTATION_TYPE":"werkelijke verandering","NAME":null,"NAMESPACE":"NL.TOP10NL","NUMBER":null,"OBJECT_BEGIN_DATE":"2022-06-01","ORIGINAL_ID":"dacd9cbe-9e03-5953-8777-fe71b47a3296","REGION_KEY":"netherlands","REGISTRATION_DATE":"2022-06-01","SOURCE_ACCURACY_M":0.1,"SOURCE_DATE":"2026-06-01","SOURCE_FEATURE_DATE":"2021-01-01","SOURCE_ID":"nl-kadaster-top10nl-high-voltage-2026-06","SOURCE_LICENSE":"CC BY 4.0","SOURCE_METHOD":"luchtfoto","SOURCE_URL":"https://api.pdok.nl/kadaster/brt-top10nl/ogc/v1","TOP10NL_CODE":481,"TOP10NL_TYPE":"hoogspanningsleiding","VISUALISATION_CODE":15210,"VOLTAGE_KV":null},"type":"Feature"},{"geometry":{"coordinates":[[6.950611,53.12557],[6.952842,53.125386],[6.957874,53.12496],[6.962775,53.124559],[6.967717,53.12419],[6.972889,53.123758],[6.97792,53.123291],[6.982964,53.122902],[6.988026,53.122482],[6.992214,53.12254],[6.997464,53.122636],[7.002654,53.122722],[7.007894,53.122794],[7.012549,53.122886],[7.017511,53.122968],[7.022284,53.123028],[7.026859,53.123103],[7.031265,53.123162],[7.03607,53.123281],[7.040682,53.123283],[7.043946,53.125636],[7.04719,53.127978],[7.050159,53.130138],[7.053245,53.131444],[7.056956,53.133027],[7.060586,53.134545],[7.060497,53.1354]],"type":"LineString"},"id":"db12841c-bff1-54ce-ac93-303578320ad7","properties":{"ASSET_KIND":"official_transmission_line","EVIDENCE":"official","GEOMETRY_CONFIDENCE":"official-top10nl-1:10000-rounded-6dp-no-simplification","HEIGHT_LEVEL":0,"LOCAL_ID":"122083122","MUTATION_TYPE":null,"NAME":null,"NAMESPACE":"NL.TOP10NL","NUMBER":null,"OBJECT_BEGIN_DATE":"2011-08-25","ORIGINAL_ID":"db12841c-bff1-54ce-ac93-303578320ad7","REGION_KEY":"netherlands","REGISTRATION_DATE":"2019-02-01","SOURCE_ACCURACY_M":0.1,"SOURCE_DATE":"2026-06-01","SOURCE_FEATURE_DATE":"2018-01-01","SOURCE_ID":"nl-kadaster-top10nl-high-voltage-2026-06","SOURCE_LICENSE":"CC BY 4.0","SOURCE_METHOD":"luchtfoto","SOURCE_URL":"https://api.pdok.nl/kadaster/brt-top10nl/ogc/v1","TOP10NL_CODE":481,"TOP10NL_TYPE":"hoogspanningsleiding","VISUALISATION_CODE":15210,"VOLTAGE_KV":null},"type":"Feature"},{"geometry":{"coordinates":[[4.264661,51.839918],[4.265555,51.839736]],"type":"LineString"},"id":"db30cb5a-a57f-5bc0-af2d-9af3c3b3cbcb","properties":{"ASSET_KIND":"official_transmission_line","EVIDENCE":"official","GEOMETRY_CONFIDENCE":"official-top10nl-1:10000-rounded-6dp-no-simplification","HEIGHT_LEVEL":0,"LOCAL_ID":"132545403","MUTATION_TYPE":"werkelijke verandering","NAME":null,"NAMESPACE":"NL.TOP10NL","NUMBER":null,"OBJECT_BEGIN_DATE":"2026-02-01","ORIGINAL_ID":"db30cb5a-a57f-5bc0-af2d-9af3c3b3cbcb","REGION_KEY":"netherlands","REGISTRATION_DATE":"2026-02-01","SOURCE_ACCURACY_M":0.1,"SOURCE_DATE":"2026-06-01","SOURCE_FEATURE_DATE":"2025-01-01","SOURCE_ID":"nl-kadaster-top10nl-high-voltage-2026-06","SOURCE_LICENSE":"CC BY 4.0","SOURCE_METHOD":"luchtfoto","SOURCE_URL":"https://api.pdok.nl/kadaster/brt-top10nl/ogc/v1","TOP10NL_CODE":481,"TOP10NL_TYPE":"hoogspanningsleiding","VISUALISATION_CODE":15210,"VOLTAGE_KV":null},"type":"Feature"},{"geometry":{"coordinates":[[6.02896,53.213348],[6.028565,53.213778],[6.027261,53.216301],[6.026056,53.218499],[6.024798,53.220749],[6.023486,53.223172],[6.022087,53.225659],[6.020718,53.228175],[6.019328,53.230628],[6.017957,53.233051],[6.016625,53.235521],[6.015254,53.237979],[6.013119,53.23962],[6.010599,53.241934],[6.00805,53.244247],[6.005558,53.24648],[6.003104,53.248776],[6.000592,53.251066],[5.998128,53.253351],[5.995605,53.255577],[5.993207,53.257769],[5.990961,53.259844],[5.988486,53.262105],[5.986011,53.264342],[5.983535,53.26658],[5.981021,53.26883],[5.97883,53.270812],[5.976334,53.273038],[5.973858,53.275293],[5.971371,53.277484],[5.968875,53.279745],[5.966378,53.282017],[5.963929,53.284225],[5.961441,53.286457],[5.961699,53.289143],[5.961957,53.291842],[5.962161,53.294147],[5.962429,53.296834],[5.962677,53.29952],[5.962944,53.302195],[5.963202,53.304905],[5.963426,53.307228],[5.963684,53.309926],[5.963824,53.311711],[5.966402,53.313965],[5.968923,53.316213],[5.971512,53.318483],[5.974031,53.320703],[5.976192,53.322593],[5.978849,53.324915],[5.981221,53.327045],[5.981402,53.327144]],"type":"LineString"},"id":"dbd5c880-4273-551d-b854-c3a470346c21","properties":{"ASSET_KIND":"official_transmission_line","EVIDENCE":"official","GEOMETRY_CONFIDENCE":"official-top10nl-1:10000-rounded-6dp-no-simplification","HEIGHT_LEVEL":0,"LOCAL_ID":"130382205","MUTATION_TYPE":null,"NAME":null,"NAMESPACE":"NL.TOP10NL","NUMBER":null,"OBJECT_BEGIN_DATE":"2018-02-01","ORIGINAL_ID":"dbd5c880-4273-551d-b854-c3a470346c21","REGION_KEY":"netherlands","REGISTRATION_DATE":"2019-02-01","SOURCE_ACCURACY_M":0.1,"SOURCE_DATE":"2026-06-01","SOURCE_FEATURE_DATE":"2018-01-01","SOURCE_ID":"nl-kadaster-top10nl-high-voltage-2026-06","SOURCE_LICENSE":"CC BY 4.0","SOURCE_METHOD":"luchtfoto","SOURCE_URL":"https://api.pdok.nl/kadaster/brt-top10nl/ogc/v1","TOP10NL_CODE":481,"TOP10NL_TYPE":"hoogspanningsleiding","VISUALISATION_CODE":15210,"VOLTAGE_KV":null},"type":"Feature"},{"geometry":{"coordinates":[[5.794023,51.00105],[5.794677,51.001383]],"type":"LineString"},"id":"dbec8c12-40db-52b1-8605-312b2cd06b8d","properties":{"ASSET_KIND":"official_transmission_line","EVIDENCE":"official","GEOMETRY_CONFIDENCE":"official-top10nl-1:10000-rounded-6dp-no-simplification","HEIGHT_LEVEL":0,"LOCAL_ID":"103180127","MUTATION_TYPE":null,"NAME":null,"NAMESPACE":"NL.TOP10NL","NUMBER":null,"OBJECT_BEGIN_DATE":"2008-11-24","ORIGINAL_ID":"dbec8c12-40db-52b1-8605-312b2cd06b8d","REGION_KEY":"netherlands","REGISTRATION_DATE":"2019-02-01","SOURCE_ACCURACY_M":0.1,"SOURCE_DATE":"2026-06-01","SOURCE_FEATURE_DATE":"2018-01-01","SOURCE_ID":"nl-kadaster-top10nl-high-voltage-2026-06","SOURCE_LICENSE":"CC BY 4.0","SOURCE_METHOD":"luchtfoto","SOURCE_URL":"https://api.pdok.nl/kadaster/brt-top10nl/ogc/v1","TOP10NL_CODE":481,"TOP10NL_TYPE":"hoogspanningsleiding","VISUALISATION_CODE":15210,"VOLTAGE_KV":null},"type":"Feature"},{"geometry":{"coordinates":[[3.806783,51.449094],[3.808963,51.44803],[3.809304,51.445269],[3.809639,51.442485],[3.809989,51.439696],[3.810319,51.437036],[3.810658,51.434343],[3.810979,51.431722],[3.811291,51.429129],[3.813349,51.42691],[3.815382,51.42473],[3.817304,51.422644],[3.819257,51.420563],[3.82105,51.418657],[3.819979,51.415849],[3.819808,51.415411],[3.81918,51.413808],[3.81917,51.413782],[3.818914,51.413127],[3.818506,51.412041],[3.818389,51.411729],[3.817894,51.410411],[3.817711,51.409936],[3.816851,51.407709],[3.815751,51.404876],[3.814674,51.402054],[3.813624,51.399342],[3.812583,51.396606],[3.811534,51.39388],[3.811611,51.390986],[3.811675,51.388472]],"type":"LineString"},"id":"dc3a5bef-3c4e-55c2-8d5f-45d6f701db2c","properties":{"ASSET_KIND":"official_transmission_line","EVIDENCE":"official","GEOMETRY_CONFIDENCE":"official-top10nl-1:10000-rounded-6dp-no-simplification","HEIGHT_LEVEL":0,"LOCAL_ID":"122083048","MUTATION_TYPE":null,"NAME":null,"NAMESPACE":"NL.TOP10NL","NUMBER":null,"OBJECT_BEGIN_DATE":"2011-08-25","ORIGINAL_ID":"dc3a5bef-3c4e-55c2-8d5f-45d6f701db2c","REGION_KEY":"netherlands","REGISTRATION_DATE":"2019-02-01","SOURCE_ACCURACY_M":0.1,"SOURCE_DATE":"2026-06-01","SOURCE_FEATURE_DATE":"2018-01-01","SOURCE_ID":"nl-kadaster-top10nl-high-voltage-2026-06","SOURCE_LICENSE":"CC BY 4.0","SOURCE_METHOD":"luchtfoto","SOURCE_URL":"https://api.pdok.nl/kadaster/brt-top10nl/ogc/v1","TOP10NL_CODE":481,"TOP10NL_TYPE":"hoogspanningsleiding","VISUALISATION_CODE":15210,"VOLTAGE_KV":null},"type":"Feature"},{"geometry":{"coordinates":[[6.950607,53.123783],[6.952897,53.124914],[6.958716,53.12443],[6.964562,53.123954],[6.969916,53.12357],[6.975166,53.123107],[6.980436,53.122655],[6.985993,53.122199],[6.991529,53.121726],[6.997522,53.1218],[7.003495,53.121845],[7.009457,53.121896],[7.015431,53.121982],[7.021392,53.122002],[7.027365,53.122064],[7.033012,53.122153],[7.038716,53.122194],[7.043378,53.122201],[7.048706,53.122259],[7.052944,53.123888],[7.057678,53.125762],[7.062372,53.127617],[7.066864,53.12938],[7.071388,53.131184],[7.075971,53.132963],[7.080545,53.134742],[7.085645,53.136269],[7.090735,53.137796],[7.095775,53.139305],[7.100846,53.140832],[7.105967,53.142357],[7.111007,53.143848],[7.11608,53.14538],[7.121191,53.146887],[7.126295,53.148442],[7.131116,53.149875],[7.135094,53.151064],[7.138902,53.152208],[7.144837,53.151972],[7.150782,53.151724],[7.156648,53.15147],[7.162424,53.15123],[7.168358,53.150969],[7.173986,53.15073],[7.179673,53.150501],[7.185429,53.150242],[7.190571,53.150028],[7.1933,53.149434]],"type":"LineString"},"id":"dca69a0e-0f72-519c-89c6-2289f2fc5295","properties":{"ASSET_KIND":"official_transmission_line","EVIDENCE":"official","GEOMETRY_CONFIDENCE":"official-top10nl-1:10000-rounded-6dp-no-simplification","HEIGHT_LEVEL":0,"LOCAL_ID":"122083040","MUTATION_TYPE":null,"NAME":null,"NAMESPACE":"NL.TOP10NL","NUMBER":null,"OBJECT_BEGIN_DATE":"2011-08-25","ORIGINAL_ID":"dca69a0e-0f72-519c-89c6-2289f2fc5295","REGION_KEY":"netherlands","REGISTRATION_DATE":"2019-02-01","SOURCE_ACCURACY_M":0.1,"SOURCE_DATE":"2026-06-01","SOURCE_FEATURE_DATE":"2018-01-01","SOURCE_ID":"nl-kadaster-top10nl-high-voltage-2026-06","SOURCE_LICENSE":"CC BY 4.0","SOURCE_METHOD":"luchtfoto","SOURCE_URL":"https://api.pdok.nl/kadaster/brt-top10nl/ogc/v1","TOP10NL_CODE":481,"TOP10NL_TYPE":"hoogspanningsleiding","VISUALISATION_CODE":15210,"VOLTAGE_KV":null},"type":"Feature"},{"geometry":{"coordinates":[[4.774204,51.608859],[4.773893,51.609502],[4.774082,51.611073],[4.776001,51.613999],[4.777928,51.616875],[4.779884,51.619796],[4.781832,51.622713],[4.783745,51.625621],[4.785673,51.628515],[4.787623,51.631422],[4.789537,51.63433],[4.791501,51.637238],[4.792538,51.638719],[4.79383,51.640543],[4.79471,51.64183],[4.796663,51.644557],[4.798708,51.647434],[4.800718,51.650301],[4.802779,51.653182],[4.803039,51.653551],[4.804796,51.656045],[4.806101,51.65786],[4.806142,51.657917],[4.806192,51.657985],[4.806294,51.658127],[4.806306,51.658144],[4.806822,51.658861],[4.806832,51.658876],[4.806871,51.65893],[4.807378,51.659657],[4.80852,51.661295],[4.808545,51.661332],[4.808565,51.66136],[4.808613,51.661429],[4.808882,51.661815],[4.810541,51.664148],[4.810922,51.664683],[4.812991,51.667568],[4.816014,51.670008],[4.819058,51.672462],[4.822103,51.674902],[4.82517,51.677373],[4.828158,51.679772],[4.830207,51.682059],[4.832321,51.684404],[4.83445,51.686727],[4.836538,51.689053],[4.838997,51.691786],[4.840849,51.693839],[4.840956,51.694951]],"type":"LineString"},"id":"dcd73a74-0fdd-50d9-b04e-b4e94a030c28","properties":{"ASSET_KIND":"official_transmission_line","EVIDENCE":"official","GEOMETRY_CONFIDENCE":"official-top10nl-1:10000-rounded-6dp-no-simplification","HEIGHT_LEVEL":0,"LOCAL_ID":"122083176","MUTATION_TYPE":"kwaliteitsverbetering","NAME":null,"NAMESPACE":"NL.TOP10NL","NUMBER":null,"OBJECT_BEGIN_DATE":"2011-08-25","ORIGINAL_ID":"dcd73a74-0fdd-50d9-b04e-b4e94a030c28","REGION_KEY":"netherlands","REGISTRATION_DATE":"2025-02-01","SOURCE_ACCURACY_M":0.1,"SOURCE_DATE":"2026-06-01","SOURCE_FEATURE_DATE":"2023-01-01","SOURCE_ID":"nl-kadaster-top10nl-high-voltage-2026-06","SOURCE_LICENSE":"CC BY 4.0","SOURCE_METHOD":"luchtfoto","SOURCE_URL":"https://api.pdok.nl/kadaster/brt-top10nl/ogc/v1","TOP10NL_CODE":481,"TOP10NL_TYPE":"hoogspanningsleiding","VISUALISATION_CODE":15210,"VOLTAGE_KV":null},"type":"Feature"},{"geometry":{"coordinates":[[4.876133,52.428185],[4.874718,52.427903],[4.874621,52.427883],[4.874408,52.427841],[4.874334,52.427792],[4.874262,52.427744],[4.874201,52.427704],[4.874145,52.427666],[4.87409,52.42763],[4.87407,52.427617],[4.874012,52.427578],[4.873689,52.427363],[4.873621,52.427318],[4.873565,52.427281],[4.873519,52.427251],[4.873464,52.427214],[4.873406,52.427176],[4.873251,52.427073],[4.873196,52.427036],[4.873128,52.426991],[4.873121,52.426979],[4.872986,52.426897],[4.872913,52.426848],[4.872883,52.426828],[4.872815,52.426783],[4.872737,52.426732],[4.872683,52.426696],[4.872658,52.426679],[4.872553,52.426609],[4.872433,52.426468],[4.872387,52.426413],[4.872218,52.426213],[4.872165,52.42615],[4.872083,52.426053],[4.871935,52.425878],[4.871889,52.425823],[4.871816,52.425737],[4.870773,52.424502],[4.870744,52.424468],[4.870453,52.424124],[4.870271,52.423908],[4.867975,52.421142],[4.867916,52.421071],[4.867068,52.420061],[4.867008,52.41999],[4.866909,52.419872],[4.865948,52.418729],[4.864927,52.417457],[4.864647,52.417144]],"type":"LineString"},"id":"dcf48531-0ef3-5170-80eb-97df21733817","properties":{"ASSET_KIND":"official_transmission_line","EVIDENCE":"official","GEOMETRY_CONFIDENCE":"official-top10nl-1:10000-rounded-6dp-no-simplification","HEIGHT_LEVEL":0,"LOCAL_ID":"122083104","MUTATION_TYPE":null,"NAME":null,"NAMESPACE":"NL.TOP10NL","NUMBER":null,"OBJECT_BEGIN_DATE":"2011-08-25","ORIGINAL_ID":"dcf48531-0ef3-5170-80eb-97df21733817","REGION_KEY":"netherlands","REGISTRATION_DATE":"2019-02-01","SOURCE_ACCURACY_M":0.1,"SOURCE_DATE":"2026-06-01","SOURCE_FEATURE_DATE":"2018-01-01","SOURCE_ID":"nl-kadaster-top10nl-high-voltage-2026-06","SOURCE_LICENSE":"CC BY 4.0","SOURCE_METHOD":"luchtfoto","SOURCE_URL":"https://api.pdok.nl/kadaster/brt-top10nl/ogc/v1","TOP10NL_CODE":481,"TOP10NL_TYPE":"hoogspanningsleiding","VISUALISATION_CODE":15210,"VOLTAGE_KV":null},"type":"Feature"},{"geometry":{"coordinates":[[6.830736,52.213381],[6.834038,52.213213],[6.837799,52.213],[6.84175,52.212744],[6.844842,52.210707],[6.848045,52.208668],[6.851216,52.20661],[6.853788,52.204885],[6.858085,52.203964],[6.86246,52.202974],[6.86601,52.202221],[6.871115,52.201989],[6.875003,52.201802],[6.878971,52.201595],[6.884202,52.201292],[6.888409,52.201032],[6.891976,52.200819],[6.894985,52.200712],[6.899208,52.201416],[6.903431,52.20211],[6.907621,52.202756],[6.912262,52.203484],[6.917206,52.203705],[6.921187,52.20386],[6.923987,52.203726],[6.927059,52.203567],[6.929361,52.201991],[6.932065,52.200941],[6.934295,52.200065],[6.93665,52.199118],[6.938989,52.198172],[6.943937,52.197595],[6.948852,52.197008]],"type":"LineString"},"id":"dd027f10-b4e9-52ca-a877-4d95d2e6fcd7","properties":{"ASSET_KIND":"official_transmission_line","EVIDENCE":"official","GEOMETRY_CONFIDENCE":"official-top10nl-1:10000-rounded-6dp-no-simplification","HEIGHT_LEVEL":0,"LOCAL_ID":"122082942","MUTATION_TYPE":null,"NAME":null,"NAMESPACE":"NL.TOP10NL","NUMBER":null,"OBJECT_BEGIN_DATE":"2011-08-25","ORIGINAL_ID":"dd027f10-b4e9-52ca-a877-4d95d2e6fcd7","REGION_KEY":"netherlands","REGISTRATION_DATE":"2019-02-01","SOURCE_ACCURACY_M":0.1,"SOURCE_DATE":"2026-06-01","SOURCE_FEATURE_DATE":"2018-01-01","SOURCE_ID":"nl-kadaster-top10nl-high-voltage-2026-06","SOURCE_LICENSE":"CC BY 4.0","SOURCE_METHOD":"luchtfoto","SOURCE_URL":"https://api.pdok.nl/kadaster/brt-top10nl/ogc/v1","TOP10NL_CODE":481,"TOP10NL_TYPE":"hoogspanningsleiding","VISUALISATION_CODE":15210,"VOLTAGE_KV":null},"type":"Feature"},{"geometry":{"coordinates":[[4.419941,51.771871],[4.418874,51.768276],[4.417805,51.764767],[4.416762,51.761231],[4.41553,51.757041],[4.41434,51.753053],[4.414233,51.752696],[4.414219,51.752649],[4.414181,51.75252],[4.414165,51.752464],[4.414153,51.752427],[4.414145,51.7524],[4.414141,51.752386],[4.414129,51.752346],[4.414116,51.752302],[4.414112,51.752286],[4.414105,51.752265],[4.414082,51.752187],[4.414059,51.75211],[4.413096,51.748864],[4.41179,51.744435],[4.411612,51.743829],[4.411595,51.743768],[4.411594,51.743767],[4.411578,51.743712],[4.411564,51.743664],[4.411547,51.743607],[4.411539,51.74358],[4.411528,51.74354],[4.411519,51.74351],[4.411508,51.743473],[4.411442,51.743247],[4.411435,51.743222],[4.410595,51.740357],[4.410591,51.740343],[4.409783,51.737715],[4.409761,51.737646],[4.409609,51.737151],[4.40936,51.736311],[4.409297,51.736099],[4.408733,51.734203],[4.408367,51.732968],[4.406078,51.729155],[4.401291,51.721288],[4.3947,51.710362],[4.390052,51.702748],[4.390009,51.702678],[4.389976,51.702623],[4.389961,51.702599],[4.389884,51.702473],[4.389843,51.702404],[4.389799,51.70233],[4.389785,51.702307],[4.389766,51.702275],[4.389747,51.702243],[4.389709,51.70218],[4.389008,51.701005],[4.388967,51.700937],[4.388959,51.700923],[4.388947,51.700903],[4.388913,51.700847],[4.388835,51.700715],[4.388278,51.699783],[4.38799,51.699301],[4.386388,51.699304],[4.386294,51.699305],[4.386188,51.699305],[4.386143,51.699305],[4.385993,51.699305],[4.385843,51.699306],[4.385709,51.699306],[4.385694,51.699306],[4.385508,51.699306],[4.381081,51.699316],[4.380789,51.699316],[4.378559,51.699323],[4.37805,51.699325],[4.377387,51.699327],[4.37702,51.699328],[4.376996,51.699328],[4.376752,51.699329],[4.376648,51.699329],[4.373543,51.699338],[4.371077,51.699345],[4.369353,51.699351],[4.368826,51.699352],[4.368464,51.699353],[4.367399,51.699356],[4.366604,51.699359],[4.366308,51.699359],[4.365579,51.699362],[4.364617,51.699366],[4.362569,51.699374],[4.362361,51.699375],[4.359098,51.699387],[4.359084,51.699388],[4.355785,51.699394],[4.354513,51.699396],[4.353999,51.699397],[4.353505,51.699398],[4.352944,51.699399],[4.352746,51.699399],[4.35186,51.699401],[4.351005,51.699403],[4.344636,51.699414],[4.337401,51.699427],[4.334203,51.699543],[4.334018,51.69955],[4.333184,51.699581],[4.332589,51.699602]],"type":"LineString"},"id":"dd170993-b944-56ea-9aed-1a1e0c830d96","properties":{"ASSET_KIND":"official_transmission_line","EVIDENCE":"official","GEOMETRY_CONFIDENCE":"official-top10nl-1:10000-rounded-6dp-no-simplification","HEIGHT_LEVEL":0,"LOCAL_ID":"122083043","MUTATION_TYPE":"kwaliteitsverbetering","NAME":null,"NAMESPACE":"NL.TOP10NL","NUMBER":null,"OBJECT_BEGIN_DATE":"2011-08-25","ORIGINAL_ID":"dd170993-b944-56ea-9aed-1a1e0c830d96","REGION_KEY":"netherlands","REGISTRATION_DATE":"2024-04-01","SOURCE_ACCURACY_M":0.1,"SOURCE_DATE":"2026-06-01","SOURCE_FEATURE_DATE":"2023-01-01","SOURCE_ID":"nl-kadaster-top10nl-high-voltage-2026-06","SOURCE_LICENSE":"CC BY 4.0","SOURCE_METHOD":"luchtfoto","SOURCE_URL":"https://api.pdok.nl/kadaster/brt-top10nl/ogc/v1","TOP10NL_CODE":481,"TOP10NL_TYPE":"hoogspanningsleiding","VISUALISATION_CODE":15210,"VOLTAGE_KV":null},"type":"Feature"},{"geometry":{"coordinates":[[5.618025,52.431747],[5.621247,52.429186],[5.623279,52.425831],[5.625334,52.422459],[5.626909,52.419855],[5.626202,52.416833],[5.625512,52.413902],[5.624822,52.410917],[5.624188,52.408154],[5.623347,52.404613],[5.622528,52.401042],[5.621693,52.397457],[5.620885,52.393896],[5.620028,52.390372],[5.619221,52.386785],[5.618392,52.383254],[5.617595,52.379699],[5.619706,52.376897],[5.623384,52.37456],[5.626997,52.372267],[5.631073,52.369678],[5.635121,52.367072],[5.639196,52.36448],[5.643113,52.361988],[5.647165,52.359392],[5.651228,52.356809],[5.652838,52.354188],[5.654632,52.351244],[5.653665,52.347842],[5.652971,52.345289],[5.652221,52.342606],[5.652426,52.339254],[5.652548,52.336848],[5.652671,52.334468],[5.652871,52.331451],[5.649138,52.32917],[5.645624,52.327026],[5.645562,52.326969]],"type":"LineString"},"id":"de034cf2-23c8-5c76-8211-07c4c128e797","properties":{"ASSET_KIND":"official_transmission_line","EVIDENCE":"official","GEOMETRY_CONFIDENCE":"official-top10nl-1:10000-rounded-6dp-no-simplification","HEIGHT_LEVEL":0,"LOCAL_ID":"122083128","MUTATION_TYPE":null,"NAME":null,"NAMESPACE":"NL.TOP10NL","NUMBER":null,"OBJECT_BEGIN_DATE":"2011-08-25","ORIGINAL_ID":"de034cf2-23c8-5c76-8211-07c4c128e797","REGION_KEY":"netherlands","REGISTRATION_DATE":"2019-02-01","SOURCE_ACCURACY_M":0.1,"SOURCE_DATE":"2026-06-01","SOURCE_FEATURE_DATE":"2018-01-01","SOURCE_ID":"nl-kadaster-top10nl-high-voltage-2026-06","SOURCE_LICENSE":"CC BY 4.0","SOURCE_METHOD":"luchtfoto","SOURCE_URL":"https://api.pdok.nl/kadaster/brt-top10nl/ogc/v1","TOP10NL_CODE":481,"TOP10NL_TYPE":"hoogspanningsleiding","VISUALISATION_CODE":15210,"VOLTAGE_KV":null},"type":"Feature"},{"geometry":{"coordinates":[[6.190093,52.683679],[6.190602,52.683435],[6.19143,52.682837],[6.193169,52.682902],[6.195481,52.682981],[6.198246,52.683097],[6.201022,52.683198],[6.203587,52.685102],[6.206152,52.687011],[6.207208,52.690093],[6.208031,52.692493],[6.208645,52.694298],[6.20969,52.697409],[6.210464,52.703305],[6.210182,52.706124],[6.209829,52.709317],[6.209494,52.712491],[6.207793,52.715269],[6.206079,52.718042],[6.204546,52.720549],[6.202745,52.723458],[6.200926,52.726396],[6.199804,52.728228],[6.197991,52.731176],[6.196178,52.73411],[6.194352,52.737066],[6.192556,52.740011],[6.19173,52.741332],[6.18991,52.744284],[6.18809,52.747218],[6.186275,52.750167],[6.184454,52.753119],[6.182633,52.756056],[6.180805,52.759016],[6.179008,52.761957],[6.177192,52.764898],[6.173297,52.766522],[6.169003,52.76831],[6.164756,52.770067],[6.160474,52.771876],[6.156846,52.773389],[6.152706,52.775127],[6.148702,52.776799],[6.143579,52.777159],[6.142762,52.777233]],"type":"LineString"},"id":"df2a5682-7249-581f-9477-a06d3ff77496","properties":{"ASSET_KIND":"official_transmission_line","EVIDENCE":"official","GEOMETRY_CONFIDENCE":"official-top10nl-1:10000-rounded-6dp-no-simplification","HEIGHT_LEVEL":0,"LOCAL_ID":"128473287","MUTATION_TYPE":"kwaliteitsverbetering","NAME":null,"NAMESPACE":"NL.TOP10NL","NUMBER":null,"OBJECT_BEGIN_DATE":"2015-01-24","ORIGINAL_ID":"df2a5682-7249-581f-9477-a06d3ff77496","REGION_KEY":"netherlands","REGISTRATION_DATE":"2024-02-01","SOURCE_ACCURACY_M":0.1,"SOURCE_DATE":"2026-06-01","SOURCE_FEATURE_DATE":"2022-01-01","SOURCE_ID":"nl-kadaster-top10nl-high-voltage-2026-06","SOURCE_LICENSE":"CC BY 4.0","SOURCE_METHOD":"luchtfoto","SOURCE_URL":"https://api.pdok.nl/kadaster/brt-top10nl/ogc/v1","TOP10NL_CODE":481,"TOP10NL_TYPE":"hoogspanningsleiding","VISUALISATION_CODE":15210,"VOLTAGE_KV":null},"type":"Feature"},{"geometry":{"coordinates":[[4.655233,52.329283],[4.655674,52.329396],[4.659377,52.330282],[4.663297,52.331228],[4.667318,52.332187],[4.670543,52.334085],[4.672873,52.335631],[4.675219,52.337232],[4.678083,52.33919],[4.680738,52.340992],[4.683315,52.342738],[4.685926,52.344527],[4.688348,52.346173],[4.691102,52.348052],[4.693415,52.349615]],"type":"LineString"},"id":"e07be21f-0b57-5317-9ada-f4f3cec444f0","properties":{"ASSET_KIND":"official_transmission_line","EVIDENCE":"official","GEOMETRY_CONFIDENCE":"official-top10nl-1:10000-rounded-6dp-no-simplification","HEIGHT_LEVEL":0,"LOCAL_ID":"130313708","MUTATION_TYPE":"werkelijke verandering","NAME":null,"NAMESPACE":"NL.TOP10NL","NUMBER":null,"OBJECT_BEGIN_DATE":"2017-11-01","ORIGINAL_ID":"e07be21f-0b57-5317-9ada-f4f3cec444f0","REGION_KEY":"netherlands","REGISTRATION_DATE":"2017-11-01","SOURCE_ACCURACY_M":0.1,"SOURCE_DATE":"2026-06-01","SOURCE_FEATURE_DATE":"2017-01-01","SOURCE_ID":"nl-kadaster-top10nl-high-voltage-2026-06","SOURCE_LICENSE":"CC BY 4.0","SOURCE_METHOD":"luchtfoto","SOURCE_URL":"https://api.pdok.nl/kadaster/brt-top10nl/ogc/v1","TOP10NL_CODE":481,"TOP10NL_TYPE":"hoogspanningsleiding","VISUALISATION_CODE":15210,"VOLTAGE_KV":null},"type":"Feature"},{"geometry":{"coordinates":[[5.666492,51.459629],[5.666732,51.460274],[5.669312,51.46143],[5.6718,51.462586],[5.676589,51.462957],[5.681352,51.463311],[5.686133,51.46366]],"type":"LineString"},"id":"e0f667c3-8077-5092-8467-a2f53653ec3c","properties":{"ASSET_KIND":"official_transmission_line","EVIDENCE":"official","GEOMETRY_CONFIDENCE":"official-top10nl-1:10000-rounded-6dp-no-simplification","HEIGHT_LEVEL":0,"LOCAL_ID":"122083023","MUTATION_TYPE":null,"NAME":null,"NAMESPACE":"NL.TOP10NL","NUMBER":null,"OBJECT_BEGIN_DATE":"2011-08-25","ORIGINAL_ID":"e0f667c3-8077-5092-8467-a2f53653ec3c","REGION_KEY":"netherlands","REGISTRATION_DATE":"2019-02-01","SOURCE_ACCURACY_M":0.1,"SOURCE_DATE":"2026-06-01","SOURCE_FEATURE_DATE":"2018-01-01","SOURCE_ID":"nl-kadaster-top10nl-high-voltage-2026-06","SOURCE_LICENSE":"CC BY 4.0","SOURCE_METHOD":"luchtfoto","SOURCE_URL":"https://api.pdok.nl/kadaster/brt-top10nl/ogc/v1","TOP10NL_CODE":481,"TOP10NL_TYPE":"hoogspanningsleiding","VISUALISATION_CODE":15210,"VOLTAGE_KV":null},"type":"Feature"},{"geometry":{"coordinates":[[5.964981,50.900538],[5.966085,50.899418]],"type":"LineString"},"id":"e108382d-2f68-5f09-8e4e-c40827a41c87","properties":{"ASSET_KIND":"official_transmission_line","EVIDENCE":"official","GEOMETRY_CONFIDENCE":"official-top10nl-1:10000-rounded-6dp-no-simplification","HEIGHT_LEVEL":0,"LOCAL_ID":"122083147","MUTATION_TYPE":null,"NAME":null,"NAMESPACE":"NL.TOP10NL","NUMBER":null,"OBJECT_BEGIN_DATE":"2011-08-25","ORIGINAL_ID":"e108382d-2f68-5f09-8e4e-c40827a41c87","REGION_KEY":"netherlands","REGISTRATION_DATE":"2019-02-01","SOURCE_ACCURACY_M":0.1,"SOURCE_DATE":"2026-06-01","SOURCE_FEATURE_DATE":"2018-01-01","SOURCE_ID":"nl-kadaster-top10nl-high-voltage-2026-06","SOURCE_LICENSE":"CC BY 4.0","SOURCE_METHOD":"luchtfoto","SOURCE_URL":"https://api.pdok.nl/kadaster/brt-top10nl/ogc/v1","TOP10NL_CODE":481,"TOP10NL_TYPE":"hoogspanningsleiding","VISUALISATION_CODE":15210,"VOLTAGE_KV":null},"type":"Feature"},{"geometry":{"coordinates":[[4.588655,51.961986],[4.587503,51.962956],[4.584053,51.965848],[4.584535,51.96949],[4.585037,51.97332],[4.585507,51.977174],[4.585827,51.979573]],"type":"LineString"},"id":"e13ff08e-65a5-5125-a9b8-d9e50ded847c","properties":{"ASSET_KIND":"official_transmission_line","EVIDENCE":"official","GEOMETRY_CONFIDENCE":"official-top10nl-1:10000-rounded-6dp-no-simplification","HEIGHT_LEVEL":0,"LOCAL_ID":"131534690","MUTATION_TYPE":"werkelijke verandering","NAME":null,"NAMESPACE":"NL.TOP10NL","NUMBER":null,"OBJECT_BEGIN_DATE":"2021-11-01","ORIGINAL_ID":"e13ff08e-65a5-5125-a9b8-d9e50ded847c","REGION_KEY":"netherlands","REGISTRATION_DATE":"2021-11-01","SOURCE_ACCURACY_M":0.1,"SOURCE_DATE":"2026-06-01","SOURCE_FEATURE_DATE":"2020-01-01","SOURCE_ID":"nl-kadaster-top10nl-high-voltage-2026-06","SOURCE_LICENSE":"CC BY 4.0","SOURCE_METHOD":"luchtfoto","SOURCE_URL":"https://api.pdok.nl/kadaster/brt-top10nl/ogc/v1","TOP10NL_CODE":481,"TOP10NL_TYPE":"hoogspanningsleiding","VISUALISATION_CODE":15210,"VOLTAGE_KV":null},"type":"Feature"},{"geometry":{"coordinates":[[4.732913,52.006551],[4.733064,52.007078],[4.733432,52.007453]],"type":"LineString"},"id":"e2590958-7407-5099-980b-dc2e8f16a4c3","properties":{"ASSET_KIND":"official_transmission_line","EVIDENCE":"official","GEOMETRY_CONFIDENCE":"official-top10nl-1:10000-rounded-6dp-no-simplification","HEIGHT_LEVEL":0,"LOCAL_ID":"122035251","MUTATION_TYPE":null,"NAME":null,"NAMESPACE":"NL.TOP10NL","NUMBER":null,"OBJECT_BEGIN_DATE":"2011-08-25","ORIGINAL_ID":"e2590958-7407-5099-980b-dc2e8f16a4c3","REGION_KEY":"netherlands","REGISTRATION_DATE":"2019-02-01","SOURCE_ACCURACY_M":0.1,"SOURCE_DATE":"2026-06-01","SOURCE_FEATURE_DATE":"2018-01-01","SOURCE_ID":"nl-kadaster-top10nl-high-voltage-2026-06","SOURCE_LICENSE":"CC BY 4.0","SOURCE_METHOD":"luchtfoto","SOURCE_URL":"https://api.pdok.nl/kadaster/brt-top10nl/ogc/v1","TOP10NL_CODE":481,"TOP10NL_TYPE":"hoogspanningsleiding","VISUALISATION_CODE":15210,"VOLTAGE_KV":null},"type":"Feature"},{"geometry":{"coordinates":[[4.571585,51.681241],[4.571972,51.678222],[4.571961,51.675152],[4.57474,51.672842],[4.577335,51.670404],[4.57899,51.668543],[4.580467,51.666813],[4.581134,51.664741],[4.58112,51.664259]],"type":"LineString"},"id":"e2da5156-4871-53bf-9317-bae8d259a2de","properties":{"ASSET_KIND":"official_transmission_line","EVIDENCE":"official","GEOMETRY_CONFIDENCE":"official-top10nl-1:10000-rounded-6dp-no-simplification","HEIGHT_LEVEL":0,"LOCAL_ID":"122082997","MUTATION_TYPE":null,"NAME":null,"NAMESPACE":"NL.TOP10NL","NUMBER":null,"OBJECT_BEGIN_DATE":"2011-08-25","ORIGINAL_ID":"e2da5156-4871-53bf-9317-bae8d259a2de","REGION_KEY":"netherlands","REGISTRATION_DATE":"2019-02-01","SOURCE_ACCURACY_M":0.1,"SOURCE_DATE":"2026-06-01","SOURCE_FEATURE_DATE":"2018-01-01","SOURCE_ID":"nl-kadaster-top10nl-high-voltage-2026-06","SOURCE_LICENSE":"CC BY 4.0","SOURCE_METHOD":"luchtfoto","SOURCE_URL":"https://api.pdok.nl/kadaster/brt-top10nl/ogc/v1","TOP10NL_CODE":481,"TOP10NL_TYPE":"hoogspanningsleiding","VISUALISATION_CODE":15210,"VOLTAGE_KV":null},"type":"Feature"},{"geometry":{"coordinates":[[5.674148,53.039358],[5.675223,53.040642],[5.676291,53.041904],[5.677366,53.043191],[5.678435,53.04447],[5.679496,53.045732],[5.68062,53.046981],[5.681685,53.048297],[5.681967,53.048631],[5.683706,53.050868],[5.685434,53.053101],[5.687113,53.055317],[5.688757,53.057479],[5.690527,53.059741],[5.693217,53.061955],[5.695908,53.06413],[5.69857,53.066301],[5.70124,53.068476],[5.703882,53.070626],[5.706524,53.07278],[5.709166,53.074905],[5.711787,53.077059],[5.714472,53.079238],[5.717158,53.081409],[5.719808,53.083575],[5.722459,53.085733],[5.725011,53.087815],[5.727733,53.090024],[5.73037,53.092169],[5.733,53.094301],[5.735624,53.096429],[5.73822,53.098549],[5.740851,53.100681],[5.743356,53.102712],[5.743584,53.102975]],"type":"LineString"},"id":"e2e58db1-eab8-5ea9-823b-1888326c23f6","properties":{"ASSET_KIND":"official_transmission_line","EVIDENCE":"official","GEOMETRY_CONFIDENCE":"official-top10nl-1:10000-rounded-6dp-no-simplification","HEIGHT_LEVEL":0,"LOCAL_ID":"129847965","MUTATION_TYPE":null,"NAME":null,"NAMESPACE":"NL.TOP10NL","NUMBER":null,"OBJECT_BEGIN_DATE":"2017-02-01","ORIGINAL_ID":"e2e58db1-eab8-5ea9-823b-1888326c23f6","REGION_KEY":"netherlands","REGISTRATION_DATE":"2019-02-01","SOURCE_ACCURACY_M":0.1,"SOURCE_DATE":"2026-06-01","SOURCE_FEATURE_DATE":"2018-01-01","SOURCE_ID":"nl-kadaster-top10nl-high-voltage-2026-06","SOURCE_LICENSE":"CC BY 4.0","SOURCE_METHOD":"luchtfoto","SOURCE_URL":"https://api.pdok.nl/kadaster/brt-top10nl/ogc/v1","TOP10NL_CODE":481,"TOP10NL_TYPE":"hoogspanningsleiding","VISUALISATION_CODE":15210,"VOLTAGE_KV":null},"type":"Feature"},{"geometry":{"coordinates":[[5.935624,52.682743],[5.935155,52.682342]],"type":"LineString"},"id":"e3264397-0db0-5db2-a429-617c8037b9bf","properties":{"ASSET_KIND":"official_transmission_line","EVIDENCE":"official","GEOMETRY_CONFIDENCE":"official-top10nl-1:10000-rounded-6dp-no-simplification","HEIGHT_LEVEL":0,"LOCAL_ID":"122083094","MUTATION_TYPE":null,"NAME":null,"NAMESPACE":"NL.TOP10NL","NUMBER":null,"OBJECT_BEGIN_DATE":"2011-08-25","ORIGINAL_ID":"e3264397-0db0-5db2-a429-617c8037b9bf","REGION_KEY":"netherlands","REGISTRATION_DATE":"2019-02-01","SOURCE_ACCURACY_M":0.1,"SOURCE_DATE":"2026-06-01","SOURCE_FEATURE_DATE":"2018-01-01","SOURCE_ID":"nl-kadaster-top10nl-high-voltage-2026-06","SOURCE_LICENSE":"CC BY 4.0","SOURCE_METHOD":"luchtfoto","SOURCE_URL":"https://api.pdok.nl/kadaster/brt-top10nl/ogc/v1","TOP10NL_CODE":481,"TOP10NL_TYPE":"hoogspanningsleiding","VISUALISATION_CODE":15210,"VOLTAGE_KV":null},"type":"Feature"},{"geometry":{"coordinates":[[5.969199,51.222918],[5.971733,51.221774],[5.977409,51.221556],[5.982799,51.22134],[5.987139,51.221161],[5.989929,51.221046],[5.99475,51.220889],[5.99952,51.220675],[6.00435,51.220474],[6.00835,51.219598],[6.01228,51.218716],[6.01635,51.217833],[6.020739,51.216842],[6.025178,51.215888],[6.029546,51.214934],[6.033985,51.213948],[6.038423,51.21298],[6.041053,51.210785],[6.043712,51.208565],[6.046252,51.206446],[6.048852,51.204282],[6.051608,51.201948],[6.052579,51.201274]],"type":"LineString"},"id":"e3f79853-fde5-5b30-8734-26364797be21","properties":{"ASSET_KIND":"official_transmission_line","EVIDENCE":"official","GEOMETRY_CONFIDENCE":"official-top10nl-1:10000-rounded-6dp-no-simplification","HEIGHT_LEVEL":0,"LOCAL_ID":"122083058","MUTATION_TYPE":null,"NAME":null,"NAMESPACE":"NL.TOP10NL","NUMBER":null,"OBJECT_BEGIN_DATE":"2011-08-25","ORIGINAL_ID":"e3f79853-fde5-5b30-8734-26364797be21","REGION_KEY":"netherlands","REGISTRATION_DATE":"2019-02-01","SOURCE_ACCURACY_M":0.1,"SOURCE_DATE":"2026-06-01","SOURCE_FEATURE_DATE":"2018-01-01","SOURCE_ID":"nl-kadaster-top10nl-high-voltage-2026-06","SOURCE_LICENSE":"CC BY 4.0","SOURCE_METHOD":"luchtfoto","SOURCE_URL":"https://api.pdok.nl/kadaster/brt-top10nl/ogc/v1","TOP10NL_CODE":481,"TOP10NL_TYPE":"hoogspanningsleiding","VISUALISATION_CODE":15210,"VOLTAGE_KV":null},"type":"Feature"},{"geometry":{"coordinates":[[5.917262,51.147418],[5.91753,51.146643],[5.917417,51.143316],[5.913516,51.141149],[5.909667,51.138955],[5.90596,51.136824],[5.901901,51.134578],[5.898086,51.132425],[5.893426,51.131677],[5.887952,51.13079],[5.882905,51.129964],[5.877675,51.129139],[5.872512,51.128313],[5.868036,51.127578],[5.863636,51.126865],[5.861576,51.126515],[5.858403,51.125976],[5.857644,51.125847],[5.855591,51.125546],[5.855169,51.125485],[5.853112,51.125184],[5.853024,51.125171],[5.852704,51.125124],[5.852403,51.12508],[5.847375,51.124522],[5.841731,51.123909],[5.836957,51.123405],[5.832001,51.122834],[5.828944,51.122503],[5.828505,51.122456],[5.826796,51.122271],[5.825248,51.122108],[5.825105,51.122093],[5.824877,51.122069],[5.824836,51.122065],[5.824689,51.12205],[5.82465,51.122045],[5.824422,51.122021],[5.823704,51.121946],[5.823608,51.121936],[5.823596,51.121935],[5.823556,51.12193],[5.823516,51.121926],[5.82351,51.121926],[5.823111,51.121884],[5.823092,51.121882],[5.823061,51.121878],[5.82304,51.121876],[5.823015,51.121874],[5.82165,51.12173],[5.819911,51.12154],[5.819827,51.121531],[5.818823,51.121421],[5.818678,51.121406],[5.817687,51.121297],[5.816291,51.121145],[5.811324,51.120595],[5.808524,51.12053]],"type":"LineString"},"id":"e429acfe-4a26-581e-8e5d-e13ee9f53680","properties":{"ASSET_KIND":"official_transmission_line","EVIDENCE":"official","GEOMETRY_CONFIDENCE":"official-top10nl-1:10000-rounded-6dp-no-simplification","HEIGHT_LEVEL":0,"LOCAL_ID":"122082989","MUTATION_TYPE":"werkelijke verandering","NAME":null,"NAMESPACE":"NL.TOP10NL","NUMBER":null,"OBJECT_BEGIN_DATE":"2011-08-25","ORIGINAL_ID":"e429acfe-4a26-581e-8e5d-e13ee9f53680","REGION_KEY":"netherlands","REGISTRATION_DATE":"2021-02-01","SOURCE_ACCURACY_M":0.1,"SOURCE_DATE":"2026-06-01","SOURCE_FEATURE_DATE":"2020-01-01","SOURCE_ID":"nl-kadaster-top10nl-high-voltage-2026-06","SOURCE_LICENSE":"CC BY 4.0","SOURCE_METHOD":"luchtfoto","SOURCE_URL":"https://api.pdok.nl/kadaster/brt-top10nl/ogc/v1","TOP10NL_CODE":481,"TOP10NL_TYPE":"hoogspanningsleiding","VISUALISATION_CODE":15210,"VOLTAGE_KV":null},"type":"Feature"},{"geometry":{"coordinates":[[6.839099,53.295481],[6.842382,53.295773],[6.847163,53.295905],[6.85197,53.296036],[6.856811,53.296183],[6.861632,53.296318],[6.866465,53.296445],[6.87128,53.296587],[6.876133,53.296717],[6.880974,53.296859],[6.885788,53.296997],[6.890728,53.297129],[6.895648,53.297273],[6.900614,53.297401],[6.903928,53.297509],[6.908907,53.297636],[6.913749,53.297781],[6.918616,53.297909],[6.923218,53.298032],[6.928224,53.29817],[6.933191,53.298308],[6.938138,53.298442],[6.942787,53.298564],[6.946218,53.300463],[6.949648,53.302318],[6.952309,53.302616],[6.95582,53.303049],[6.957752,53.303115],[6.958886,53.304141]],"type":"LineString"},"id":"e42b7ae5-2ac1-504c-ac08-584c903b8f21","properties":{"ASSET_KIND":"official_transmission_line","EVIDENCE":"official","GEOMETRY_CONFIDENCE":"official-top10nl-1:10000-rounded-6dp-no-simplification","HEIGHT_LEVEL":0,"LOCAL_ID":"122083072","MUTATION_TYPE":null,"NAME":null,"NAMESPACE":"NL.TOP10NL","NUMBER":null,"OBJECT_BEGIN_DATE":"2011-08-25","ORIGINAL_ID":"e42b7ae5-2ac1-504c-ac08-584c903b8f21","REGION_KEY":"netherlands","REGISTRATION_DATE":"2019-02-01","SOURCE_ACCURACY_M":0.1,"SOURCE_DATE":"2026-06-01","SOURCE_FEATURE_DATE":"2018-01-01","SOURCE_ID":"nl-kadaster-top10nl-high-voltage-2026-06","SOURCE_LICENSE":"CC BY 4.0","SOURCE_METHOD":"luchtfoto","SOURCE_URL":"https://api.pdok.nl/kadaster/brt-top10nl/ogc/v1","TOP10NL_CODE":481,"TOP10NL_TYPE":"hoogspanningsleiding","VISUALISATION_CODE":15210,"VOLTAGE_KV":null},"type":"Feature"},{"geometry":{"coordinates":[[6.160231,52.345214],[6.156654,52.345276],[6.152104,52.346157],[6.147367,52.347055],[6.142796,52.347918],[6.138377,52.348708],[6.135053,52.35104],[6.131819,52.353332],[6.12864,52.355612],[6.126828,52.35701],[6.126865,52.357358]],"type":"LineString"},"id":"e4cf3375-bc46-5899-9d8d-182b769b6c81","properties":{"ASSET_KIND":"official_transmission_line","EVIDENCE":"official","GEOMETRY_CONFIDENCE":"official-top10nl-1:10000-rounded-6dp-no-simplification","HEIGHT_LEVEL":0,"LOCAL_ID":"122082899","MUTATION_TYPE":null,"NAME":null,"NAMESPACE":"NL.TOP10NL","NUMBER":null,"OBJECT_BEGIN_DATE":"2011-08-25","ORIGINAL_ID":"e4cf3375-bc46-5899-9d8d-182b769b6c81","REGION_KEY":"netherlands","REGISTRATION_DATE":"2019-02-01","SOURCE_ACCURACY_M":0.1,"SOURCE_DATE":"2026-06-01","SOURCE_FEATURE_DATE":"2018-01-01","SOURCE_ID":"nl-kadaster-top10nl-high-voltage-2026-06","SOURCE_LICENSE":"CC BY 4.0","SOURCE_METHOD":"luchtfoto","SOURCE_URL":"https://api.pdok.nl/kadaster/brt-top10nl/ogc/v1","TOP10NL_CODE":481,"TOP10NL_TYPE":"hoogspanningsleiding","VISUALISATION_CODE":15210,"VOLTAGE_KV":null},"type":"Feature"},{"geometry":{"coordinates":[[6.182103,52.53297],[6.186654,52.530092],[6.187335,52.529638],[6.189147,52.529705]],"type":"LineString"},"id":"e5c9ed0a-04bb-53b0-b061-8733b08c9826","properties":{"ASSET_KIND":"official_transmission_line","EVIDENCE":"official","GEOMETRY_CONFIDENCE":"official-top10nl-1:10000-rounded-6dp-no-simplification","HEIGHT_LEVEL":0,"LOCAL_ID":"122083307","MUTATION_TYPE":null,"NAME":null,"NAMESPACE":"NL.TOP10NL","NUMBER":null,"OBJECT_BEGIN_DATE":"2011-08-25","ORIGINAL_ID":"e5c9ed0a-04bb-53b0-b061-8733b08c9826","REGION_KEY":"netherlands","REGISTRATION_DATE":"2019-02-01","SOURCE_ACCURACY_M":0.1,"SOURCE_DATE":"2026-06-01","SOURCE_FEATURE_DATE":"2018-01-01","SOURCE_ID":"nl-kadaster-top10nl-high-voltage-2026-06","SOURCE_LICENSE":"CC BY 4.0","SOURCE_METHOD":"luchtfoto","SOURCE_URL":"https://api.pdok.nl/kadaster/brt-top10nl/ogc/v1","TOP10NL_CODE":481,"TOP10NL_TYPE":"hoogspanningsleiding","VISUALISATION_CODE":15210,"VOLTAGE_KV":null},"type":"Feature"},{"geometry":{"coordinates":[[5.501116,52.225603],[5.5015,52.225551],[5.502991,52.224271],[5.504413,52.223057],[5.506375,52.221374],[5.508236,52.219759],[5.509946,52.218308],[5.511651,52.216843],[5.513338,52.215388],[5.515057,52.213914],[5.516766,52.212468],[5.518453,52.211025],[5.520185,52.209557],[5.521913,52.2081],[5.523604,52.206657],[5.525335,52.205182],[5.527049,52.203725],[5.528758,52.202265],[5.53048,52.200813],[5.532157,52.199328],[5.533911,52.197879],[5.535313,52.196675],[5.535211,52.19502],[5.535114,52.193354],[5.535017,52.19169],[5.53492,52.190033],[5.534823,52.188358],[5.534726,52.186689],[5.534624,52.185073],[5.534532,52.183519],[5.534454,52.18196],[5.534348,52.180412],[5.53426,52.178861],[5.535904,52.177367],[5.537501,52.175834],[5.539172,52.174396],[5.54081,52.172905],[5.542458,52.171405],[5.544069,52.169923],[5.545698,52.168437],[5.546729,52.16751],[5.546918,52.167338],[5.548339,52.166046],[5.548481,52.165917],[5.548629,52.165783],[5.548657,52.165757],[5.54869,52.165728],[5.548748,52.165675],[5.548791,52.165635],[5.548858,52.165574],[5.548925,52.165513],[5.549004,52.165441],[5.549139,52.165319],[5.54915,52.165308],[5.549205,52.165258],[5.550005,52.16453],[5.5501,52.164443],[5.551638,52.163047],[5.552417,52.162018],[5.553587,52.16048],[5.554758,52.15895],[5.555924,52.157405],[5.557099,52.155858],[5.55823,52.154322],[5.55942,52.152793],[5.560272,52.151237],[5.56126,52.149395],[5.562185,52.147673],[5.563173,52.145902],[5.564036,52.144275],[5.56495,52.14262],[5.565933,52.140863],[5.566841,52.139151],[5.567777,52.137436],[5.56818,52.136672],[5.568987,52.136875]],"type":"LineString"},"id":"e5f05379-f86a-50d2-a845-c88297d43e41","properties":{"ASSET_KIND":"official_transmission_line","EVIDENCE":"official","GEOMETRY_CONFIDENCE":"official-top10nl-1:10000-rounded-6dp-no-simplification","HEIGHT_LEVEL":0,"LOCAL_ID":"131831559","MUTATION_TYPE":"werkelijke verandering","NAME":null,"NAMESPACE":"NL.TOP10NL","NUMBER":null,"OBJECT_BEGIN_DATE":"2023-02-01","ORIGINAL_ID":"e5f05379-f86a-50d2-a845-c88297d43e41","REGION_KEY":"netherlands","REGISTRATION_DATE":"2023-02-01","SOURCE_ACCURACY_M":0.1,"SOURCE_DATE":"2026-06-01","SOURCE_FEATURE_DATE":"2022-01-01","SOURCE_ID":"nl-kadaster-top10nl-high-voltage-2026-06","SOURCE_LICENSE":"CC BY 4.0","SOURCE_METHOD":"luchtfoto","SOURCE_URL":"https://api.pdok.nl/kadaster/brt-top10nl/ogc/v1","TOP10NL_CODE":481,"TOP10NL_TYPE":"hoogspanningsleiding","VISUALISATION_CODE":15210,"VOLTAGE_KV":null},"type":"Feature"},{"geometry":{"coordinates":[[5.886175,50.854632],[5.886159,50.854631]],"type":"LineString"},"id":"e624514d-9a05-592d-ad43-11b60130e0a8","properties":{"ASSET_KIND":"official_transmission_line","EVIDENCE":"official","GEOMETRY_CONFIDENCE":"official-top10nl-1:10000-rounded-6dp-no-simplification","HEIGHT_LEVEL":0,"LOCAL_ID":"122083324","MUTATION_TYPE":null,"NAME":null,"NAMESPACE":"NL.TOP10NL","NUMBER":null,"OBJECT_BEGIN_DATE":"2011-08-25","ORIGINAL_ID":"e624514d-9a05-592d-ad43-11b60130e0a8","REGION_KEY":"netherlands","REGISTRATION_DATE":"2019-02-01","SOURCE_ACCURACY_M":0.1,"SOURCE_DATE":"2026-06-01","SOURCE_FEATURE_DATE":"2018-01-01","SOURCE_ID":"nl-kadaster-top10nl-high-voltage-2026-06","SOURCE_LICENSE":"CC BY 4.0","SOURCE_METHOD":"luchtfoto","SOURCE_URL":"https://api.pdok.nl/kadaster/brt-top10nl/ogc/v1","TOP10NL_CODE":481,"TOP10NL_TYPE":"hoogspanningsleiding","VISUALISATION_CODE":15210,"VOLTAGE_KV":null},"type":"Feature"},{"geometry":{"coordinates":[[6.278407,52.372295],[6.282427,52.372046],[6.287542,52.371731],[6.292661,52.371405],[6.297763,52.371079],[6.302871,52.370759],[6.307973,52.37044],[6.313098,52.370105],[6.318182,52.3698],[6.323307,52.369465],[6.328409,52.369137],[6.333154,52.368834],[6.338023,52.369854],[6.342886,52.370868],[6.347755,52.371875],[6.35262,52.372888],[6.357482,52.373905],[6.361761,52.374794],[6.366817,52.374254],[6.371866,52.373714],[6.37688,52.373178],[6.382036,52.372633],[6.387156,52.37208],[6.392258,52.371539],[6.397355,52.370994],[6.402467,52.370641],[6.407561,52.370277],[6.41233,52.369952],[6.417424,52.369614],[6.422519,52.369268],[6.427613,52.368917],[6.430845,52.368689],[6.431484,52.368646],[6.432589,52.368572],[6.432706,52.368564],[6.432751,52.368561],[6.432962,52.368547],[6.434968,52.368224],[6.436536,52.368115],[6.437026,52.368082],[6.439047,52.367922],[6.439466,52.367899],[6.441083,52.36781],[6.442879,52.367856]],"type":"LineString"},"id":"e62ac3b2-a468-592a-9379-817bc75633d9","properties":{"ASSET_KIND":"official_transmission_line","EVIDENCE":"official","GEOMETRY_CONFIDENCE":"official-top10nl-1:10000-rounded-6dp-no-simplification","HEIGHT_LEVEL":0,"LOCAL_ID":"132518114","MUTATION_TYPE":"kwaliteitsverbetering","NAME":null,"NAMESPACE":"NL.TOP10NL","NUMBER":null,"OBJECT_BEGIN_DATE":"2025-09-01","ORIGINAL_ID":"e62ac3b2-a468-592a-9379-817bc75633d9","REGION_KEY":"netherlands","REGISTRATION_DATE":"2025-09-01","SOURCE_ACCURACY_M":0.1,"SOURCE_DATE":"2026-06-01","SOURCE_FEATURE_DATE":"2024-01-01","SOURCE_ID":"nl-kadaster-top10nl-high-voltage-2026-06","SOURCE_LICENSE":"CC BY 4.0","SOURCE_METHOD":"luchtfoto","SOURCE_URL":"https://api.pdok.nl/kadaster/brt-top10nl/ogc/v1","TOP10NL_CODE":481,"TOP10NL_TYPE":"hoogspanningsleiding","VISUALISATION_CODE":15210,"VOLTAGE_KV":null},"type":"Feature"},{"geometry":{"coordinates":[[6.035748,52.19604],[6.036858,52.196045],[6.040791,52.197772],[6.044002,52.199171],[6.047069,52.200482],[6.050123,52.20182],[6.053586,52.203327],[6.055945,52.205489],[6.058312,52.207656],[6.060673,52.209844],[6.062925,52.21194],[6.065285,52.214111],[6.067625,52.216286],[6.069863,52.21833],[6.072405,52.220684],[6.074795,52.222867],[6.077367,52.22522],[6.079613,52.227273],[6.081968,52.22943],[6.084316,52.231592],[6.086692,52.233749],[6.087207,52.235583],[6.087435,52.236419],[6.088731,52.238442],[6.090137,52.240631],[6.091697,52.243078],[6.093222,52.245481],[6.094775,52.247915],[6.096278,52.250283],[6.097809,52.252646],[6.099326,52.255041],[6.100858,52.257408],[6.100896,52.260391],[6.100838,52.262847],[6.097732,52.265269],[6.094576,52.267753],[6.091659,52.269998],[6.088488,52.27246],[6.085734,52.274595],[6.082548,52.277074],[6.0808,52.280049],[6.079051,52.283011],[6.077372,52.285867],[6.075623,52.288829],[6.073887,52.291755],[6.072326,52.294409],[6.070583,52.297375],[6.06884,52.300324],[6.067111,52.303281],[6.06673,52.306432],[6.066363,52.30959],[6.065994,52.31283]],"type":"LineString"},"id":"e6e9930d-b6f6-512f-8bfb-eba9b63d0776","properties":{"ASSET_KIND":"official_transmission_line","EVIDENCE":"official","GEOMETRY_CONFIDENCE":"official-top10nl-1:10000-rounded-6dp-no-simplification","HEIGHT_LEVEL":0,"LOCAL_ID":"122083132","MUTATION_TYPE":null,"NAME":null,"NAMESPACE":"NL.TOP10NL","NUMBER":null,"OBJECT_BEGIN_DATE":"2011-08-25","ORIGINAL_ID":"e6e9930d-b6f6-512f-8bfb-eba9b63d0776","REGION_KEY":"netherlands","REGISTRATION_DATE":"2019-02-01","SOURCE_ACCURACY_M":0.1,"SOURCE_DATE":"2026-06-01","SOURCE_FEATURE_DATE":"2018-01-01","SOURCE_ID":"nl-kadaster-top10nl-high-voltage-2026-06","SOURCE_LICENSE":"CC BY 4.0","SOURCE_METHOD":"luchtfoto","SOURCE_URL":"https://api.pdok.nl/kadaster/brt-top10nl/ogc/v1","TOP10NL_CODE":481,"TOP10NL_TYPE":"hoogspanningsleiding","VISUALISATION_CODE":15210,"VOLTAGE_KV":null},"type":"Feature"},{"geometry":{"coordinates":[[6.250669,51.982769],[6.251398,51.982687]],"type":"LineString"},"id":"e7d053a3-394d-557b-a38c-af0edd1dfda5","properties":{"ASSET_KIND":"official_transmission_line","EVIDENCE":"official","GEOMETRY_CONFIDENCE":"official-top10nl-1:10000-rounded-6dp-no-simplification","HEIGHT_LEVEL":0,"LOCAL_ID":"122082998","MUTATION_TYPE":null,"NAME":null,"NAMESPACE":"NL.TOP10NL","NUMBER":null,"OBJECT_BEGIN_DATE":"2011-08-25","ORIGINAL_ID":"e7d053a3-394d-557b-a38c-af0edd1dfda5","REGION_KEY":"netherlands","REGISTRATION_DATE":"2019-02-01","SOURCE_ACCURACY_M":0.1,"SOURCE_DATE":"2026-06-01","SOURCE_FEATURE_DATE":"2018-01-01","SOURCE_ID":"nl-kadaster-top10nl-high-voltage-2026-06","SOURCE_LICENSE":"CC BY 4.0","SOURCE_METHOD":"luchtfoto","SOURCE_URL":"https://api.pdok.nl/kadaster/brt-top10nl/ogc/v1","TOP10NL_CODE":481,"TOP10NL_TYPE":"hoogspanningsleiding","VISUALISATION_CODE":15210,"VOLTAGE_KV":null},"type":"Feature"},{"geometry":{"coordinates":[[5.539433,52.575864],[5.538953,52.576024]],"type":"LineString"},"id":"e7e0b17c-3d23-5027-94b4-fc80a6c75f9b","properties":{"ASSET_KIND":"official_transmission_line","EVIDENCE":"official","GEOMETRY_CONFIDENCE":"official-top10nl-1:10000-rounded-6dp-no-simplification","HEIGHT_LEVEL":0,"LOCAL_ID":"131103014","MUTATION_TYPE":"kwaliteitsverbetering","NAME":null,"NAMESPACE":"NL.TOP10NL","NUMBER":null,"OBJECT_BEGIN_DATE":"2020-04-01","ORIGINAL_ID":"e7e0b17c-3d23-5027-94b4-fc80a6c75f9b","REGION_KEY":"netherlands","REGISTRATION_DATE":"2020-04-01","SOURCE_ACCURACY_M":0.1,"SOURCE_DATE":"2026-06-01","SOURCE_FEATURE_DATE":"2019-01-01","SOURCE_ID":"nl-kadaster-top10nl-high-voltage-2026-06","SOURCE_LICENSE":"CC BY 4.0","SOURCE_METHOD":"luchtfoto","SOURCE_URL":"https://api.pdok.nl/kadaster/brt-top10nl/ogc/v1","TOP10NL_CODE":481,"TOP10NL_TYPE":"hoogspanningsleiding","VISUALISATION_CODE":15210,"VOLTAGE_KV":null},"type":"Feature"},{"geometry":{"coordinates":[[5.671047,51.929363],[5.670578,51.929677],[5.668028,51.931244],[5.665056,51.933085],[5.662089,51.934947],[5.659111,51.936792],[5.656155,51.93864],[5.653057,51.940564],[5.650028,51.942447],[5.647206,51.944186],[5.644378,51.945932],[5.640719,51.947655],[5.637336,51.949224],[5.633857,51.95087],[5.632678,51.953335],[5.631808,51.955579],[5.631122,51.957348],[5.628546,51.959726],[5.625952,51.96212],[5.623329,51.964533],[5.620712,51.966927],[5.618162,51.969252],[5.615652,51.971604],[5.613,51.974034],[5.610393,51.97641],[5.607915,51.978686],[5.605347,51.98107],[5.602835,51.983366],[5.600323,51.985704],[5.59772,51.988059],[5.595174,51.990398],[5.592649,51.992728],[5.590102,51.99507],[5.587572,51.997422],[5.585035,51.999707],[5.582459,52.002087],[5.579968,52.004393],[5.578404,52.005919]],"type":"LineString"},"id":"e9e539ca-c5e3-5b02-b9a8-9a8fa10a6eb2","properties":{"ASSET_KIND":"official_transmission_line","EVIDENCE":"official","GEOMETRY_CONFIDENCE":"official-top10nl-1:10000-rounded-6dp-no-simplification","HEIGHT_LEVEL":0,"LOCAL_ID":"122083167","MUTATION_TYPE":null,"NAME":null,"NAMESPACE":"NL.TOP10NL","NUMBER":null,"OBJECT_BEGIN_DATE":"2011-08-25","ORIGINAL_ID":"e9e539ca-c5e3-5b02-b9a8-9a8fa10a6eb2","REGION_KEY":"netherlands","REGISTRATION_DATE":"2019-02-01","SOURCE_ACCURACY_M":0.1,"SOURCE_DATE":"2026-06-01","SOURCE_FEATURE_DATE":"2018-01-01","SOURCE_ID":"nl-kadaster-top10nl-high-voltage-2026-06","SOURCE_LICENSE":"CC BY 4.0","SOURCE_METHOD":"luchtfoto","SOURCE_URL":"https://api.pdok.nl/kadaster/brt-top10nl/ogc/v1","TOP10NL_CODE":481,"TOP10NL_TYPE":"hoogspanningsleiding","VISUALISATION_CODE":15210,"VOLTAGE_KV":null},"type":"Feature"},{"geometry":{"coordinates":[[6.837154,52.73258],[6.838063,52.736742],[6.838949,52.740934],[6.839834,52.745126],[6.840703,52.749294],[6.841581,52.753476],[6.842433,52.757609],[6.843351,52.761772],[6.843461,52.76231],[6.843478,52.76239],[6.843498,52.762489],[6.843512,52.762556],[6.843531,52.76265],[6.843537,52.762677],[6.843544,52.762714],[6.84355,52.762742],[6.843558,52.762783],[6.844125,52.765544],[6.844213,52.765974],[6.845109,52.77019],[6.845324,52.771246],[6.845337,52.771311],[6.845378,52.771514],[6.845577,52.772492],[6.845597,52.772589],[6.845843,52.773797],[6.845852,52.773845],[6.845892,52.774038],[6.845964,52.774393],[6.846862,52.778683],[6.847703,52.782683],[6.848589,52.786826],[6.849468,52.791008],[6.850374,52.795269],[6.853062,52.799079],[6.855756,52.803042],[6.862675,52.803784],[6.869554,52.804522],[6.876268,52.805182],[6.883032,52.805891],[6.889838,52.806613],[6.896847,52.807347],[6.903751,52.808083],[6.910737,52.808816],[6.917625,52.809556],[6.923589,52.811721],[6.929661,52.813958],[6.935722,52.816102],[6.941744,52.818284],[6.947718,52.820468]],"type":"LineString"},"id":"eaa8ac63-2b59-5306-95ca-dc0527c089cc","properties":{"ASSET_KIND":"official_transmission_line","EVIDENCE":"official","GEOMETRY_CONFIDENCE":"official-top10nl-1:10000-rounded-6dp-no-simplification","HEIGHT_LEVEL":0,"LOCAL_ID":"128431956","MUTATION_TYPE":null,"NAME":null,"NAMESPACE":"NL.TOP10NL","NUMBER":null,"OBJECT_BEGIN_DATE":"2015-01-24","ORIGINAL_ID":"eaa8ac63-2b59-5306-95ca-dc0527c089cc","REGION_KEY":"netherlands","REGISTRATION_DATE":"2019-02-01","SOURCE_ACCURACY_M":0.1,"SOURCE_DATE":"2026-06-01","SOURCE_FEATURE_DATE":"2018-01-01","SOURCE_ID":"nl-kadaster-top10nl-high-voltage-2026-06","SOURCE_LICENSE":"CC BY 4.0","SOURCE_METHOD":"luchtfoto","SOURCE_URL":"https://api.pdok.nl/kadaster/brt-top10nl/ogc/v1","TOP10NL_CODE":481,"TOP10NL_TYPE":"hoogspanningsleiding","VISUALISATION_CODE":15210,"VOLTAGE_KV":null},"type":"Feature"},{"geometry":{"coordinates":[[5.296595,51.71029],[5.297391,51.712183],[5.300682,51.713097],[5.303979,51.714018],[5.30727,51.714947],[5.310576,51.715863],[5.313865,51.716773],[5.317435,51.717764],[5.321399,51.718882],[5.325346,51.719983],[5.32876,51.720933],[5.331322,51.721648],[5.335157,51.722699],[5.339383,51.723898],[5.343231,51.724974],[5.346695,51.725934],[5.350449,51.72698],[5.354156,51.728004],[5.358105,51.729114],[5.361941,51.73018],[5.365691,51.73123],[5.369527,51.732296],[5.373423,51.733372],[5.37726,51.734442],[5.381086,51.735497],[5.384999,51.7366],[5.388939,51.737676],[5.392852,51.738785],[5.396771,51.739877],[5.4007,51.740965],[5.404609,51.742054],[5.40855,51.743146],[5.412458,51.744234],[5.416383,51.745329],[5.420298,51.746424],[5.424272,51.747518],[5.428111,51.748599],[5.431923,51.74964],[5.435758,51.750704],[5.439527,51.751755],[5.443405,51.752828],[5.44725,51.753899],[5.451074,51.754962],[5.45491,51.756026],[5.45875,51.757089],[5.46258,51.758149],[5.466405,51.759215],[5.470111,51.760241],[5.474007,51.761324],[5.47781,51.762377],[5.480839,51.764325],[5.483818,51.766239],[5.486809,51.768184],[5.4898,51.770108],[5.492802,51.772055],[5.497141,51.772701],[5.501642,51.773397],[5.506133,51.77406],[5.510414,51.774708],[5.515065,51.775135],[5.51972,51.77557],[5.524192,51.775141],[5.528659,51.774709],[5.533282,51.77469],[5.537759,51.774678],[5.542344,51.77466],[5.546888,51.774611],[5.55068,51.772951],[5.551159,51.770123],[5.551655,51.767264],[5.552044,51.765033]],"type":"LineString"},"id":"eab29bed-96f6-5084-82a3-fec230128979","properties":{"ASSET_KIND":"official_transmission_line","EVIDENCE":"official","GEOMETRY_CONFIDENCE":"official-top10nl-1:10000-rounded-6dp-no-simplification","HEIGHT_LEVEL":0,"LOCAL_ID":"126037305","MUTATION_TYPE":"werkelijke verandering","NAME":null,"NAMESPACE":"NL.TOP10NL","NUMBER":null,"OBJECT_BEGIN_DATE":"2013-05-31","ORIGINAL_ID":"eab29bed-96f6-5084-82a3-fec230128979","REGION_KEY":"netherlands","REGISTRATION_DATE":"2021-04-01","SOURCE_ACCURACY_M":0.1,"SOURCE_DATE":"2026-06-01","SOURCE_FEATURE_DATE":"2020-01-01","SOURCE_ID":"nl-kadaster-top10nl-high-voltage-2026-06","SOURCE_LICENSE":"CC BY 4.0","SOURCE_METHOD":"luchtfoto","SOURCE_URL":"https://api.pdok.nl/kadaster/brt-top10nl/ogc/v1","TOP10NL_CODE":481,"TOP10NL_TYPE":"hoogspanningsleiding","VISUALISATION_CODE":15210,"VOLTAGE_KV":null},"type":"Feature"},{"geometry":{"coordinates":[[6.157676,51.376107],[6.157121,51.376314],[6.1554,51.377294],[6.152271,51.378973],[6.148943,51.380807],[6.145279,51.38121],[6.142361,51.380675],[6.139788,51.38019],[6.137789,51.378574],[6.135157,51.376444],[6.132506,51.374315],[6.130032,51.37227],[6.127599,51.370289],[6.125245,51.368365],[6.12283,51.366324],[6.121068,51.364812],[6.11872,51.362818],[6.11653,51.360946],[6.114037,51.358819],[6.111531,51.356668],[6.108986,51.354525],[6.106987,51.352794],[6.10489,51.350994],[6.102866,51.349264],[6.100948,51.347613],[6.098869,51.345296],[6.097447,51.343769]],"type":"LineString"},"id":"eaf34aff-5d00-55fe-aaa4-28a0800bb493","properties":{"ASSET_KIND":"official_transmission_line","EVIDENCE":"official","GEOMETRY_CONFIDENCE":"official-top10nl-1:10000-rounded-6dp-no-simplification","HEIGHT_LEVEL":0,"LOCAL_ID":"122083016","MUTATION_TYPE":null,"NAME":null,"NAMESPACE":"NL.TOP10NL","NUMBER":null,"OBJECT_BEGIN_DATE":"2011-08-25","ORIGINAL_ID":"eaf34aff-5d00-55fe-aaa4-28a0800bb493","REGION_KEY":"netherlands","REGISTRATION_DATE":"2019-02-01","SOURCE_ACCURACY_M":0.1,"SOURCE_DATE":"2026-06-01","SOURCE_FEATURE_DATE":"2018-01-01","SOURCE_ID":"nl-kadaster-top10nl-high-voltage-2026-06","SOURCE_LICENSE":"CC BY 4.0","SOURCE_METHOD":"luchtfoto","SOURCE_URL":"https://api.pdok.nl/kadaster/brt-top10nl/ogc/v1","TOP10NL_CODE":481,"TOP10NL_TYPE":"hoogspanningsleiding","VISUALISATION_CODE":15210,"VOLTAGE_KV":null},"type":"Feature"},{"geometry":{"coordinates":[[5.381458,51.890364],[5.377585,51.888521],[5.37373,51.886698],[5.369913,51.884901],[5.367034,51.883508],[5.365767,51.880518],[5.364555,51.87771],[5.363459,51.875188],[5.362198,51.872237],[5.360925,51.869239]],"type":"LineString"},"id":"eb425beb-2235-5ec2-a25a-02e6f12e4720","properties":{"ASSET_KIND":"official_transmission_line","EVIDENCE":"official","GEOMETRY_CONFIDENCE":"official-top10nl-1:10000-rounded-6dp-no-simplification","HEIGHT_LEVEL":0,"LOCAL_ID":"131829191","MUTATION_TYPE":"werkelijke verandering","NAME":null,"NAMESPACE":"NL.TOP10NL","NUMBER":null,"OBJECT_BEGIN_DATE":"2023-02-01","ORIGINAL_ID":"eb425beb-2235-5ec2-a25a-02e6f12e4720","REGION_KEY":"netherlands","REGISTRATION_DATE":"2023-02-01","SOURCE_ACCURACY_M":0.1,"SOURCE_DATE":"2026-06-01","SOURCE_FEATURE_DATE":"2022-01-01","SOURCE_ID":"nl-kadaster-top10nl-high-voltage-2026-06","SOURCE_LICENSE":"CC BY 4.0","SOURCE_METHOD":"luchtfoto","SOURCE_URL":"https://api.pdok.nl/kadaster/brt-top10nl/ogc/v1","TOP10NL_CODE":481,"TOP10NL_TYPE":"hoogspanningsleiding","VISUALISATION_CODE":15210,"VOLTAGE_KV":null},"type":"Feature"},{"geometry":{"coordinates":[[5.971278,52.183129],[5.971242,52.181963],[5.971172,52.179286],[5.971105,52.176988],[5.971044,52.174194],[5.970993,52.172218],[5.970917,52.169382],[5.970773,52.1669],[5.970675,52.164226],[5.970548,52.161663],[5.970429,52.15923],[5.9703,52.156575],[5.969786,52.154495],[5.969702,52.154155],[5.969475,52.153128],[5.969466,52.153085],[5.969458,52.153049],[5.969248,52.1521],[5.969213,52.151942],[5.969205,52.151904],[5.969197,52.151868],[5.969067,52.15128],[5.968887,52.150532],[5.968874,52.150479],[5.968866,52.150444],[5.968327,52.148207],[5.968012,52.146834],[5.967685,52.14541],[5.967069,52.142743],[5.966505,52.140458],[5.965881,52.137854],[5.965833,52.13764],[5.965626,52.136731],[5.965574,52.136499],[5.965395,52.135707],[5.96529,52.135247],[5.964759,52.133393],[5.964612,52.132881],[5.964566,52.13272],[5.964343,52.131886],[5.964336,52.131862],[5.964329,52.131836],[5.964179,52.131277],[5.963852,52.130057],[5.963381,52.128344],[5.963372,52.128311],[5.963243,52.127845],[5.963132,52.12744],[5.9631,52.127325],[5.963067,52.127203],[5.963051,52.127143],[5.963039,52.127098],[5.963025,52.127048],[5.963002,52.126964],[5.962977,52.126872],[5.962977,52.126869],[5.96294,52.126733],[5.962912,52.126633],[5.962891,52.126554],[5.962824,52.126309],[5.962785,52.126165],[5.96272,52.125924],[5.962568,52.125363],[5.962401,52.124747],[5.962104,52.123695],[5.961656,52.122108],[5.96091,52.119349],[5.960159,52.116655],[5.959267,52.113711],[5.958577,52.111381],[5.957783,52.108753],[5.957113,52.106539],[5.956228,52.103626],[5.955927,52.102516],[5.955907,52.102444],[5.955899,52.102413],[5.95589,52.102382],[5.955457,52.100973],[5.954567,52.098061],[5.954182,52.096749],[5.953753,52.095291],[5.952959,52.092636],[5.952238,52.090221],[5.951548,52.087864],[5.950729,52.085163],[5.94991,52.082466],[5.949147,52.079741],[5.948362,52.07721],[5.947549,52.074486],[5.94673,52.071766],[5.945911,52.069061],[5.945124,52.066387],[5.944331,52.063728],[5.943337,52.061519],[5.942142,52.058836],[5.940999,52.056283],[5.939844,52.053738],[5.938696,52.051178],[5.937489,52.048494],[5.936302,52.045899],[5.935211,52.043378],[5.934044,52.040829],[5.932883,52.038253],[5.93081,52.035984],[5.927578,52.034431],[5.924813,52.032463],[5.922009,52.030432],[5.919124,52.028348],[5.916397,52.026383],[5.913328,52.024172],[5.910475,52.022118],[5.907749,52.020149],[5.904701,52.018014],[5.901905,52.015968],[5.899048,52.01405],[5.896603,52.012427],[5.893659,52.010489],[5.893038,52.010066]],"type":"LineString"},"id":"ebcb3f47-7fb9-5ebf-86ca-aa5eaf1ecf20","properties":{"ASSET_KIND":"official_transmission_line","EVIDENCE":"official","GEOMETRY_CONFIDENCE":"official-top10nl-1:10000-rounded-6dp-no-simplification","HEIGHT_LEVEL":0,"LOCAL_ID":"129487718","MUTATION_TYPE":null,"NAME":null,"NAMESPACE":"NL.TOP10NL","NUMBER":null,"OBJECT_BEGIN_DATE":"2016-06-01","ORIGINAL_ID":"ebcb3f47-7fb9-5ebf-86ca-aa5eaf1ecf20","REGION_KEY":"netherlands","REGISTRATION_DATE":"2019-02-01","SOURCE_ACCURACY_M":0.1,"SOURCE_DATE":"2026-06-01","SOURCE_FEATURE_DATE":"2018-01-01","SOURCE_ID":"nl-kadaster-top10nl-high-voltage-2026-06","SOURCE_LICENSE":"CC BY 4.0","SOURCE_METHOD":"luchtfoto","SOURCE_URL":"https://api.pdok.nl/kadaster/brt-top10nl/ogc/v1","TOP10NL_CODE":481,"TOP10NL_TYPE":"hoogspanningsleiding","VISUALISATION_CODE":15210,"VOLTAGE_KV":null},"type":"Feature"},{"geometry":{"coordinates":[[5.618025,52.431747],[5.613905,52.429816],[5.609459,52.427742],[5.605064,52.425644],[5.600569,52.423547],[5.596073,52.421441],[5.591535,52.4193],[5.587221,52.417264],[5.583735,52.415624],[5.579306,52.41354],[5.576857,52.410903],[5.572594,52.408402],[5.568447,52.406011],[5.564272,52.403585],[5.560213,52.401189],[5.556104,52.398785],[5.552197,52.396185],[5.548334,52.393594],[5.544566,52.391096],[5.54066,52.38847],[5.536834,52.385909],[5.533669,52.383799],[5.530242,52.381503],[5.526433,52.378952],[5.522601,52.376408],[5.518792,52.373847],[5.514977,52.371295],[5.511198,52.36873],[5.507361,52.366186],[5.503539,52.363629],[5.498744,52.361555],[5.493913,52.359507],[5.489242,52.357494],[5.48444,52.355424],[5.479633,52.353358],[5.474832,52.351292],[5.470018,52.349225],[5.465226,52.347163],[5.461748,52.345682],[5.461048,52.345831]],"type":"LineString"},"id":"ed15dfd7-5b80-5ea3-88ed-ce3975b1958d","properties":{"ASSET_KIND":"official_transmission_line","EVIDENCE":"official","GEOMETRY_CONFIDENCE":"official-top10nl-1:10000-rounded-6dp-no-simplification","HEIGHT_LEVEL":0,"LOCAL_ID":"122083270","MUTATION_TYPE":null,"NAME":null,"NAMESPACE":"NL.TOP10NL","NUMBER":null,"OBJECT_BEGIN_DATE":"2011-08-25","ORIGINAL_ID":"ed15dfd7-5b80-5ea3-88ed-ce3975b1958d","REGION_KEY":"netherlands","REGISTRATION_DATE":"2019-02-01","SOURCE_ACCURACY_M":0.1,"SOURCE_DATE":"2026-06-01","SOURCE_FEATURE_DATE":"2018-01-01","SOURCE_ID":"nl-kadaster-top10nl-high-voltage-2026-06","SOURCE_LICENSE":"CC BY 4.0","SOURCE_METHOD":"luchtfoto","SOURCE_URL":"https://api.pdok.nl/kadaster/brt-top10nl/ogc/v1","TOP10NL_CODE":481,"TOP10NL_TYPE":"hoogspanningsleiding","VISUALISATION_CODE":15210,"VOLTAGE_KV":null},"type":"Feature"},{"geometry":{"coordinates":[[6.017127,50.869522],[6.017667,50.869138]],"type":"LineString"},"id":"ee120a96-ea2a-5a1d-b8b9-3c8fcbccdc24","properties":{"ASSET_KIND":"official_transmission_line","EVIDENCE":"official","GEOMETRY_CONFIDENCE":"official-top10nl-1:10000-rounded-6dp-no-simplification","HEIGHT_LEVEL":0,"LOCAL_ID":"122083148","MUTATION_TYPE":null,"NAME":null,"NAMESPACE":"NL.TOP10NL","NUMBER":null,"OBJECT_BEGIN_DATE":"2011-08-25","ORIGINAL_ID":"ee120a96-ea2a-5a1d-b8b9-3c8fcbccdc24","REGION_KEY":"netherlands","REGISTRATION_DATE":"2019-02-01","SOURCE_ACCURACY_M":0.1,"SOURCE_DATE":"2026-06-01","SOURCE_FEATURE_DATE":"2018-01-01","SOURCE_ID":"nl-kadaster-top10nl-high-voltage-2026-06","SOURCE_LICENSE":"CC BY 4.0","SOURCE_METHOD":"luchtfoto","SOURCE_URL":"https://api.pdok.nl/kadaster/brt-top10nl/ogc/v1","TOP10NL_CODE":481,"TOP10NL_TYPE":"hoogspanningsleiding","VISUALISATION_CODE":15210,"VOLTAGE_KV":null},"type":"Feature"},{"geometry":{"coordinates":[[5.686133,51.46366],[5.687186,51.463899],[5.68734,51.464099]],"type":"LineString"},"id":"ee1e0ddb-fbc9-5678-bc17-046f72cad0e4","properties":{"ASSET_KIND":"official_transmission_line","EVIDENCE":"official","GEOMETRY_CONFIDENCE":"official-top10nl-1:10000-rounded-6dp-no-simplification","HEIGHT_LEVEL":0,"LOCAL_ID":"122083024","MUTATION_TYPE":null,"NAME":null,"NAMESPACE":"NL.TOP10NL","NUMBER":null,"OBJECT_BEGIN_DATE":"2011-08-25","ORIGINAL_ID":"ee1e0ddb-fbc9-5678-bc17-046f72cad0e4","REGION_KEY":"netherlands","REGISTRATION_DATE":"2019-02-01","SOURCE_ACCURACY_M":0.1,"SOURCE_DATE":"2026-06-01","SOURCE_FEATURE_DATE":"2018-01-01","SOURCE_ID":"nl-kadaster-top10nl-high-voltage-2026-06","SOURCE_LICENSE":"CC BY 4.0","SOURCE_METHOD":"luchtfoto","SOURCE_URL":"https://api.pdok.nl/kadaster/brt-top10nl/ogc/v1","TOP10NL_CODE":481,"TOP10NL_TYPE":"hoogspanningsleiding","VISUALISATION_CODE":15210,"VOLTAGE_KV":null},"type":"Feature"},{"geometry":{"coordinates":[[5.871555,52.97363],[5.87057,52.974288],[5.868485,52.975135],[5.865379,52.977581],[5.862217,52.980042],[5.859102,52.982534],[5.85592,52.984982],[5.854333,52.987918],[5.85271,52.990887],[5.851095,52.993818],[5.849489,52.996781],[5.847856,52.999762],[5.846231,53.002715],[5.844798,53.005352],[5.843246,53.008164],[5.841704,53.011032],[5.840407,53.013377],[5.838445,53.01623],[5.836437,53.019145],[5.834603,53.021817],[5.832888,53.024299],[5.831063,53.026926],[5.829303,53.029548],[5.827532,53.032147],[5.825724,53.034702],[5.823917,53.037329],[5.822716,53.039069],[5.82257,53.03928],[5.822448,53.039456],[5.82087,53.041791],[5.820002,53.043021],[5.819592,53.043604],[5.819188,53.044175],[5.818589,53.045023],[5.818143,53.045656],[5.817869,53.046069],[5.817867,53.046072],[5.817831,53.046125],[5.817745,53.046255],[5.817284,53.04695],[5.817161,53.047135],[5.8155,53.049577],[5.815785,53.051785],[5.816152,53.054227],[5.816464,53.056664],[5.816804,53.059085],[5.81718,53.061678],[5.817588,53.064636],[5.817906,53.06698],[5.818267,53.069396],[5.818586,53.071842],[5.818979,53.07463],[5.819252,53.0767],[5.819696,53.079678],[5.818231,53.082718],[5.81678,53.085741],[5.815315,53.088768],[5.813884,53.091753],[5.812907,53.093798],[5.811572,53.096537],[5.810236,53.099297],[5.808915,53.10204],[5.807538,53.10489],[5.80621,53.107663],[5.804874,53.110431],[5.803648,53.112959],[5.802415,53.115554],[5.801168,53.118119],[5.799977,53.120638],[5.79853,53.123589],[5.797147,53.126555],[5.795735,53.129542],[5.794272,53.132576],[5.792843,53.135551],[5.791393,53.138581],[5.790039,53.141456],[5.78863,53.144403],[5.790025,53.147377],[5.791385,53.150297],[5.793657,53.151391],[5.797443,53.15321],[5.801376,53.155078],[5.805267,53.156917],[5.809165,53.158789],[5.812987,53.160611],[5.817012,53.162516],[5.820939,53.164404],[5.824811,53.166251],[5.827155,53.167352],[5.830383,53.168004],[5.833688,53.168688],[5.837404,53.169476],[5.842435,53.170537],[5.846367,53.171353],[5.85112,53.172348],[5.85478,53.173097],[5.859534,53.174093],[5.863362,53.174904],[5.868262,53.175919],[5.87168,53.17661],[5.872686,53.179623],[5.873635,53.182556],[5.874599,53.185514],[5.875611,53.188422],[5.8753,53.188945]],"type":"LineString"},"id":"ee91a93c-21c0-5e38-8d32-c5176e9d2eda","properties":{"ASSET_KIND":"official_transmission_line","EVIDENCE":"official","GEOMETRY_CONFIDENCE":"official-top10nl-1:10000-rounded-6dp-no-simplification","HEIGHT_LEVEL":0,"LOCAL_ID":"125541799","MUTATION_TYPE":null,"NAME":null,"NAMESPACE":"NL.TOP10NL","NUMBER":null,"OBJECT_BEGIN_DATE":"2013-01-25","ORIGINAL_ID":"ee91a93c-21c0-5e38-8d32-c5176e9d2eda","REGION_KEY":"netherlands","REGISTRATION_DATE":"2019-02-01","SOURCE_ACCURACY_M":0.1,"SOURCE_DATE":"2026-06-01","SOURCE_FEATURE_DATE":"2018-01-01","SOURCE_ID":"nl-kadaster-top10nl-high-voltage-2026-06","SOURCE_LICENSE":"CC BY 4.0","SOURCE_METHOD":"luchtfoto","SOURCE_URL":"https://api.pdok.nl/kadaster/brt-top10nl/ogc/v1","TOP10NL_CODE":481,"TOP10NL_TYPE":"hoogspanningsleiding","VISUALISATION_CODE":15210,"VOLTAGE_KV":null},"type":"Feature"},{"geometry":{"coordinates":[[4.224873,51.983032],[4.225095,51.983104],[4.227883,51.983945],[4.228473,51.984123],[4.2295,51.984433],[4.232641,51.985391],[4.232743,51.985423],[4.232753,51.985425],[4.233969,51.985797],[4.237492,51.986866],[4.23843,51.98715],[4.242932,51.988505],[4.247533,51.989854],[4.252002,51.99188],[4.255756,51.993593],[4.260332,51.99563],[4.264599,51.997654],[4.268822,51.999551],[4.273116,52.001515],[4.277286,52.003439],[4.281637,52.005396],[4.285997,52.00738],[4.290512,52.009466],[4.294827,52.01143],[4.299339,52.013445],[4.303267,52.015286],[4.30519,52.016156]],"type":"LineString"},"id":"f05721f8-d695-5532-97b5-5783d29873ed","properties":{"ASSET_KIND":"official_transmission_line","EVIDENCE":"official","GEOMETRY_CONFIDENCE":"official-top10nl-1:10000-rounded-6dp-no-simplification","HEIGHT_LEVEL":0,"LOCAL_ID":"126646704","MUTATION_TYPE":null,"NAME":null,"NAMESPACE":"NL.TOP10NL","NUMBER":null,"OBJECT_BEGIN_DATE":"2013-10-26","ORIGINAL_ID":"f05721f8-d695-5532-97b5-5783d29873ed","REGION_KEY":"netherlands","REGISTRATION_DATE":"2019-02-01","SOURCE_ACCURACY_M":0.1,"SOURCE_DATE":"2026-06-01","SOURCE_FEATURE_DATE":"2018-01-01","SOURCE_ID":"nl-kadaster-top10nl-high-voltage-2026-06","SOURCE_LICENSE":"CC BY 4.0","SOURCE_METHOD":"luchtfoto","SOURCE_URL":"https://api.pdok.nl/kadaster/brt-top10nl/ogc/v1","TOP10NL_CODE":481,"TOP10NL_TYPE":"hoogspanningsleiding","VISUALISATION_CODE":15210,"VOLTAGE_KV":null},"type":"Feature"},{"geometry":{"coordinates":[[3.730085,51.462867],[3.728614,51.465852],[3.727144,51.468841],[3.725706,51.471737],[3.723469,51.474207],[3.721249,51.476665],[3.717506,51.478421],[3.713821,51.480139],[3.709796,51.480725],[3.705754,51.481311],[3.701682,51.48085],[3.697593,51.480382],[3.693856,51.478898],[3.690079,51.4774],[3.686292,51.475894],[3.682532,51.474395],[3.678762,51.472896],[3.67511,51.471445],[3.671464,51.469994],[3.667835,51.468536],[3.664189,51.467096],[3.660628,51.465663],[3.657566,51.464648],[3.65726,51.464547],[3.656552,51.464312],[3.653989,51.463866],[3.653778,51.463829],[3.65367,51.46381],[3.653625,51.463802],[3.653593,51.463797],[3.652242,51.463562],[3.650549,51.463271],[3.650484,51.46326],[3.650344,51.463236],[3.650004,51.463178],[3.649831,51.463148],[3.648312,51.462887],[3.648181,51.462865],[3.647976,51.462829],[3.643714,51.462087],[3.639133,51.461289],[3.63544,51.459769],[3.631574,51.458175],[3.627742,51.456588],[3.624699,51.455358],[3.62169,51.454124],[3.621117,51.454145],[3.617213,51.454287],[3.616862,51.4543],[3.612046,51.454483],[3.607452,51.454644],[3.602635,51.454827],[3.597898,51.455003],[3.597099,51.454618],[3.596919,51.454531],[3.595941,51.45406],[3.595842,51.454012],[3.595802,51.453993],[3.595756,51.453971],[3.595701,51.453944],[3.595293,51.453747],[3.59516,51.453683],[3.595059,51.453634],[3.594736,51.453479],[3.591419,51.452027]],"type":"LineString"},"id":"f100e205-36ff-5c99-b1d5-40941b0ecc89","properties":{"ASSET_KIND":"official_transmission_line","EVIDENCE":"official","GEOMETRY_CONFIDENCE":"official-top10nl-1:10000-rounded-6dp-no-simplification","HEIGHT_LEVEL":0,"LOCAL_ID":"126065072","MUTATION_TYPE":null,"NAME":null,"NAMESPACE":"NL.TOP10NL","NUMBER":null,"OBJECT_BEGIN_DATE":"2013-05-31","ORIGINAL_ID":"f100e205-36ff-5c99-b1d5-40941b0ecc89","REGION_KEY":"netherlands","REGISTRATION_DATE":"2019-02-01","SOURCE_ACCURACY_M":0.1,"SOURCE_DATE":"2026-06-01","SOURCE_FEATURE_DATE":"2018-01-01","SOURCE_ID":"nl-kadaster-top10nl-high-voltage-2026-06","SOURCE_LICENSE":"CC BY 4.0","SOURCE_METHOD":"luchtfoto","SOURCE_URL":"https://api.pdok.nl/kadaster/brt-top10nl/ogc/v1","TOP10NL_CODE":481,"TOP10NL_TYPE":"hoogspanningsleiding","VISUALISATION_CODE":15210,"VOLTAGE_KV":null},"type":"Feature"},{"geometry":{"coordinates":[[6.017127,50.869522],[6.017158,50.868858]],"type":"LineString"},"id":"f18a9915-e122-58a6-8f03-de632628b73f","properties":{"ASSET_KIND":"official_transmission_line","EVIDENCE":"official","GEOMETRY_CONFIDENCE":"official-top10nl-1:10000-rounded-6dp-no-simplification","HEIGHT_LEVEL":0,"LOCAL_ID":"103194898","MUTATION_TYPE":null,"NAME":null,"NAMESPACE":"NL.TOP10NL","NUMBER":null,"OBJECT_BEGIN_DATE":"2008-11-24","ORIGINAL_ID":"f18a9915-e122-58a6-8f03-de632628b73f","REGION_KEY":"netherlands","REGISTRATION_DATE":"2019-02-01","SOURCE_ACCURACY_M":0.1,"SOURCE_DATE":"2026-06-01","SOURCE_FEATURE_DATE":"2018-01-01","SOURCE_ID":"nl-kadaster-top10nl-high-voltage-2026-06","SOURCE_LICENSE":"CC BY 4.0","SOURCE_METHOD":"luchtfoto","SOURCE_URL":"https://api.pdok.nl/kadaster/brt-top10nl/ogc/v1","TOP10NL_CODE":481,"TOP10NL_TYPE":"hoogspanningsleiding","VISUALISATION_CODE":15210,"VOLTAGE_KV":null},"type":"Feature"},{"geometry":{"coordinates":[[6.084979,51.453595],[6.086346,51.452048]],"type":"LineString"},"id":"f23f025c-67bc-580e-a907-1ae3729eace0","properties":{"ASSET_KIND":"official_transmission_line","EVIDENCE":"official","GEOMETRY_CONFIDENCE":"official-top10nl-1:10000-rounded-6dp-no-simplification","HEIGHT_LEVEL":0,"LOCAL_ID":"122082952","MUTATION_TYPE":null,"NAME":null,"NAMESPACE":"NL.TOP10NL","NUMBER":null,"OBJECT_BEGIN_DATE":"2011-08-25","ORIGINAL_ID":"f23f025c-67bc-580e-a907-1ae3729eace0","REGION_KEY":"netherlands","REGISTRATION_DATE":"2019-02-01","SOURCE_ACCURACY_M":0.1,"SOURCE_DATE":"2026-06-01","SOURCE_FEATURE_DATE":"2018-01-01","SOURCE_ID":"nl-kadaster-top10nl-high-voltage-2026-06","SOURCE_LICENSE":"CC BY 4.0","SOURCE_METHOD":"luchtfoto","SOURCE_URL":"https://api.pdok.nl/kadaster/brt-top10nl/ogc/v1","TOP10NL_CODE":481,"TOP10NL_TYPE":"hoogspanningsleiding","VISUALISATION_CODE":15210,"VOLTAGE_KV":null},"type":"Feature"},{"geometry":{"coordinates":[[4.843296,51.693999],[4.842628,51.695123]],"type":"LineString"},"id":"f2d28497-95ee-5082-a429-7b4cd3e43cb6","properties":{"ASSET_KIND":"official_transmission_line","EVIDENCE":"official","GEOMETRY_CONFIDENCE":"official-top10nl-1:10000-rounded-6dp-no-simplification","HEIGHT_LEVEL":0,"LOCAL_ID":"122083061","MUTATION_TYPE":null,"NAME":null,"NAMESPACE":"NL.TOP10NL","NUMBER":null,"OBJECT_BEGIN_DATE":"2011-08-25","ORIGINAL_ID":"f2d28497-95ee-5082-a429-7b4cd3e43cb6","REGION_KEY":"netherlands","REGISTRATION_DATE":"2019-02-01","SOURCE_ACCURACY_M":0.1,"SOURCE_DATE":"2026-06-01","SOURCE_FEATURE_DATE":"2018-01-01","SOURCE_ID":"nl-kadaster-top10nl-high-voltage-2026-06","SOURCE_LICENSE":"CC BY 4.0","SOURCE_METHOD":"luchtfoto","SOURCE_URL":"https://api.pdok.nl/kadaster/brt-top10nl/ogc/v1","TOP10NL_CODE":481,"TOP10NL_TYPE":"hoogspanningsleiding","VISUALISATION_CODE":15210,"VOLTAGE_KV":null},"type":"Feature"},{"geometry":{"coordinates":[[4.83558,51.700718],[4.83765,51.700457],[4.838906,51.699332],[4.839462,51.698009],[4.840018,51.69671],[4.840237,51.695702]],"type":"LineString"},"id":"f483f473-c84c-5997-9e4f-bb479e4297ba","properties":{"ASSET_KIND":"official_transmission_line","EVIDENCE":"official","GEOMETRY_CONFIDENCE":"official-top10nl-1:10000-rounded-6dp-no-simplification","HEIGHT_LEVEL":0,"LOCAL_ID":"122082946","MUTATION_TYPE":null,"NAME":null,"NAMESPACE":"NL.TOP10NL","NUMBER":null,"OBJECT_BEGIN_DATE":"2011-08-25","ORIGINAL_ID":"f483f473-c84c-5997-9e4f-bb479e4297ba","REGION_KEY":"netherlands","REGISTRATION_DATE":"2019-02-01","SOURCE_ACCURACY_M":0.1,"SOURCE_DATE":"2026-06-01","SOURCE_FEATURE_DATE":"2018-01-01","SOURCE_ID":"nl-kadaster-top10nl-high-voltage-2026-06","SOURCE_LICENSE":"CC BY 4.0","SOURCE_METHOD":"luchtfoto","SOURCE_URL":"https://api.pdok.nl/kadaster/brt-top10nl/ogc/v1","TOP10NL_CODE":481,"TOP10NL_TYPE":"hoogspanningsleiding","VISUALISATION_CODE":15210,"VOLTAGE_KV":null},"type":"Feature"},{"geometry":{"coordinates":[[5.533275,52.574724],[5.530254,52.575931]],"type":"LineString"},"id":"f52959d4-bd0e-5304-96da-c822fb76ec5c","properties":{"ASSET_KIND":"official_transmission_line","EVIDENCE":"official","GEOMETRY_CONFIDENCE":"official-top10nl-1:10000-rounded-6dp-no-simplification","HEIGHT_LEVEL":0,"LOCAL_ID":"125385241","MUTATION_TYPE":null,"NAME":null,"NAMESPACE":"NL.TOP10NL","NUMBER":null,"OBJECT_BEGIN_DATE":"2012-11-05","ORIGINAL_ID":"f52959d4-bd0e-5304-96da-c822fb76ec5c","REGION_KEY":"netherlands","REGISTRATION_DATE":"2019-02-01","SOURCE_ACCURACY_M":0.1,"SOURCE_DATE":"2026-06-01","SOURCE_FEATURE_DATE":"2018-01-01","SOURCE_ID":"nl-kadaster-top10nl-high-voltage-2026-06","SOURCE_LICENSE":"CC BY 4.0","SOURCE_METHOD":"luchtfoto","SOURCE_URL":"https://api.pdok.nl/kadaster/brt-top10nl/ogc/v1","TOP10NL_CODE":481,"TOP10NL_TYPE":"hoogspanningsleiding","VISUALISATION_CODE":15210,"VOLTAGE_KV":null},"type":"Feature"},{"geometry":{"coordinates":[[5.52919,51.447752],[5.527589,51.450297],[5.525889,51.452958],[5.524348,51.455378],[5.522642,51.458026],[5.521104,51.460445],[5.519524,51.462901],[5.51999,51.465539],[5.520303,51.467326],[5.520531,51.468695],[5.521052,51.471616],[5.521562,51.474526],[5.522065,51.477424],[5.523807,51.480175],[5.52556,51.482981],[5.52732,51.485773],[5.529092,51.488568],[5.530822,51.4913],[5.532491,51.493952],[5.534245,51.496736],[5.536,51.499501],[5.536057,51.502275],[5.536127,51.504982],[5.536159,51.507508],[5.536208,51.509646],[5.536277,51.512183],[5.536322,51.514871],[5.536373,51.517604],[5.536461,51.520338],[5.536494,51.523079],[5.536546,51.52591],[5.536616,51.528756],[5.536673,51.531437],[5.536731,51.53431],[5.536776,51.537145],[5.536852,51.540085],[5.536935,51.542973],[5.535268,51.545558],[5.533553,51.548158],[5.531868,51.550761],[5.530147,51.553406],[5.528402,51.556108],[5.526602,51.558888],[5.524796,51.561639],[5.52305,51.564348],[5.521297,51.567061],[5.519527,51.569774],[5.517756,51.572475],[5.515991,51.575184],[5.514214,51.577912],[5.512454,51.580624],[5.510689,51.583341],[5.508935,51.586065],[5.507127,51.588841],[5.505336,51.591603],[5.503678,51.594146],[5.502026,51.596688],[5.499302,51.598964],[5.496529,51.601312],[5.493913,51.603512],[5.491151,51.605852]],"type":"LineString"},"id":"f55326f3-00b4-57c2-9ecf-8f61ab693621","properties":{"ASSET_KIND":"official_transmission_line","EVIDENCE":"official","GEOMETRY_CONFIDENCE":"official-top10nl-1:10000-rounded-6dp-no-simplification","HEIGHT_LEVEL":0,"LOCAL_ID":"122083243","MUTATION_TYPE":null,"NAME":null,"NAMESPACE":"NL.TOP10NL","NUMBER":null,"OBJECT_BEGIN_DATE":"2011-08-25","ORIGINAL_ID":"f55326f3-00b4-57c2-9ecf-8f61ab693621","REGION_KEY":"netherlands","REGISTRATION_DATE":"2019-02-01","SOURCE_ACCURACY_M":0.1,"SOURCE_DATE":"2026-06-01","SOURCE_FEATURE_DATE":"2018-01-01","SOURCE_ID":"nl-kadaster-top10nl-high-voltage-2026-06","SOURCE_LICENSE":"CC BY 4.0","SOURCE_METHOD":"luchtfoto","SOURCE_URL":"https://api.pdok.nl/kadaster/brt-top10nl/ogc/v1","TOP10NL_CODE":481,"TOP10NL_TYPE":"hoogspanningsleiding","VISUALISATION_CODE":15210,"VOLTAGE_KV":null},"type":"Feature"},{"geometry":{"coordinates":[[3.730338,51.43281],[3.732726,51.433249],[3.733562,51.43428],[3.738859,51.435678],[3.744153,51.437071],[3.755069,51.439259],[3.774341,51.443126],[3.778147,51.443889],[3.783732,51.443948],[3.805598,51.444174],[3.813165,51.447164],[3.818492,51.456103],[3.825419,51.4617],[3.828945,51.464534],[3.842703,51.475614],[3.855534,51.481792],[3.881282,51.478761],[3.896783,51.471202],[3.927613,51.468438],[3.941663,51.467176],[3.952208,51.466231],[3.955367,51.466452],[3.959287,51.467027],[3.967085,51.465454],[3.969489,51.465222],[3.974629,51.464628],[3.978137,51.46632],[3.981422,51.467915],[3.984756,51.469526],[3.98796,51.471094],[3.992119,51.471002],[3.997572,51.470897],[4.003335,51.470967],[4.008894,51.471018],[4.014618,51.47113],[4.019884,51.471453],[4.025604,51.471796],[4.029935,51.470486],[4.038001,51.467325],[4.043182,51.465312],[4.048277,51.463308],[4.0637,51.457267],[4.078175,51.451445],[4.09254,51.445657],[4.097845,51.444072],[4.103549,51.442367],[4.113302,51.439453],[4.11893,51.438244],[4.122059,51.43584],[4.124481,51.433984],[4.127057,51.431998],[4.142268,51.426659],[4.177511,51.426433],[4.188791,51.427107],[4.20213,51.426965],[4.205448,51.424284],[4.210557,51.424498],[4.215834,51.424719],[4.217948,51.425099]],"type":"LineString"},"id":"f5b19081-9097-52f7-83c2-2e5c5931c1a0","properties":{"ASSET_KIND":"official_transmission_line","EVIDENCE":"official","GEOMETRY_CONFIDENCE":"official-top10nl-1:10000-rounded-6dp-no-simplification","HEIGHT_LEVEL":0,"LOCAL_ID":"131618518","MUTATION_TYPE":"werkelijke verandering","NAME":null,"NAMESPACE":"NL.TOP10NL","NUMBER":null,"OBJECT_BEGIN_DATE":"2022-02-01","ORIGINAL_ID":"f5b19081-9097-52f7-83c2-2e5c5931c1a0","REGION_KEY":"netherlands","REGISTRATION_DATE":"2026-02-01","SOURCE_ACCURACY_M":0.1,"SOURCE_DATE":"2026-06-01","SOURCE_FEATURE_DATE":"2025-01-01","SOURCE_ID":"nl-kadaster-top10nl-high-voltage-2026-06","SOURCE_LICENSE":"CC BY 4.0","SOURCE_METHOD":"luchtfoto","SOURCE_URL":"https://api.pdok.nl/kadaster/brt-top10nl/ogc/v1","TOP10NL_CODE":481,"TOP10NL_TYPE":"hoogspanningsleiding","VISUALISATION_CODE":15210,"VOLTAGE_KV":null},"type":"Feature"},{"geometry":{"coordinates":[[5.885313,50.854596],[5.885202,50.855309],[5.884731,50.857738],[5.884351,50.859694],[5.883835,50.86242],[5.883306,50.863917],[5.882258,50.866983],[5.881589,50.868923],[5.880804,50.871265],[5.880122,50.873268],[5.87912,50.87614],[5.878274,50.878634],[5.877444,50.88106],[5.876415,50.883966],[5.874722,50.885596],[5.872659,50.887548],[5.870877,50.889223],[5.868954,50.891023],[5.866281,50.893524],[5.863802,50.895901],[5.86209,50.897491],[5.860254,50.899206],[5.85826,50.901113],[5.856125,50.903127],[5.854262,50.904858],[5.852197,50.906822],[5.850423,50.908491],[5.849723,50.909154],[5.848083,50.910709],[5.847992,50.910792],[5.847959,50.910824],[5.847011,50.911706],[5.846343,50.912328],[5.846272,50.912394],[5.846198,50.912462],[5.84554,50.913074],[5.845325,50.91328],[5.843563,50.914964],[5.841426,50.916978],[5.839209,50.919088],[5.836966,50.921209],[5.834722,50.923348],[5.832744,50.925198],[5.830226,50.927574],[5.828167,50.929514],[5.826144,50.931449],[5.824226,50.933236],[5.822194,50.935154],[5.819614,50.936713],[5.817183,50.938108],[5.814568,50.939678],[5.812022,50.941181],[5.809468,50.942728],[5.808226,50.943216]],"type":"LineString"},"id":"f62b79b6-7ef2-5aa6-8d32-986ac8975c52","properties":{"ASSET_KIND":"official_transmission_line","EVIDENCE":"official","GEOMETRY_CONFIDENCE":"official-top10nl-1:10000-rounded-6dp-no-simplification","HEIGHT_LEVEL":0,"LOCAL_ID":"122083180","MUTATION_TYPE":null,"NAME":null,"NAMESPACE":"NL.TOP10NL","NUMBER":null,"OBJECT_BEGIN_DATE":"2011-08-25","ORIGINAL_ID":"f62b79b6-7ef2-5aa6-8d32-986ac8975c52","REGION_KEY":"netherlands","REGISTRATION_DATE":"2020-02-01","SOURCE_ACCURACY_M":0.1,"SOURCE_DATE":"2026-06-01","SOURCE_FEATURE_DATE":"2019-01-01","SOURCE_ID":"nl-kadaster-top10nl-high-voltage-2026-06","SOURCE_LICENSE":"CC BY 4.0","SOURCE_METHOD":"luchtfoto","SOURCE_URL":"https://api.pdok.nl/kadaster/brt-top10nl/ogc/v1","TOP10NL_CODE":481,"TOP10NL_TYPE":"hoogspanningsleiding","VISUALISATION_CODE":15210,"VOLTAGE_KV":null},"type":"Feature"},{"geometry":{"coordinates":[[4.584538,52.179413],[4.579932,52.17739],[4.575079,52.175277]],"type":"LineString"},"id":"f6edeece-db33-588c-95b2-4e8e18af43f4","properties":{"ASSET_KIND":"official_transmission_line","EVIDENCE":"official","GEOMETRY_CONFIDENCE":"official-top10nl-1:10000-rounded-6dp-no-simplification","HEIGHT_LEVEL":0,"LOCAL_ID":"131182990","MUTATION_TYPE":"werkelijke verandering","NAME":null,"NAMESPACE":"NL.TOP10NL","NUMBER":null,"OBJECT_BEGIN_DATE":"2020-06-01","ORIGINAL_ID":"f6edeece-db33-588c-95b2-4e8e18af43f4","REGION_KEY":"netherlands","REGISTRATION_DATE":"2020-06-01","SOURCE_ACCURACY_M":0.1,"SOURCE_DATE":"2026-06-01","SOURCE_FEATURE_DATE":"2019-01-01","SOURCE_ID":"nl-kadaster-top10nl-high-voltage-2026-06","SOURCE_LICENSE":"CC BY 4.0","SOURCE_METHOD":"luchtfoto","SOURCE_URL":"https://api.pdok.nl/kadaster/brt-top10nl/ogc/v1","TOP10NL_CODE":481,"TOP10NL_TYPE":"hoogspanningsleiding","VISUALISATION_CODE":15210,"VOLTAGE_KV":null},"type":"Feature"},{"geometry":{"coordinates":[[5.840354,51.860828],[5.837236,51.858231],[5.836985,51.858022],[5.836836,51.85778]],"type":"LineString"},"id":"f7f30a21-5e26-5844-acf0-ccfbd008dc47","properties":{"ASSET_KIND":"official_transmission_line","EVIDENCE":"official","GEOMETRY_CONFIDENCE":"official-top10nl-1:10000-rounded-6dp-no-simplification","HEIGHT_LEVEL":0,"LOCAL_ID":"130811120","MUTATION_TYPE":"kwaliteitsverbetering","NAME":null,"NAMESPACE":"NL.TOP10NL","NUMBER":null,"OBJECT_BEGIN_DATE":"2019-04-01","ORIGINAL_ID":"f7f30a21-5e26-5844-acf0-ccfbd008dc47","REGION_KEY":"netherlands","REGISTRATION_DATE":"2019-04-01","SOURCE_ACCURACY_M":0.1,"SOURCE_DATE":"2026-06-01","SOURCE_FEATURE_DATE":"2018-01-01","SOURCE_ID":"nl-kadaster-top10nl-high-voltage-2026-06","SOURCE_LICENSE":"CC BY 4.0","SOURCE_METHOD":"luchtfoto","SOURCE_URL":"https://api.pdok.nl/kadaster/brt-top10nl/ogc/v1","TOP10NL_CODE":481,"TOP10NL_TYPE":"hoogspanningsleiding","VISUALISATION_CODE":15210,"VOLTAGE_KV":null},"type":"Feature"},{"geometry":{"coordinates":[[7.004335,52.248455],[7.003833,52.247784],[7.002709,52.246375],[7.001698,52.245105],[7.000772,52.243925],[6.99966,52.242518],[6.998555,52.241124],[6.997443,52.239713],[6.996865,52.238524],[6.996302,52.237339],[6.995651,52.236203],[6.993702,52.23505],[6.991746,52.233888],[6.989818,52.232739],[6.98787,52.231582],[6.985908,52.230442],[6.983943,52.229412],[6.982,52.228412],[6.979374,52.228478],[6.976742,52.228551],[6.974102,52.228608],[6.971393,52.228683],[6.968837,52.228747],[6.966712,52.228465],[6.964579,52.228178],[6.962468,52.227891],[6.960336,52.227613],[6.95889,52.226304],[6.957443,52.225003],[6.957178,52.223388],[6.9569,52.221782],[6.956662,52.220363],[6.956379,52.218821],[6.956129,52.217236],[6.955893,52.21583],[6.955608,52.214241],[6.955503,52.212633],[6.955369,52.211017],[6.95525,52.209392],[6.955132,52.207805],[6.955006,52.206193],[6.954893,52.204576],[6.95476,52.20296],[6.954627,52.201331],[6.953236,52.200225],[6.951831,52.199086],[6.950455,52.197988],[6.948852,52.197008]],"type":"LineString"},"id":"f896216b-201f-5d1c-8e46-0b6c78ae6d17","properties":{"ASSET_KIND":"official_transmission_line","EVIDENCE":"official","GEOMETRY_CONFIDENCE":"official-top10nl-1:10000-rounded-6dp-no-simplification","HEIGHT_LEVEL":0,"LOCAL_ID":"122083229","MUTATION_TYPE":null,"NAME":null,"NAMESPACE":"NL.TOP10NL","NUMBER":null,"OBJECT_BEGIN_DATE":"2011-08-25","ORIGINAL_ID":"f896216b-201f-5d1c-8e46-0b6c78ae6d17","REGION_KEY":"netherlands","REGISTRATION_DATE":"2019-02-01","SOURCE_ACCURACY_M":0.1,"SOURCE_DATE":"2026-06-01","SOURCE_FEATURE_DATE":"2018-01-01","SOURCE_ID":"nl-kadaster-top10nl-high-voltage-2026-06","SOURCE_LICENSE":"CC BY 4.0","SOURCE_METHOD":"luchtfoto","SOURCE_URL":"https://api.pdok.nl/kadaster/brt-top10nl/ogc/v1","TOP10NL_CODE":481,"TOP10NL_TYPE":"hoogspanningsleiding","VISUALISATION_CODE":15210,"VOLTAGE_KV":null},"type":"Feature"},{"geometry":{"coordinates":[[5.686133,51.46366],[5.690891,51.464053]],"type":"LineString"},"id":"f8ea0fa0-5ed1-57c3-86eb-f742f4fbed50","properties":{"ASSET_KIND":"official_transmission_line","EVIDENCE":"official","GEOMETRY_CONFIDENCE":"official-top10nl-1:10000-rounded-6dp-no-simplification","HEIGHT_LEVEL":0,"LOCAL_ID":"120069872","MUTATION_TYPE":null,"NAME":null,"NAMESPACE":"NL.TOP10NL","NUMBER":null,"OBJECT_BEGIN_DATE":"2010-09-01","ORIGINAL_ID":"f8ea0fa0-5ed1-57c3-86eb-f742f4fbed50","REGION_KEY":"netherlands","REGISTRATION_DATE":"2019-02-01","SOURCE_ACCURACY_M":0.1,"SOURCE_DATE":"2026-06-01","SOURCE_FEATURE_DATE":"2018-01-01","SOURCE_ID":"nl-kadaster-top10nl-high-voltage-2026-06","SOURCE_LICENSE":"CC BY 4.0","SOURCE_METHOD":"luchtfoto","SOURCE_URL":"https://api.pdok.nl/kadaster/brt-top10nl/ogc/v1","TOP10NL_CODE":481,"TOP10NL_TYPE":"hoogspanningsleiding","VISUALISATION_CODE":15210,"VOLTAGE_KV":null},"type":"Feature"},{"geometry":{"coordinates":[[6.720412,53.160463],[6.720864,53.16013]],"type":"LineString"},"id":"f92a9502-ce85-5220-96cf-1792749b6949","properties":{"ASSET_KIND":"official_transmission_line","EVIDENCE":"official","GEOMETRY_CONFIDENCE":"official-top10nl-1:10000-rounded-6dp-no-simplification","HEIGHT_LEVEL":0,"LOCAL_ID":"132432656","MUTATION_TYPE":"kwaliteitsverbetering","NAME":null,"NAMESPACE":"NL.TOP10NL","NUMBER":null,"OBJECT_BEGIN_DATE":"2025-06-01","ORIGINAL_ID":"f92a9502-ce85-5220-96cf-1792749b6949","REGION_KEY":"netherlands","REGISTRATION_DATE":"2025-06-01","SOURCE_ACCURACY_M":0.1,"SOURCE_DATE":"2026-06-01","SOURCE_FEATURE_DATE":"2024-01-01","SOURCE_ID":"nl-kadaster-top10nl-high-voltage-2026-06","SOURCE_LICENSE":"CC BY 4.0","SOURCE_METHOD":"luchtfoto","SOURCE_URL":"https://api.pdok.nl/kadaster/brt-top10nl/ogc/v1","TOP10NL_CODE":481,"TOP10NL_TYPE":"hoogspanningsleiding","VISUALISATION_CODE":15210,"VOLTAGE_KV":null},"type":"Feature"},{"geometry":{"coordinates":[[5.735132,51.270994],[5.735028,51.271025],[5.734848,51.271078],[5.734777,51.271099],[5.734725,51.271115],[5.734524,51.271174],[5.734449,51.271196],[5.734376,51.271217],[5.734264,51.27125],[5.733928,51.271349],[5.733709,51.271414],[5.733537,51.271474],[5.732396,51.271871],[5.732305,51.271902],[5.731639,51.272134],[5.731529,51.272172],[5.731402,51.272216],[5.730936,51.272378],[5.730808,51.272423],[5.730216,51.272629],[5.72992,51.27273],[5.726066,51.27405],[5.721694,51.275559],[5.717499,51.277008],[5.713999,51.278215],[5.710103,51.279566],[5.706054,51.280942],[5.702619,51.282616],[5.698351,51.284677],[5.69435,51.286621],[5.690495,51.28848],[5.68655,51.290391],[5.682579,51.292318],[5.678717,51.294197],[5.674631,51.296179],[5.671487,51.297673],[5.667871,51.299428],[5.664248,51.301178],[5.660513,51.302982],[5.656788,51.304789],[5.653043,51.306599],[5.64931,51.308405],[5.645587,51.310198],[5.641844,51.312019],[5.638013,51.313872],[5.634125,51.315743],[5.631512,51.317016],[5.630711,51.317406]],"type":"LineString"},"id":"f9d19c7f-3ac2-58d1-9503-18c88aba75fd","properties":{"ASSET_KIND":"official_transmission_line","EVIDENCE":"official","GEOMETRY_CONFIDENCE":"official-top10nl-1:10000-rounded-6dp-no-simplification","HEIGHT_LEVEL":0,"LOCAL_ID":"122083179","MUTATION_TYPE":null,"NAME":null,"NAMESPACE":"NL.TOP10NL","NUMBER":null,"OBJECT_BEGIN_DATE":"2011-08-25","ORIGINAL_ID":"f9d19c7f-3ac2-58d1-9503-18c88aba75fd","REGION_KEY":"netherlands","REGISTRATION_DATE":"2019-02-01","SOURCE_ACCURACY_M":0.1,"SOURCE_DATE":"2026-06-01","SOURCE_FEATURE_DATE":"2018-01-01","SOURCE_ID":"nl-kadaster-top10nl-high-voltage-2026-06","SOURCE_LICENSE":"CC BY 4.0","SOURCE_METHOD":"luchtfoto","SOURCE_URL":"https://api.pdok.nl/kadaster/brt-top10nl/ogc/v1","TOP10NL_CODE":481,"TOP10NL_TYPE":"hoogspanningsleiding","VISUALISATION_CODE":15210,"VOLTAGE_KV":null},"type":"Feature"},{"geometry":{"coordinates":[[4.99984,52.149955],[5.006099,52.141303],[5.00802,52.138661],[5.009923,52.136015],[5.013747,52.130724]],"type":"LineString"},"id":"fa094c66-ba0b-5df8-8e9b-ae503bafa83a","properties":{"ASSET_KIND":"official_transmission_line","EVIDENCE":"official","GEOMETRY_CONFIDENCE":"official-top10nl-1:10000-rounded-6dp-no-simplification","HEIGHT_LEVEL":0,"LOCAL_ID":"127951265","MUTATION_TYPE":null,"NAME":null,"NAMESPACE":"NL.TOP10NL","NUMBER":null,"OBJECT_BEGIN_DATE":"2014-08-31","ORIGINAL_ID":"fa094c66-ba0b-5df8-8e9b-ae503bafa83a","REGION_KEY":"netherlands","REGISTRATION_DATE":"2018-02-01","SOURCE_ACCURACY_M":0.1,"SOURCE_DATE":"2026-06-01","SOURCE_FEATURE_DATE":"2017-01-01","SOURCE_ID":"nl-kadaster-top10nl-high-voltage-2026-06","SOURCE_LICENSE":"CC BY 4.0","SOURCE_METHOD":"luchtfoto","SOURCE_URL":"https://api.pdok.nl/kadaster/brt-top10nl/ogc/v1","TOP10NL_CODE":481,"TOP10NL_TYPE":"hoogspanningsleiding","VISUALISATION_CODE":15210,"VOLTAGE_KV":null},"type":"Feature"},{"geometry":{"coordinates":[[6.090304,51.919944],[6.086888,51.919047],[6.083427,51.918148],[6.078568,51.917404],[6.073634,51.916643],[6.069378,51.916001],[6.064669,51.91526],[6.05966,51.915884],[6.055122,51.916463],[6.05055,51.917055],[6.045623,51.916293],[6.040682,51.915539],[6.035722,51.914794],[6.031049,51.914073],[6.026102,51.913314],[6.021908,51.912657],[6.017338,51.911964],[6.012754,51.91125],[6.008198,51.910556],[6.003656,51.909858],[6.001054,51.907288],[5.998763,51.905007],[5.996099,51.902323],[5.991748,51.90208],[5.987397,51.901832],[5.984016,51.901642],[5.978962,51.901347],[5.974802,51.901115],[5.970464,51.900794],[5.965429,51.900418],[5.960518,51.900058],[5.955469,51.899673],[5.950428,51.899313],[5.94538,51.898936],[5.940332,51.898563],[5.935277,51.89819],[5.930803,51.896699],[5.926308,51.895217],[5.921821,51.893734],[5.918286,51.892547],[5.914559,51.891306],[5.910148,51.889848],[5.906942,51.888756],[5.902771,51.887364],[5.898176,51.885864],[5.892712,51.88536],[5.887692,51.884896],[5.882666,51.884432],[5.878472,51.884044],[5.874781,51.882118]],"type":"LineString"},"id":"fa0d5a69-7ee6-5319-aa01-049bfc6ace68","properties":{"ASSET_KIND":"official_transmission_line","EVIDENCE":"official","GEOMETRY_CONFIDENCE":"official-top10nl-1:10000-rounded-6dp-no-simplification","HEIGHT_LEVEL":0,"LOCAL_ID":"124489550","MUTATION_TYPE":null,"NAME":null,"NAMESPACE":"NL.TOP10NL","NUMBER":null,"OBJECT_BEGIN_DATE":"2012-06-01","ORIGINAL_ID":"fa0d5a69-7ee6-5319-aa01-049bfc6ace68","REGION_KEY":"netherlands","REGISTRATION_DATE":"2019-02-01","SOURCE_ACCURACY_M":0.1,"SOURCE_DATE":"2026-06-01","SOURCE_FEATURE_DATE":"2018-01-01","SOURCE_ID":"nl-kadaster-top10nl-high-voltage-2026-06","SOURCE_LICENSE":"CC BY 4.0","SOURCE_METHOD":"luchtfoto","SOURCE_URL":"https://api.pdok.nl/kadaster/brt-top10nl/ogc/v1","TOP10NL_CODE":481,"TOP10NL_TYPE":"hoogspanningsleiding","VISUALISATION_CODE":15210,"VOLTAGE_KV":null},"type":"Feature"},{"geometry":{"coordinates":[[4.877199,52.428898],[4.877759,52.428874],[4.881509,52.428853],[4.887138,52.428796],[4.893021,52.428734],[4.896658,52.427848],[4.902086,52.425827],[4.908434,52.425021],[4.912406,52.424062],[4.915568,52.422913],[4.919066,52.42166],[4.923165,52.42016],[4.927784,52.418483],[4.932739,52.416707],[4.937755,52.4149],[4.942108,52.413308],[4.947143,52.411495],[4.952219,52.40965],[4.956948,52.407953],[4.961758,52.406232],[4.966486,52.404516],[4.968708,52.401512],[4.970652,52.398848],[4.972472,52.396388],[4.975061,52.393156],[4.977207,52.390517],[4.979835,52.387284],[4.982391,52.38415],[4.982279,52.38092],[4.982129,52.377311],[4.982749,52.372724],[4.983416,52.367441],[4.984013,52.363188],[4.984481,52.3597],[4.98495,52.356037],[4.985409,52.352405],[4.989465,52.350282],[4.993552,52.348097],[4.997495,52.346011],[5.001499,52.343894],[5.006684,52.341135],[5.010382,52.339134],[5.01143,52.337523]],"type":"LineString"},"id":"fa9396b7-ad28-5808-88b9-1d9e348b9345","properties":{"ASSET_KIND":"official_transmission_line","EVIDENCE":"official","GEOMETRY_CONFIDENCE":"official-top10nl-1:10000-rounded-6dp-no-simplification","HEIGHT_LEVEL":0,"LOCAL_ID":"122083129","MUTATION_TYPE":null,"NAME":null,"NAMESPACE":"NL.TOP10NL","NUMBER":null,"OBJECT_BEGIN_DATE":"2011-08-25","ORIGINAL_ID":"fa9396b7-ad28-5808-88b9-1d9e348b9345","REGION_KEY":"netherlands","REGISTRATION_DATE":"2019-02-01","SOURCE_ACCURACY_M":0.1,"SOURCE_DATE":"2026-06-01","SOURCE_FEATURE_DATE":"2018-01-01","SOURCE_ID":"nl-kadaster-top10nl-high-voltage-2026-06","SOURCE_LICENSE":"CC BY 4.0","SOURCE_METHOD":"luchtfoto","SOURCE_URL":"https://api.pdok.nl/kadaster/brt-top10nl/ogc/v1","TOP10NL_CODE":481,"TOP10NL_TYPE":"hoogspanningsleiding","VISUALISATION_CODE":15210,"VOLTAGE_KV":null},"type":"Feature"},{"geometry":{"coordinates":[[6.250185,51.98155],[6.250843,51.981271]],"type":"LineString"},"id":"fa9903a7-1b2e-59d0-8062-3c87857156b1","properties":{"ASSET_KIND":"official_transmission_line","EVIDENCE":"official","GEOMETRY_CONFIDENCE":"official-top10nl-1:10000-rounded-6dp-no-simplification","HEIGHT_LEVEL":0,"LOCAL_ID":"122083013","MUTATION_TYPE":null,"NAME":null,"NAMESPACE":"NL.TOP10NL","NUMBER":null,"OBJECT_BEGIN_DATE":"2011-08-25","ORIGINAL_ID":"fa9903a7-1b2e-59d0-8062-3c87857156b1","REGION_KEY":"netherlands","REGISTRATION_DATE":"2019-02-01","SOURCE_ACCURACY_M":0.1,"SOURCE_DATE":"2026-06-01","SOURCE_FEATURE_DATE":"2018-01-01","SOURCE_ID":"nl-kadaster-top10nl-high-voltage-2026-06","SOURCE_LICENSE":"CC BY 4.0","SOURCE_METHOD":"luchtfoto","SOURCE_URL":"https://api.pdok.nl/kadaster/brt-top10nl/ogc/v1","TOP10NL_CODE":481,"TOP10NL_TYPE":"hoogspanningsleiding","VISUALISATION_CODE":15210,"VOLTAGE_KV":null},"type":"Feature"},{"geometry":{"coordinates":[[4.484975,51.547113],[4.485056,51.547331],[4.485788,51.550104],[4.48656,51.553007],[4.487297,51.555888],[4.488071,51.558747],[4.485879,51.561147],[4.481516,51.561198],[4.476883,51.561263],[4.472285,51.561317],[4.467684,51.561592],[4.464393,51.561787],[4.461076,51.560925],[4.456743,51.55982],[4.452613,51.558757],[4.448472,51.55769],[4.446882,51.55728],[4.44502,51.554974],[4.442958,51.55244],[4.440873,51.549892],[4.439375,51.548036]],"type":"LineString"},"id":"fa9b0a90-5055-5fe3-b4c2-b21c5ed3e8f3","properties":{"ASSET_KIND":"official_transmission_line","EVIDENCE":"official","GEOMETRY_CONFIDENCE":"official-top10nl-1:10000-rounded-6dp-no-simplification","HEIGHT_LEVEL":0,"LOCAL_ID":"126320353","MUTATION_TYPE":null,"NAME":null,"NAMESPACE":"NL.TOP10NL","NUMBER":null,"OBJECT_BEGIN_DATE":"2013-08-30","ORIGINAL_ID":"fa9b0a90-5055-5fe3-b4c2-b21c5ed3e8f3","REGION_KEY":"netherlands","REGISTRATION_DATE":"2019-02-01","SOURCE_ACCURACY_M":0.1,"SOURCE_DATE":"2026-06-01","SOURCE_FEATURE_DATE":"2018-01-01","SOURCE_ID":"nl-kadaster-top10nl-high-voltage-2026-06","SOURCE_LICENSE":"CC BY 4.0","SOURCE_METHOD":"luchtfoto","SOURCE_URL":"https://api.pdok.nl/kadaster/brt-top10nl/ogc/v1","TOP10NL_CODE":481,"TOP10NL_TYPE":"hoogspanningsleiding","VISUALISATION_CODE":15210,"VOLTAGE_KV":null},"type":"Feature"},{"geometry":{"coordinates":[[6.098665,51.342222],[6.101591,51.34007],[6.104516,51.337926],[6.107531,51.335696],[6.110571,51.333485],[6.113586,51.331271],[6.116594,51.329077],[6.119549,51.326888],[6.122486,51.324739],[6.122222,51.322879],[6.121852,51.322552]],"type":"LineString"},"id":"fb76948a-e207-5b81-83a9-26109965449a","properties":{"ASSET_KIND":"official_transmission_line","EVIDENCE":"official","GEOMETRY_CONFIDENCE":"official-top10nl-1:10000-rounded-6dp-no-simplification","HEIGHT_LEVEL":0,"LOCAL_ID":"122083244","MUTATION_TYPE":null,"NAME":null,"NAMESPACE":"NL.TOP10NL","NUMBER":null,"OBJECT_BEGIN_DATE":"2011-08-25","ORIGINAL_ID":"fb76948a-e207-5b81-83a9-26109965449a","REGION_KEY":"netherlands","REGISTRATION_DATE":"2019-02-01","SOURCE_ACCURACY_M":0.1,"SOURCE_DATE":"2026-06-01","SOURCE_FEATURE_DATE":"2018-01-01","SOURCE_ID":"nl-kadaster-top10nl-high-voltage-2026-06","SOURCE_LICENSE":"CC BY 4.0","SOURCE_METHOD":"luchtfoto","SOURCE_URL":"https://api.pdok.nl/kadaster/brt-top10nl/ogc/v1","TOP10NL_CODE":481,"TOP10NL_TYPE":"hoogspanningsleiding","VISUALISATION_CODE":15210,"VOLTAGE_KV":null},"type":"Feature"},{"geometry":{"coordinates":[[6.536899,52.121014],[6.536798,52.121034],[6.533539,52.122515],[6.529918,52.123559],[6.525651,52.124218],[6.522143,52.126419],[6.519176,52.128319],[6.51625,52.13016],[6.512826,52.132317],[6.510843,52.134911],[6.509322,52.136825],[6.507734,52.138862],[6.506155,52.140894],[6.502497,52.142785],[6.498519,52.144818],[6.494549,52.146829],[6.490596,52.148792],[6.486712,52.150803],[6.482776,52.152797],[6.478874,52.154797],[6.475032,52.156747],[6.471466,52.158588],[6.466994,52.15975],[6.463302,52.160755],[6.458891,52.161938],[6.455312,52.162891],[6.454487,52.163111],[6.450313,52.16424],[6.450072,52.164305],[6.446758,52.165196],[6.445643,52.165495],[6.44537,52.165562],[6.441446,52.166524],[6.437255,52.167543],[6.432119,52.167312],[6.428655,52.167147]],"type":"LineString"},"id":"fbb0ee11-d387-5190-9e2d-dd195acb91a0","properties":{"ASSET_KIND":"official_transmission_line","EVIDENCE":"official","GEOMETRY_CONFIDENCE":"official-top10nl-1:10000-rounded-6dp-no-simplification","HEIGHT_LEVEL":0,"LOCAL_ID":"131921815","MUTATION_TYPE":"werkelijke verandering","NAME":null,"NAMESPACE":"NL.TOP10NL","NUMBER":null,"OBJECT_BEGIN_DATE":"2023-04-01","ORIGINAL_ID":"fbb0ee11-d387-5190-9e2d-dd195acb91a0","REGION_KEY":"netherlands","REGISTRATION_DATE":"2023-04-01","SOURCE_ACCURACY_M":0.1,"SOURCE_DATE":"2026-06-01","SOURCE_FEATURE_DATE":"2022-01-01","SOURCE_ID":"nl-kadaster-top10nl-high-voltage-2026-06","SOURCE_LICENSE":"CC BY 4.0","SOURCE_METHOD":"luchtfoto","SOURCE_URL":"https://api.pdok.nl/kadaster/brt-top10nl/ogc/v1","TOP10NL_CODE":481,"TOP10NL_TYPE":"hoogspanningsleiding","VISUALISATION_CODE":15210,"VOLTAGE_KV":null},"type":"Feature"},{"geometry":{"coordinates":[[4.83558,51.700718],[4.834759,51.700158],[4.834448,51.699947]],"type":"LineString"},"id":"fbdbcd77-4b4f-5042-acb7-ef7d2976e88b","properties":{"ASSET_KIND":"official_transmission_line","EVIDENCE":"official","GEOMETRY_CONFIDENCE":"official-top10nl-1:10000-rounded-6dp-no-simplification","HEIGHT_LEVEL":0,"LOCAL_ID":"122083183","MUTATION_TYPE":null,"NAME":null,"NAMESPACE":"NL.TOP10NL","NUMBER":null,"OBJECT_BEGIN_DATE":"2011-08-25","ORIGINAL_ID":"fbdbcd77-4b4f-5042-acb7-ef7d2976e88b","REGION_KEY":"netherlands","REGISTRATION_DATE":"2019-02-01","SOURCE_ACCURACY_M":0.1,"SOURCE_DATE":"2026-06-01","SOURCE_FEATURE_DATE":"2018-01-01","SOURCE_ID":"nl-kadaster-top10nl-high-voltage-2026-06","SOURCE_LICENSE":"CC BY 4.0","SOURCE_METHOD":"luchtfoto","SOURCE_URL":"https://api.pdok.nl/kadaster/brt-top10nl/ogc/v1","TOP10NL_CODE":481,"TOP10NL_TYPE":"hoogspanningsleiding","VISUALISATION_CODE":15210,"VOLTAGE_KV":null},"type":"Feature"},{"geometry":{"coordinates":[[4.840694,51.695757],[4.840434,51.696871],[4.839897,51.698093],[4.839351,51.699404],[4.838804,51.700663],[4.838211,51.701926],[4.837659,51.705187],[4.838739,51.707625],[4.836901,51.710645],[4.833419,51.715423],[4.83173,51.717674],[4.829404,51.720781],[4.828117,51.722486],[4.824494,51.727322],[4.820961,51.731981],[4.818152,51.735776],[4.814535,51.740592],[4.810943,51.745344],[4.808641,51.748432],[4.807474,51.749994],[4.807291,51.750239],[4.806991,51.750641],[4.806485,51.751319],[4.805922,51.752068],[4.804847,51.7535],[4.804756,51.753621],[4.804649,51.753763],[4.804563,51.753877],[4.803662,51.755072],[4.802624,51.756448],[4.800814,51.758859],[4.798534,51.761951],[4.796483,51.764627],[4.795207,51.766324],[4.792751,51.76737],[4.792011,51.767688]],"type":"LineString"},"id":"fbeaa9fb-2f13-5a79-8ba6-08e9a2b007b2","properties":{"ASSET_KIND":"official_transmission_line","EVIDENCE":"official","GEOMETRY_CONFIDENCE":"official-top10nl-1:10000-rounded-6dp-no-simplification","HEIGHT_LEVEL":0,"LOCAL_ID":"122082984","MUTATION_TYPE":"kwaliteitsverbetering","NAME":null,"NAMESPACE":"NL.TOP10NL","NUMBER":null,"OBJECT_BEGIN_DATE":"2011-08-25","ORIGINAL_ID":"fbeaa9fb-2f13-5a79-8ba6-08e9a2b007b2","REGION_KEY":"netherlands","REGISTRATION_DATE":"2020-06-01","SOURCE_ACCURACY_M":0.1,"SOURCE_DATE":"2026-06-01","SOURCE_FEATURE_DATE":"2019-01-01","SOURCE_ID":"nl-kadaster-top10nl-high-voltage-2026-06","SOURCE_LICENSE":"CC BY 4.0","SOURCE_METHOD":"luchtfoto","SOURCE_URL":"https://api.pdok.nl/kadaster/brt-top10nl/ogc/v1","TOP10NL_CODE":481,"TOP10NL_TYPE":"hoogspanningsleiding","VISUALISATION_CODE":15210,"VOLTAGE_KV":null},"type":"Feature"},{"geometry":{"coordinates":[[6.8672,52.226742],[6.867111,52.226577],[6.865983,52.225778],[6.864821,52.224959],[6.86297,52.224799],[6.861326,52.224659],[6.860444,52.223542],[6.861703,52.222442],[6.862842,52.221062],[6.861582,52.219516],[6.859316,52.219506],[6.856308,52.219154],[6.852995,52.218776],[6.849583,52.218365],[6.847738,52.218186],[6.844177,52.217785],[6.843783,52.217741],[6.840882,52.217388],[6.838015,52.21705],[6.835005,52.216637],[6.832369,52.216276],[6.831608,52.214938],[6.830892,52.214065]],"type":"LineString"},"id":"fbfd9357-556c-5db0-bbb6-beb1fb991de2","properties":{"ASSET_KIND":"official_transmission_line","EVIDENCE":"official","GEOMETRY_CONFIDENCE":"official-top10nl-1:10000-rounded-6dp-no-simplification","HEIGHT_LEVEL":0,"LOCAL_ID":"122083115","MUTATION_TYPE":null,"NAME":null,"NAMESPACE":"NL.TOP10NL","NUMBER":null,"OBJECT_BEGIN_DATE":"2011-08-25","ORIGINAL_ID":"fbfd9357-556c-5db0-bbb6-beb1fb991de2","REGION_KEY":"netherlands","REGISTRATION_DATE":"2019-02-01","SOURCE_ACCURACY_M":0.1,"SOURCE_DATE":"2026-06-01","SOURCE_FEATURE_DATE":"2018-01-01","SOURCE_ID":"nl-kadaster-top10nl-high-voltage-2026-06","SOURCE_LICENSE":"CC BY 4.0","SOURCE_METHOD":"luchtfoto","SOURCE_URL":"https://api.pdok.nl/kadaster/brt-top10nl/ogc/v1","TOP10NL_CODE":481,"TOP10NL_TYPE":"hoogspanningsleiding","VISUALISATION_CODE":15210,"VOLTAGE_KV":null},"type":"Feature"},{"geometry":{"coordinates":[[3.928848,51.458834],[3.92552,51.455754],[3.922282,51.452742],[3.918955,51.449657],[3.915606,51.446562],[3.912324,51.443545],[3.908583,51.441409],[3.904406,51.439019],[3.900266,51.436672],[3.895884,51.434912],[3.891057,51.432939],[3.886109,51.430913],[3.881169,51.428895],[3.876213,51.426887],[3.871297,51.42486],[3.866156,51.423387],[3.860871,51.421863],[3.855686,51.420351],[3.850439,51.418841],[3.845224,51.417328],[3.840549,51.41596],[3.834289,51.415834],[3.828735,51.415731],[3.82315,51.415613],[3.819934,51.41761],[3.815533,51.42034],[3.811492,51.422872],[3.807396,51.425404],[3.803331,51.427932],[3.799234,51.430478],[3.795499,51.432774],[3.790696,51.433534],[3.785785,51.434283],[3.780735,51.435063],[3.776025,51.435766],[3.771167,51.436534],[3.766272,51.437268],[3.760675,51.437857],[3.755671,51.43711],[3.750308,51.43631],[3.744931,51.435505],[3.739584,51.434695],[3.73413,51.433864],[3.730776,51.433346]],"type":"LineString"},"id":"fc23ca4e-5637-5073-83ee-ab7f18c809ff","properties":{"ASSET_KIND":"official_transmission_line","EVIDENCE":"official","GEOMETRY_CONFIDENCE":"official-top10nl-1:10000-rounded-6dp-no-simplification","HEIGHT_LEVEL":0,"LOCAL_ID":"132561596","MUTATION_TYPE":"werkelijke verandering","NAME":null,"NAMESPACE":"NL.TOP10NL","NUMBER":null,"OBJECT_BEGIN_DATE":"2026-02-01","ORIGINAL_ID":"fc23ca4e-5637-5073-83ee-ab7f18c809ff","REGION_KEY":"netherlands","REGISTRATION_DATE":"2026-02-01","SOURCE_ACCURACY_M":0.1,"SOURCE_DATE":"2026-06-01","SOURCE_FEATURE_DATE":"2025-01-01","SOURCE_ID":"nl-kadaster-top10nl-high-voltage-2026-06","SOURCE_LICENSE":"CC BY 4.0","SOURCE_METHOD":"luchtfoto","SOURCE_URL":"https://api.pdok.nl/kadaster/brt-top10nl/ogc/v1","TOP10NL_CODE":481,"TOP10NL_TYPE":"hoogspanningsleiding","VISUALISATION_CODE":15210,"VOLTAGE_KV":null},"type":"Feature"},{"geometry":{"coordinates":[[4.611494,51.596906],[4.611061,51.597763],[4.609471,51.597766]],"type":"LineString"},"id":"fcb0b743-b0f4-578c-9f0e-dd16feea43b4","properties":{"ASSET_KIND":"official_transmission_line","EVIDENCE":"official","GEOMETRY_CONFIDENCE":"official-top10nl-1:10000-rounded-6dp-no-simplification","HEIGHT_LEVEL":0,"LOCAL_ID":"122083086","MUTATION_TYPE":null,"NAME":null,"NAMESPACE":"NL.TOP10NL","NUMBER":null,"OBJECT_BEGIN_DATE":"2011-08-25","ORIGINAL_ID":"fcb0b743-b0f4-578c-9f0e-dd16feea43b4","REGION_KEY":"netherlands","REGISTRATION_DATE":"2019-02-01","SOURCE_ACCURACY_M":0.1,"SOURCE_DATE":"2026-06-01","SOURCE_FEATURE_DATE":"2018-01-01","SOURCE_ID":"nl-kadaster-top10nl-high-voltage-2026-06","SOURCE_LICENSE":"CC BY 4.0","SOURCE_METHOD":"luchtfoto","SOURCE_URL":"https://api.pdok.nl/kadaster/brt-top10nl/ogc/v1","TOP10NL_CODE":481,"TOP10NL_TYPE":"hoogspanningsleiding","VISUALISATION_CODE":15210,"VOLTAGE_KV":null},"type":"Feature"},{"geometry":{"coordinates":[[6.630862,52.356473],[6.630732,52.355828]],"type":"LineString"},"id":"fdea53f0-2368-56a3-9bea-45cd0d824e02","properties":{"ASSET_KIND":"official_transmission_line","EVIDENCE":"official","GEOMETRY_CONFIDENCE":"official-top10nl-1:10000-rounded-6dp-no-simplification","HEIGHT_LEVEL":0,"LOCAL_ID":"132482802","MUTATION_TYPE":"werkelijke verandering","NAME":null,"NAMESPACE":"NL.TOP10NL","NUMBER":null,"OBJECT_BEGIN_DATE":"2025-09-01","ORIGINAL_ID":"fdea53f0-2368-56a3-9bea-45cd0d824e02","REGION_KEY":"netherlands","REGISTRATION_DATE":"2025-09-01","SOURCE_ACCURACY_M":0.1,"SOURCE_DATE":"2026-06-01","SOURCE_FEATURE_DATE":"2024-01-01","SOURCE_ID":"nl-kadaster-top10nl-high-voltage-2026-06","SOURCE_LICENSE":"CC BY 4.0","SOURCE_METHOD":"luchtfoto","SOURCE_URL":"https://api.pdok.nl/kadaster/brt-top10nl/ogc/v1","TOP10NL_CODE":481,"TOP10NL_TYPE":"hoogspanningsleiding","VISUALISATION_CODE":15210,"VOLTAGE_KV":null},"type":"Feature"},{"geometry":{"coordinates":[[6.759425,52.249354],[6.759422,52.249939],[6.757684,52.25184],[6.756132,52.25603],[6.754589,52.260194],[6.752969,52.264573],[6.756402,52.266869],[6.760678,52.269733],[6.765226,52.2728],[6.768454,52.27491]],"type":"LineString"},"id":"fe23dd45-ee0b-5f8f-b1bc-78c8a0894e24","properties":{"ASSET_KIND":"official_transmission_line","EVIDENCE":"official","GEOMETRY_CONFIDENCE":"official-top10nl-1:10000-rounded-6dp-no-simplification","HEIGHT_LEVEL":0,"LOCAL_ID":"122083131","MUTATION_TYPE":null,"NAME":null,"NAMESPACE":"NL.TOP10NL","NUMBER":null,"OBJECT_BEGIN_DATE":"2011-08-25","ORIGINAL_ID":"fe23dd45-ee0b-5f8f-b1bc-78c8a0894e24","REGION_KEY":"netherlands","REGISTRATION_DATE":"2019-02-01","SOURCE_ACCURACY_M":0.1,"SOURCE_DATE":"2026-06-01","SOURCE_FEATURE_DATE":"2018-01-01","SOURCE_ID":"nl-kadaster-top10nl-high-voltage-2026-06","SOURCE_LICENSE":"CC BY 4.0","SOURCE_METHOD":"luchtfoto","SOURCE_URL":"https://api.pdok.nl/kadaster/brt-top10nl/ogc/v1","TOP10NL_CODE":481,"TOP10NL_TYPE":"hoogspanningsleiding","VISUALISATION_CODE":15210,"VOLTAGE_KV":null},"type":"Feature"},{"geometry":{"coordinates":[[5.964194,50.901365],[5.964932,50.900687],[5.966011,50.901515]],"type":"LineString"},"id":"fe597b0e-a5f2-5bd8-aef4-34e9f4fcdd1f","properties":{"ASSET_KIND":"official_transmission_line","EVIDENCE":"official","GEOMETRY_CONFIDENCE":"official-top10nl-1:10000-rounded-6dp-no-simplification","HEIGHT_LEVEL":0,"LOCAL_ID":"122083114","MUTATION_TYPE":null,"NAME":null,"NAMESPACE":"NL.TOP10NL","NUMBER":null,"OBJECT_BEGIN_DATE":"2011-08-25","ORIGINAL_ID":"fe597b0e-a5f2-5bd8-aef4-34e9f4fcdd1f","REGION_KEY":"netherlands","REGISTRATION_DATE":"2019-02-01","SOURCE_ACCURACY_M":0.1,"SOURCE_DATE":"2026-06-01","SOURCE_FEATURE_DATE":"2018-01-01","SOURCE_ID":"nl-kadaster-top10nl-high-voltage-2026-06","SOURCE_LICENSE":"CC BY 4.0","SOURCE_METHOD":"luchtfoto","SOURCE_URL":"https://api.pdok.nl/kadaster/brt-top10nl/ogc/v1","TOP10NL_CODE":481,"TOP10NL_TYPE":"hoogspanningsleiding","VISUALISATION_CODE":15210,"VOLTAGE_KV":null},"type":"Feature"},{"geometry":{"coordinates":[[5.969823,50.90273],[5.966917,50.901724]],"type":"LineString"},"id":"ff6dff90-094d-5419-8a4d-8376ef3b4530","properties":{"ASSET_KIND":"official_transmission_line","EVIDENCE":"official","GEOMETRY_CONFIDENCE":"official-top10nl-1:10000-rounded-6dp-no-simplification","HEIGHT_LEVEL":0,"LOCAL_ID":"122035281","MUTATION_TYPE":null,"NAME":null,"NAMESPACE":"NL.TOP10NL","NUMBER":null,"OBJECT_BEGIN_DATE":"2011-08-25","ORIGINAL_ID":"ff6dff90-094d-5419-8a4d-8376ef3b4530","REGION_KEY":"netherlands","REGISTRATION_DATE":"2019-02-01","SOURCE_ACCURACY_M":0.1,"SOURCE_DATE":"2026-06-01","SOURCE_FEATURE_DATE":"2018-01-01","SOURCE_ID":"nl-kadaster-top10nl-high-voltage-2026-06","SOURCE_LICENSE":"CC BY 4.0","SOURCE_METHOD":"luchtfoto","SOURCE_URL":"https://api.pdok.nl/kadaster/brt-top10nl/ogc/v1","TOP10NL_CODE":481,"TOP10NL_TYPE":"hoogspanningsleiding","VISUALISATION_CODE":15210,"VOLTAGE_KV":null},"type":"Feature"},{"geometry":{"coordinates":[[6.83801,53.29562],[6.838543,53.294953]],"type":"LineString"},"id":"ff6ebd19-e9be-5aa5-b0ad-fe3ae360edd7","properties":{"ASSET_KIND":"official_transmission_line","EVIDENCE":"official","GEOMETRY_CONFIDENCE":"official-top10nl-1:10000-rounded-6dp-no-simplification","HEIGHT_LEVEL":0,"LOCAL_ID":"122082931","MUTATION_TYPE":null,"NAME":null,"NAMESPACE":"NL.TOP10NL","NUMBER":null,"OBJECT_BEGIN_DATE":"2011-08-25","ORIGINAL_ID":"ff6ebd19-e9be-5aa5-b0ad-fe3ae360edd7","REGION_KEY":"netherlands","REGISTRATION_DATE":"2019-02-01","SOURCE_ACCURACY_M":0.1,"SOURCE_DATE":"2026-06-01","SOURCE_FEATURE_DATE":"2018-01-01","SOURCE_ID":"nl-kadaster-top10nl-high-voltage-2026-06","SOURCE_LICENSE":"CC BY 4.0","SOURCE_METHOD":"luchtfoto","SOURCE_URL":"https://api.pdok.nl/kadaster/brt-top10nl/ogc/v1","TOP10NL_CODE":481,"TOP10NL_TYPE":"hoogspanningsleiding","VISUALISATION_CODE":15210,"VOLTAGE_KV":null},"type":"Feature"},{"geometry":{"coordinates":[[4.606913,51.572629],[4.607706,51.573496]],"type":"LineString"},"id":"ff872f77-e9ab-5dfd-ae49-65aa6ee87a59","properties":{"ASSET_KIND":"official_transmission_line","EVIDENCE":"official","GEOMETRY_CONFIDENCE":"official-top10nl-1:10000-rounded-6dp-no-simplification","HEIGHT_LEVEL":0,"LOCAL_ID":"122083201","MUTATION_TYPE":null,"NAME":null,"NAMESPACE":"NL.TOP10NL","NUMBER":null,"OBJECT_BEGIN_DATE":"2011-08-25","ORIGINAL_ID":"ff872f77-e9ab-5dfd-ae49-65aa6ee87a59","REGION_KEY":"netherlands","REGISTRATION_DATE":"2019-02-01","SOURCE_ACCURACY_M":0.1,"SOURCE_DATE":"2026-06-01","SOURCE_FEATURE_DATE":"2018-01-01","SOURCE_ID":"nl-kadaster-top10nl-high-voltage-2026-06","SOURCE_LICENSE":"CC BY 4.0","SOURCE_METHOD":"luchtfoto","SOURCE_URL":"https://api.pdok.nl/kadaster/brt-top10nl/ogc/v1","TOP10NL_CODE":481,"TOP10NL_TYPE":"hoogspanningsleiding","VISUALISATION_CODE":15210,"VOLTAGE_KV":null},"type":"Feature"},{"geometry":{"coordinates":[[6.926519,52.761833],[6.927377,52.762057],[6.931422,52.760816],[6.93669,52.759257],[6.941735,52.757733],[6.946552,52.759399],[6.951758,52.761165],[6.956965,52.762975],[6.961678,52.76462],[6.966484,52.766278],[6.970694,52.767721],[6.970552,52.770813],[6.970401,52.774014],[6.970254,52.777158],[6.970121,52.780332],[6.969954,52.783435],[6.969814,52.786583],[6.969673,52.789723],[6.969551,52.792867],[6.969385,52.795997],[6.969227,52.799164],[6.969086,52.8023],[6.96896,52.805272],[6.968952,52.805463],[6.965558,52.807838],[6.965414,52.807941],[6.962123,52.810289],[6.961721,52.810574],[6.961547,52.810697],[6.959725,52.811985],[6.958639,52.812752],[6.957868,52.813293],[6.957804,52.813338],[6.95773,52.81339],[6.95678,52.814056],[6.955862,52.8147],[6.955166,52.815189],[6.954519,52.815646],[6.954419,52.815717],[6.954178,52.815888],[6.954034,52.81599],[6.95329,52.816516],[6.953156,52.816611],[6.952552,52.817038],[6.952275,52.817235],[6.952171,52.817308],[6.952019,52.817416],[6.951549,52.817748],[6.94992,52.818905],[6.949844,52.818959],[6.948069,52.82022],[6.947985,52.820279],[6.947944,52.820308],[6.947893,52.820344],[6.947813,52.820401],[6.947718,52.820469]],"type":"LineString"},"id":"ffda15ac-878e-50cf-b00e-bf0f35a67e25","properties":{"ASSET_KIND":"official_transmission_line","EVIDENCE":"official","GEOMETRY_CONFIDENCE":"official-top10nl-1:10000-rounded-6dp-no-simplification","HEIGHT_LEVEL":0,"LOCAL_ID":"122082935","MUTATION_TYPE":"werkelijke verandering","NAME":null,"NAMESPACE":"NL.TOP10NL","NUMBER":null,"OBJECT_BEGIN_DATE":"2011-08-25","ORIGINAL_ID":"ffda15ac-878e-50cf-b00e-bf0f35a67e25","REGION_KEY":"netherlands","REGISTRATION_DATE":"2022-02-01","SOURCE_ACCURACY_M":0.1,"SOURCE_DATE":"2026-06-01","SOURCE_FEATURE_DATE":"2021-01-01","SOURCE_ID":"nl-kadaster-top10nl-high-voltage-2026-06","SOURCE_LICENSE":"CC BY 4.0","SOURCE_METHOD":"luchtfoto","SOURCE_URL":"https://api.pdok.nl/kadaster/brt-top10nl/ogc/v1","TOP10NL_CODE":481,"TOP10NL_TYPE":"hoogspanningsleiding","VISUALISATION_CODE":15210,"VOLTAGE_KV":null},"type":"Feature"}],"name":"netherlands_official_grid","source":{"api":"https://api.pdok.nl/kadaster/brt-top10nl/ogc/v1","collection":"inrichtingselement_lijn","date":"2026-06-01","id":"nl-kadaster-top10nl-high-voltage-2026-06","licence":"CC BY 4.0","licence_url":"https://creativecommons.org/licenses/by/4.0/","publisher":"Kadaster (Basisregistratie Topografie)","selected_type":"hoogspanningsleiding","title":"BRT TOP10NL"},"type":"FeatureCollection"}
